ano,mes,data,regiao,uf,setor_consumo,consumo_milhoes_litros,desperdicio_percentual,reservatorios_percentual,chuva_mm,temperatura_media,populacao,consumo_per_capita,nivel_alerta
2015,1,2015-01-01,Norte,AM,Público,6.64,18.56,52.75,316.7,26.1,2440046,244.63,Médio
2015,1,2015-01-01,Norte,PA,Agrícola,19.81,9.63,21.75,190.0,24.4,2340035,143.77,Crítico
2015,1,2015-01-01,Norte,PA,Agrícola,20.54,28.69,25.44,163.5,27.4,5917187,318.44,Baixo
2015,1,2015-01-01,Norte,RO,Residencial,30.18,15.75,54.9,30.9,22.7,1950109,313.67,Baixo
2015,1,2015-01-01,Norte,TO,Comercial,34.61,17.66,50.44,136.6,25.2,3246728,380.89,Alto
2015,1,2015-01-01,Nordeste,BA,Residencial,27.49,9.72,95.72,211.0,25.6,5324762,232.78,Crítico
2015,1,2015-01-01,Nordeste,BA,Agrícola,36.81,10.64,47.86,239.1,29.8,3350738,404.74,Baixo
2015,1,2015-01-01,Nordeste,PE,Público,34.21,49.5,73.16,118.0,26.9,484431,299.62,Crítico
2015,1,2015-01-01,Nordeste,PE,Comercial,26.79,26.81,74.91,174.6,30.4,514802,304.74,Baixo
2015,1,2015-01-01,Nordeste,CE,Agrícola,36.63,33.53,9.2,60.3,21.0,5921964,439.24,Alto
2015,1,2015-01-01,Nordeste,CE,Residencial,38.76,54.12,63.54,90.3,26.9,566759,125.1,Alto
2015,1,2015-01-01,Nordeste,MA,Público,39.83,30.29,11.31,105.3,26.3,4227538,214.42,Crítico
2015,1,2015-01-01,Nordeste,PB,Agrícola,10.54,11.61,33.62,99.1,26.5,4547206,284.05,Alto
2015,1,2015-01-01,Centro-Oeste,DF,Agrícola,35.98,22.65,64.61,101.4,22.1,3881917,166.73,Médio
2015,1,2015-01-01,Centro-Oeste,GO,Público,35.19,17.55,42.62,67.8,28.2,5089834,123.68,Baixo
2015,1,2015-01-01,Centro-Oeste,GO,Industrial,32.37,24.1,12.6,140.2,25.2,2073082,96.69,Crítico
2015,1,2015-01-01,Centro-Oeste,MT,Industrial,10.53,14.76,84.46,162.4,22.9,3522216,178.72,Baixo
2015,1,2015-01-01,Centro-Oeste,MS,Industrial,3.81,36.34,52.66,81.4,29.5,400968,347.37,Crítico
2015,1,2015-01-01,Sudeste,SP,Comercial,6.95,12.45,88.29,60.1,27.6,2714307,190.26,Alto
2015,1,2015-01-01,Sudeste,SP,Residencial,20.31,9.23,25.14,162.7,25.0,4517762,399.07,Médio
2015,1,2015-01-01,Sudeste,SP,Público,34.41,38.98,42.03,76.4,27.7,4378498,333.54,Médio
2015,1,2015-01-01,Sudeste,RJ,Residencial,27.68,7.1,67.45,80.6,24.5,5970793,393.12,Baixo
2015,1,2015-01-01,Sudeste,RJ,Público,22.2,26.7,92.8,304.9,24.4,4349820,188.42,Baixo
2015,1,2015-01-01,Sudeste,RJ,Residencial,15.12,19.36,60.37,31.9,25.4,5418350,107.01,Crítico
2015,1,2015-01-01,Sudeste,RJ,Industrial,10.28,48.66,8.49,115.2,24.1,3954189,225.52,Baixo
2015,1,2015-01-01,Sudeste,MG,Público,5.95,51.19,62.88,223.8,29.2,1280666,106.68,Baixo
2015,1,2015-01-01,Sudeste,MG,Agrícola,36.13,38.26,24.33,44.2,29.8,4373628,353.95,Médio
2015,1,2015-01-01,Sudeste,MG,Agrícola,26.73,42.07,65.25,137.6,28.0,4639393,149.15,Baixo
2015,1,2015-01-01,Sudeste,ES,Comercial,12.44,33.12,88.63,34.6,23.8,4143925,340.17,Crítico
2015,1,2015-01-01,Sudeste,ES,Público,4.14,39.48,58.18,55.7,27.5,1986520,351.44,Baixo
2015,1,2015-01-01,Sudeste,ES,Público,31.95,29.23,68.27,35.5,28.5,4312914,98.17,Crítico
2015,1,2015-01-01,Sul,PR,Comercial,35.27,20.92,96.69,72.6,22.5,4327651,358.14,Médio
2015,1,2015-01-01,Sul,PR,Agrícola,2.88,30.55,93.78,74.4,20.0,2139411,125.96,Médio
2015,1,2015-01-01,Sul,SC,Industrial,21.6,5.87,59.03,156.0,22.4,3894474,89.86,Baixo
2015,1,2015-01-01,Sul,SC,Público,10.41,45.63,33.77,314.7,25.3,1947131,139.95,Médio
2015,1,2015-01-01,Sul,RS,Residencial,32.17,24.77,62.77,55.0,22.5,4792208,80.72,Baixo
2015,1,2015-01-01,Sul,RS,Residencial,10.35,47.02,87.14,164.2,26.2,5858450,371.29,Médio
2015,2,2015-02-01,Norte,AM,Industrial,33.52,11.25,95.54,86.7,19.1,2318209,381.55,Crítico
2015,2,2015-02-01,Norte,PA,Industrial,4.29,54.24,52.33,54.4,25.7,2195633,204.14,Médio
2015,2,2015-02-01,Norte,PA,Comercial,31.89,12.02,31.58,72.4,24.0,1803174,311.94,Crítico
2015,2,2015-02-01,Norte,RO,Agrícola,33.17,35.73,11.17,65.0,28.7,712557,203.56,Médio
2015,2,2015-02-01,Norte,TO,Residencial,27.79,34.19,21.09,120.7,25.9,5496293,298.17,Médio
2015,2,2015-02-01,Nordeste,BA,Público,10.15,11.66,35.01,110.8,27.4,2546576,210.77,Crítico
2015,2,2015-02-01,Nordeste,BA,Industrial,37.24,33.01,47.23,147.6,21.2,5359381,148.01,Alto
2015,2,2015-02-01,Nordeste,PE,Residencial,30.2,10.94,97.96,76.5,24.4,1731814,146.4,Baixo
2015,2,2015-02-01,Nordeste,PE,Público,2.25,31.79,7.17,152.2,29.5,558064,199.46,Crítico
2015,2,2015-02-01,Nordeste,CE,Agrícola,13.7,13.19,7.37,53.6,24.1,1006285,151.81,Baixo
2015,2,2015-02-01,Nordeste,CE,Residencial,34.22,6.74,52.86,89.3,26.8,3943550,319.79,Baixo
2015,2,2015-02-01,Nordeste,MA,Agrícola,3.75,46.87,74.48,190.6,31.7,1414155,87.95,Médio
2015,2,2015-02-01,Nordeste,PB,Industrial,33.6,28.22,90.13,85.0,26.6,5596631,103.25,Baixo
2015,2,2015-02-01,Centro-Oeste,DF,Residencial,22.88,25.54,47.97,117.6,27.6,2430331,264.09,Crítico
2015,2,2015-02-01,Centro-Oeste,GO,Comercial,34.89,51.3,62.57,115.8,18.5,172221,114.21,Alto
2015,2,2015-02-01,Centro-Oeste,GO,Industrial,20.24,33.11,76.38,113.6,25.6,3004323,232.72,Crítico
2015,2,2015-02-01,Centro-Oeste,MT,Residencial,28.39,53.2,90.62,29.8,29.2,3138903,354.43,Crítico
2015,2,2015-02-01,Centro-Oeste,MS,Público,28.55,45.94,63.67,180.4,26.6,4222799,323.88,Alto
2015,2,2015-02-01,Sudeste,SP,Industrial,38.31,32.75,9.06,76.1,27.0,5209182,105.23,Médio
2015,2,2015-02-01,Sudeste,SP,Industrial,32.74,22.39,63.81,101.4,32.4,911848,144.48,Alto
2015,2,2015-02-01,Sudeste,SP,Residencial,17.06,45.03,6.01,108.5,23.5,1162511,157.25,Médio
2015,2,2015-02-01,Sudeste,RJ,Comercial,22.78,16.52,27.86,102.0,29.5,5981031,282.68,Crítico
2015,2,2015-02-01,Sudeste,RJ,Industrial,17.31,21.97,31.96,172.7,23.2,2751637,191.41,Baixo
2015,2,2015-02-01,Sudeste,RJ,Agrícola,3.53,16.7,33.06,96.7,21.2,1023036,355.81,Alto
2015,2,2015-02-01,Sudeste,RJ,Comercial,4.68,33.16,89.19,50.9,24.8,4402768,397.24,Alto
2015,2,2015-02-01,Sudeste,MG,Industrial,18.19,34.36,87.12,114.5,25.4,2017448,90.57,Baixo
2015,2,2015-02-01,Sudeste,MG,Comercial,3.69,38.93,21.83,153.5,24.9,1427387,352.3,Médio
2015,2,2015-02-01,Sudeste,MG,Agrícola,34.21,19.9,18.93,54.4,28.2,1588222,307.4,Baixo
2015,2,2015-02-01,Sudeste,ES,Agrícola,3.37,36.07,82.16,66.2,28.6,5360516,101.75,Alto
2015,2,2015-02-01,Sudeste,ES,Industrial,8.0,37.12,69.31,29.0,30.7,504172,445.06,Crítico
2015,2,2015-02-01,Sudeste,ES,Residencial,24.06,10.03,17.59,125.8,23.7,3172540,418.96,Médio
2015,2,2015-02-01,Sul,PR,Público,4.64,46.1,37.94,120.5,27.1,2116866,145.71,Crítico
2015,2,2015-02-01,Sul,PR,Público,23.71,26.61,45.4,18.4,31.4,3994485,339.95,Alto
2015,2,2015-02-01,Sul,SC,Público,10.91,41.04,9.92,47.5,28.3,3348400,403.5,Médio
2015,2,2015-02-01,Sul,SC,Agrícola,34.51,34.79,60.27,38.7,25.4,5327219,359.44,Crítico
2015,2,2015-02-01,Sul,RS,Residencial,12.45,50.34,83.35,52.4,20.4,5988351,414.52,Alto
2015,2,2015-02-01,Sul,RS,Industrial,18.26,8.79,59.53,77.9,22.1,5707161,389.8,Alto
2015,3,2015-03-01,Norte,AM,Agrícola,19.31,20.47,53.14,38.4,27.9,837309,120.58,Alto
2015,3,2015-03-01,Norte,PA,Residencial,4.53,23.98,51.23,10.3,26.9,724950,344.33,Médio
2015,3,2015-03-01,Norte,PA,Público,24.47,46.58,35.58,85.4,27.3,3174822,448.47,Alto
2015,3,2015-03-01,Norte,RO,Residencial,5.01,40.16,8.41,105.5,25.5,5524014,238.03,Alto
2015,3,2015-03-01,Norte,TO,Agrícola,7.38,32.8,13.12,74.0,25.1,5650893,84.19,Alto
2015,3,2015-03-01,Nordeste,BA,Agrícola,13.25,34.37,34.99,49.7,24.3,4897329,278.46,Médio
2015,3,2015-03-01,Nordeste,BA,Comercial,11.85,50.7,62.47,66.1,28.0,4059913,391.01,Crítico
2015,3,2015-03-01,Nordeste,PE,Agrícola,21.9,13.2,56.69,91.8,19.5,4499487,360.37,Alto
2015,3,2015-03-01,Nordeste,PE,Comercial,37.87,33.77,46.61,95.6,27.7,2905859,294.46,Baixo
2015,3,2015-03-01,Nordeste,CE,Industrial,30.93,30.41,13.58,111.1,28.5,3224944,81.96,Crítico
2015,3,2015-03-01,Nordeste,CE,Residencial,18.68,36.71,98.33,68.0,20.8,4824172,323.61,Crítico
2015,3,2015-03-01,Nordeste,MA,Residencial,34.76,16.04,46.27,55.3,26.4,3443733,409.99,Alto
2015,3,2015-03-01,Nordeste,PB,Agrícola,17.0,12.3,32.39,106.6,24.8,2318748,398.76,Baixo
2015,3,2015-03-01,Centro-Oeste,DF,Agrícola,12.82,31.18,99.01,23.6,26.5,1558956,433.53,Crítico
2015,3,2015-03-01,Centro-Oeste,GO,Comercial,17.93,46.61,98.17,147.4,27.1,869191,174.82,Médio
2015,3,2015-03-01,Centro-Oeste,GO,Residencial,3.78,22.67,91.82,112.8,27.6,5626258,131.03,Médio
2015,3,2015-03-01,Centro-Oeste,MT,Residencial,27.73,48.05,62.33,197.5,30.5,5665757,287.2,Alto
2015,3,2015-03-01,Centro-Oeste,MS,Agrícola,34.35,33.68,89.24,57.3,25.7,1191849,346.28,Médio
2015,3,2015-03-01,Sudeste,SP,Agrícola,31.8,51.02,50.61,75.9,21.8,3882607,357.92,Médio
2015,3,2015-03-01,Sudeste,SP,Público,33.8,46.49,74.2,129.0,25.4,3646860,430.58,Crítico
2015,3,2015-03-01,Sudeste,SP,Agrícola,28.65,47.25,11.56,110.5,27.6,5310387,408.31,Baixo
2015,3,2015-03-01,Sudeste,RJ,Industrial,16.64,19.3,51.0,89.6,25.8,5049690,133.03,Crítico
2015,3,2015-03-01,Sudeste,RJ,Público,23.84,21.45,62.79,58.7,25.6,2552537,431.63,Alto
2015,3,2015-03-01,Sudeste,RJ,Comercial,16.46,8.53,62.64,45.0,25.4,3311747,386.96,Crítico
2015,3,2015-03-01,Sudeste,RJ,Residencial,9.52,10.18,34.66,131.2,28.9,927917,126.65,Crítico
2015,3,2015-03-01,Sudeste,MG,Industrial,14.9,30.02,30.22,48.1,26.1,4361143,308.21,Médio
2015,3,2015-03-01,Sudeste,MG,Agrícola,33.92,19.48,76.07,27.2,24.5,3567860,179.82,Médio
2015,3,2015-03-01,Sudeste,MG,Agrícola,6.21,26.19,46.55,79.1,21.7,2225577,293.99,Alto
2015,3,2015-03-01,Sudeste,ES,Industrial,12.92,50.29,88.81,113.1,25.8,2237520,416.13,Baixo
2015,3,2015-03-01,Sudeste,ES,Agrícola,7.13,33.77,92.56,43.3,33.4,5341235,294.48,Baixo
2015,3,2015-03-01,Sudeste,ES,Residencial,31.89,30.36,86.17,60.4,29.9,2934794,185.48,Crítico
2015,3,2015-03-01,Sul,PR,Público,9.29,49.97,54.1,201.4,28.9,1508881,329.55,Crítico
2015,3,2015-03-01,Sul,PR,Residencial,25.88,45.87,94.19,115.2,22.3,2441133,238.76,Médio
2015,3,2015-03-01,Sul,SC,Residencial,16.67,29.22,16.1,100.2,27.3,2839126,233.26,Crítico
2015,3,2015-03-01,Sul,SC,Comercial,15.35,20.0,97.7,47.2,29.4,5673148,445.68,Baixo
2015,3,2015-03-01,Sul,RS,Público,22.31,48.31,12.16,95.8,27.0,1875398,438.45,Alto
2015,3,2015-03-01,Sul,RS,Público,32.68,37.18,90.15,45.5,25.2,1433957,132.15,Crítico
2015,4,2015-04-01,Norte,AM,Agrícola,7.33,22.69,80.73,160.8,24.4,5652475,153.67,Alto
2015,4,2015-04-01,Norte,PA,Público,30.82,28.42,74.48,239.2,27.0,754489,427.62,Alto
2015,4,2015-04-01,Norte,PA,Comercial,4.18,36.85,83.54,148.1,31.7,4747746,370.89,Médio
2015,4,2015-04-01,Norte,RO,Residencial,32.87,19.44,24.6,62.6,23.3,275842,302.36,Alto
2015,4,2015-04-01,Norte,TO,Agrícola,13.9,31.39,99.98,237.5,23.6,2758527,286.06,Alto
2015,4,2015-04-01,Nordeste,BA,Comercial,37.11,17.06,35.33,118.2,26.0,4250036,101.44,Crítico
2015,4,2015-04-01,Nordeste,BA,Público,25.8,17.05,62.74,114.4,23.1,3425092,327.93,Baixo
2015,4,2015-04-01,Nordeste,PE,Comercial,28.63,50.34,13.2,85.8,28.3,3851630,407.21,Alto
2015,4,2015-04-01,Nordeste,PE,Agrícola,21.16,12.67,18.5,104.1,23.4,3192679,350.62,Baixo
2015,4,2015-04-01,Nordeste,CE,Residencial,2.81,12.79,77.81,67.4,26.4,3482209,216.19,Médio
2015,4,2015-04-01,Nordeste,CE,Agrícola,32.74,19.45,59.47,50.7,25.9,3365935,99.27,Médio
2015,4,2015-04-01,Nordeste,MA,Industrial,17.47,9.34,7.8,93.8,27.6,1945561,382.01,Alto
2015,4,2015-04-01,Nordeste,PB,Residencial,10.16,24.51,75.87,64.1,22.3,4146568,161.78,Alto
2015,4,2015-04-01,Centro-Oeste,DF,Industrial,13.52,23.66,94.33,141.2,22.6,1381494,173.79,Baixo
2015,4,2015-04-01,Centro-Oeste,GO,Agrícola,12.4,18.85,89.23,139.9,20.8,3864100,243.24,Médio
2015,4,2015-04-01,Centro-Oeste,GO,Residencial,17.41,11.79,62.99,95.0,24.5,3080485,206.33,Alto
2015,4,2015-04-01,Centro-Oeste,MT,Comercial,33.46,53.67,42.97,72.0,28.9,5490920,217.1,Crítico
2015,4,2015-04-01,Centro-Oeste,MS,Agrícola,34.64,39.66,86.25,43.1,28.2,5155229,402.71,Crítico
2015,4,2015-04-01,Sudeste,SP,Residencial,36.13,40.81,45.95,88.6,23.8,5859256,180.95,Crítico
2015,4,2015-04-01,Sudeste,SP,Residencial,4.68,43.7,83.51,38.6,26.2,4419581,375.02,Baixo
2015,4,2015-04-01,Sudeste,SP,Residencial,10.95,23.06,20.75,136.9,28.5,891304,118.09,Crítico
2015,4,2015-04-01,Sudeste,RJ,Público,19.64,54.11,66.08,76.3,25.6,4003882,385.13,Médio
2015,4,2015-04-01,Sudeste,RJ,Público,15.44,23.95,5.19,110.9,25.9,2215842,234.93,Baixo
2015,4,2015-04-01,Sudeste,RJ,Residencial,14.43,19.1,53.7,73.4,26.3,639317,449.57,Médio
2015,4,2015-04-01,Sudeste,RJ,Comercial,37.57,48.76,81.68,49.0,25.1,1544067,161.18,Médio
2015,4,2015-04-01,Sudeste,MG,Comercial,38.41,15.86,16.33,218.4,28.7,1922056,433.37,Baixo
2015,4,2015-04-01,Sudeste,MG,Industrial,9.06,11.19,50.1,100.5,22.8,1982637,195.09,Baixo
2015,4,2015-04-01,Sudeste,MG,Público,36.43,37.19,94.91,91.2,28.4,1764141,183.85,Alto
2015,4,2015-04-01,Sudeste,ES,Residencial,27.72,13.61,42.52,181.0,23.8,3033158,384.22,Crítico
2015,4,2015-04-01,Sudeste,ES,Residencial,10.93,35.19,75.56,109.7,25.4,4177646,378.8,Crítico
2015,4,2015-04-01,Sudeste,ES,Público,20.68,13.14,68.8,102.5,27.8,631594,206.75,Alto
2015,4,2015-04-01,Sul,PR,Público,8.31,12.6,49.96,72.4,24.1,4727653,156.43,Baixo
2015,4,2015-04-01,Sul,PR,Agrícola,22.52,24.57,76.55,125.0,20.6,5463623,126.51,Alto
2015,4,2015-04-01,Sul,SC,Residencial,36.81,19.48,51.04,144.2,26.4,5186011,315.63,Médio
2015,4,2015-04-01,Sul,SC,Público,13.92,16.3,50.21,136.1,26.9,3853096,187.67,Alto
2015,4,2015-04-01,Sul,RS,Industrial,10.03,51.93,10.46,219.0,22.4,5510113,202.86,Baixo
2015,4,2015-04-01,Sul,RS,Público,10.78,45.14,11.52,82.0,27.6,2881974,169.05,Médio
2015,5,2015-05-01,Norte,AM,Comercial,17.0,53.06,34.9,74.9,24.4,2693358,193.72,Médio
2015,5,2015-05-01,Norte,PA,Industrial,7.18,37.19,94.75,131.8,32.0,491423,344.83,Baixo
2015,5,2015-05-01,Norte,PA,Comercial,6.39,16.63,9.2,40.2,25.4,2678598,212.79,Alto
2015,5,2015-05-01,Norte,RO,Residencial,39.89,13.51,56.63,171.6,27.5,2375479,118.18,Médio
2015,5,2015-05-01,Norte,TO,Residencial,18.09,46.02,34.35,122.8,23.0,3714628,328.87,Baixo
2015,5,2015-05-01,Nordeste,BA,Público,34.0,40.61,74.67,85.7,23.8,3308745,300.43,Baixo
2015,5,2015-05-01,Nordeste,BA,Industrial,16.72,26.58,51.54,31.3,23.4,4313196,431.5,Crítico
2015,5,2015-05-01,Nordeste,PE,Comercial,37.5,11.89,10.86,123.0,24.8,5021263,237.43,Alto
2015,5,2015-05-01,Nordeste,PE,Comercial,12.82,15.05,26.56,190.2,28.1,159333,387.04,Médio
2015,5,2015-05-01,Nordeste,CE,Público,28.67,49.8,89.66,18.7,25.9,2601060,400.67,Baixo
2015,5,2015-05-01,Nordeste,CE,Agrícola,2.79,47.62,51.1,99.5,23.8,2359524,99.63,Alto
2015,5,2015-05-01,Nordeste,MA,Industrial,34.38,18.07,24.64,110.9,25.2,3921779,226.38,Médio
2015,5,2015-05-01,Nordeste,PB,Público,9.06,28.12,51.44,91.6,23.5,3982445,214.64,Crítico
2015,5,2015-05-01,Centro-Oeste,DF,Residencial,32.98,9.62,62.9,44.3,27.6,782811,425.45,Alto
2015,5,2015-05-01,Centro-Oeste,GO,Agrícola,37.89,16.57,33.87,69.2,25.6,1584415,434.87,Médio
2015,5,2015-05-01,Centro-Oeste,GO,Agrícola,31.88,11.49,5.8,59.4,26.8,1932418,189.28,Alto
2015,5,2015-05-01,Centro-Oeste,MT,Residencial,19.75,50.26,31.17,150.1,30.9,303623,334.72,Médio
2015,5,2015-05-01,Centro-Oeste,MS,Agrícola,35.19,23.32,22.76,53.5,32.1,3262308,318.49,Baixo
2015,5,2015-05-01,Sudeste,SP,Agrícola,5.15,22.73,64.69,109.2,21.0,5797222,351.8,Baixo
2015,5,2015-05-01,Sudeste,SP,Comercial,34.24,13.27,23.25,189.5,23.6,1259972,137.34,Alto
2015,5,2015-05-01,Sudeste,SP,Comercial,28.16,7.98,42.42,70.2,28.1,4211279,425.67,Baixo
2015,5,2015-05-01,Sudeste,RJ,Agrícola,25.4,14.36,56.17,249.8,29.6,5424124,420.47,Crítico
2015,5,2015-05-01,Sudeste,RJ,Comercial,25.54,7.53,91.63,39.2,24.1,669999,439.01,Médio
2015,5,2015-05-01,Sudeste,RJ,Agrícola,6.14,18.01,39.38,51.4,23.2,3686331,384.47,Médio
2015,5,2015-05-01,Sudeste,RJ,Industrial,30.5,43.22,18.39,70.8,26.7,5148060,285.05,Baixo
2015,5,2015-05-01,Sudeste,MG,Comercial,39.25,41.81,23.08,59.0,29.0,586036,211.21,Baixo
2015,5,2015-05-01,Sudeste,MG,Residencial,16.94,9.76,19.87,109.3,25.1,2278839,371.47,Baixo
2015,5,2015-05-01,Sudeste,MG,Público,6.08,53.04,48.46,158.3,27.8,4510089,438.28,Crítico
2015,5,2015-05-01,Sudeste,ES,Residencial,15.83,46.61,32.55,115.7,23.2,4041914,220.56,Baixo
2015,5,2015-05-01,Sudeste,ES,Industrial,11.02,39.97,20.64,18.1,28.2,4544037,198.67,Alto
2015,5,2015-05-01,Sudeste,ES,Comercial,31.94,46.61,9.17,193.5,29.5,3754915,431.57,Alto
2015,5,2015-05-01,Sul,PR,Agrícola,13.62,33.59,36.69,145.6,24.5,4023102,227.94,Alto
2015,5,2015-05-01,Sul,PR,Residencial,33.29,14.73,80.87,205.5,24.7,2829042,390.3,Médio
2015,5,2015-05-01,Sul,SC,Residencial,13.75,27.52,50.6,124.4,24.2,3957513,443.18,Médio
2015,5,2015-05-01,Sul,SC,Agrícola,8.53,47.04,21.05,113.3,26.6,5694975,209.92,Médio
2015,5,2015-05-01,Sul,RS,Agrícola,4.71,30.32,29.62,108.4,25.1,5794288,250.17,Médio
2015,5,2015-05-01,Sul,RS,Residencial,4.88,19.28,60.13,108.0,29.1,2529637,314.41,Médio
2015,6,2015-06-01,Norte,AM,Residencial,20.09,43.25,68.84,97.5,30.2,4891307,412.68,Médio
2015,6,2015-06-01,Norte,PA,Industrial,4.33,8.94,11.26,69.4,22.1,5536155,261.68,Médio
2015,6,2015-06-01,Norte,PA,Industrial,25.23,25.31,98.64,50.5,25.0,5036034,185.91,Crítico
2015,6,2015-06-01,Norte,RO,Residencial,20.15,22.12,77.09,75.2,25.5,2842012,100.41,Alto
2015,6,2015-06-01,Norte,TO,Público,18.14,43.8,85.58,46.8,24.8,1739982,377.82,Crítico
2015,6,2015-06-01,Nordeste,BA,Comercial,23.01,13.84,44.58,116.8,26.0,4718253,169.07,Crítico
2015,6,2015-06-01,Nordeste,BA,Industrial,14.4,35.19,67.06,62.2,26.6,1697806,117.74,Médio
2015,6,2015-06-01,Nordeste,PE,Residencial,3.36,34.85,34.98,15.3,26.7,5591494,100.91,Alto
2015,6,2015-06-01,Nordeste,PE,Público,31.61,38.07,18.64,97.0,25.6,3418865,351.9,Baixo
2015,6,2015-06-01,Nordeste,CE,Industrial,17.12,26.42,7.7,35.2,28.5,5518152,121.88,Crítico
2015,6,2015-06-01,Nordeste,CE,Comercial,24.5,6.1,51.06,172.2,29.0,3689218,299.27,Crítico
2015,6,2015-06-01,Nordeste,MA,Comercial,13.23,42.46,93.99,78.4,28.6,2588664,368.91,Crítico
2015,6,2015-06-01,Nordeste,PB,Industrial,31.21,36.13,75.07,290.1,28.2,3705189,191.68,Alto
2015,6,2015-06-01,Centro-Oeste,DF,Público,2.45,22.32,93.83,85.2,25.5,5214155,160.3,Baixo
2015,6,2015-06-01,Centro-Oeste,GO,Agrícola,19.21,17.7,6.47,77.6,21.0,4444342,379.64,Baixo
2015,6,2015-06-01,Centro-Oeste,GO,Agrícola,9.08,39.11,57.02,104.8,20.5,5648486,245.18,Alto
2015,6,2015-06-01,Centro-Oeste,MT,Público,8.33,7.86,19.59,211.6,22.0,2281506,112.5,Alto
2015,6,2015-06-01,Centro-Oeste,MS,Agrícola,11.48,34.14,22.41,50.4,28.4,1907034,117.87,Médio
2015,6,2015-06-01,Sudeste,SP,Público,8.66,34.84,84.02,242.0,29.7,5537325,275.58,Crítico
2015,6,2015-06-01,Sudeste,SP,Comercial,28.01,48.78,53.61,111.9,24.2,2152835,419.08,Médio
2015,6,2015-06-01,Sudeste,SP,Comercial,28.34,47.23,80.08,85.3,22.0,3593584,284.58,Crítico
2015,6,2015-06-01,Sudeste,RJ,Comercial,14.09,41.16,10.46,86.0,25.2,4454595,407.79,Crítico
2015,6,2015-06-01,Sudeste,RJ,Público,18.71,14.06,51.35,99.4,22.6,5520542,192.32,Alto
2015,6,2015-06-01,Sudeste,RJ,Público,39.72,28.32,75.01,64.3,26.1,5624652,286.54,Médio
2015,6,2015-06-01,Sudeste,RJ,Público,13.85,41.15,82.28,139.8,30.2,4192968,418.68,Crítico
2015,6,2015-06-01,Sudeste,MG,Público,34.82,47.12,61.47,88.8,30.8,657593,109.26,Médio
2015,6,2015-06-01,Sudeste,MG,Residencial,11.89,43.81,10.2,168.0,22.4,5430455,224.21,Médio
2015,6,2015-06-01,Sudeste,MG,Residencial,27.04,33.49,59.48,128.2,26.5,2296870,269.23,Alto
2015,6,2015-06-01,Sudeste,ES,Público,14.06,42.25,54.4,36.1,24.3,5241402,243.89,Médio
2015,6,2015-06-01,Sudeste,ES,Residencial,37.14,28.01,86.9,64.4,29.1,5437361,213.1,Crítico
2015,6,2015-06-01,Sudeste,ES,Agrícola,5.87,9.38,67.2,159.2,25.6,3617829,344.69,Crítico
2015,6,2015-06-01,Sul,PR,Residencial,24.87,11.44,56.59,85.4,27.6,3657017,179.84,Alto
2015,6,2015-06-01,Sul,PR,Público,32.11,38.28,21.68,53.9,25.9,5798865,285.71,Médio
2015,6,2015-06-01,Sul,SC,Comercial,25.06,46.88,9.82,83.5,20.7,4209243,100.84,Alto
2015,6,2015-06-01,Sul,SC,Público,26.34,51.14,62.79,151.3,24.0,5370074,374.57,Baixo
2015,6,2015-06-01,Sul,RS,Residencial,5.31,18.14,92.47,140.4,26.3,1289735,239.16,Crítico
2015,6,2015-06-01,Sul,RS,Agrícola,12.22,46.05,96.81,31.4,33.0,257659,163.43,Médio
2015,7,2015-07-01,Norte,AM,Residencial,10.09,46.03,18.59,26.3,26.0,864319,227.14,Baixo
2015,7,2015-07-01,Norte,PA,Público,24.45,34.44,32.54,193.6,25.3,951889,202.93,Médio
2015,7,2015-07-01,Norte,PA,Industrial,30.64,53.27,77.16,110.8,21.9,625908,397.58,Alto
2015,7,2015-07-01,Norte,RO,Comercial,3.51,37.77,53.4,135.0,28.4,3917373,189.58,Alto
2015,7,2015-07-01,Norte,TO,Público,15.95,53.46,76.24,91.5,23.9,4234203,341.55,Médio
2015,7,2015-07-01,Nordeste,BA,Público,19.4,31.77,74.81,62.8,26.8,3447368,99.96,Crítico
2015,7,2015-07-01,Nordeste,BA,Público,21.84,32.5,41.37,47.8,24.6,1296254,142.83,Crítico
2015,7,2015-07-01,Nordeste,PE,Industrial,33.46,15.07,85.26,85.4,25.1,4197387,242.88,Baixo
2015,7,2015-07-01,Nordeste,PE,Residencial,10.61,38.11,39.31,58.8,22.3,1575670,265.6,Crítico
2015,7,2015-07-01,Nordeste,CE,Industrial,12.83,16.8,20.08,126.3,24.0,5006271,222.16,Crítico
2015,7,2015-07-01,Nordeste,CE,Agrícola,10.11,30.22,31.75,35.5,26.9,4035069,140.81,Alto
2015,7,2015-07-01,Nordeste,MA,Agrícola,13.39,29.56,92.07,65.5,20.0,4689436,223.85,Baixo
2015,7,2015-07-01,Nordeste,PB,Público,14.86,38.58,22.01,189.7,22.7,4328117,160.92,Crítico
2015,7,2015-07-01,Centro-Oeste,DF,Comercial,36.71,37.27,17.17,92.3,28.8,3785839,178.47,Baixo
2015,7,2015-07-01,Centro-Oeste,GO,Industrial,25.49,16.34,9.81,194.2,23.3,4772983,153.23,Baixo
2015,7,2015-07-01,Centro-Oeste,GO,Residencial,12.7,54.0,71.72,170.7,26.8,5596896,355.63,Médio
2015,7,2015-07-01,Centro-Oeste,MT,Agrícola,17.46,43.42,83.22,51.9,25.5,2760854,323.41,Médio
2015,7,2015-07-01,Centro-Oeste,MS,Agrícola,20.27,30.68,70.89,110.2,21.9,1821876,424.52,Baixo
2015,7,2015-07-01,Sudeste,SP,Comercial,14.27,51.45,19.31,289.5,26.7,638543,406.36,Crítico
2015,7,2015-07-01,Sudeste,SP,Industrial,31.78,9.08,39.05,63.8,26.4,4457003,358.01,Alto
2015,7,2015-07-01,Sudeste,SP,Comercial,36.38,41.9,49.22,44.8,25.8,1457984,397.68,Crítico
2015,7,2015-07-01,Sudeste,RJ,Comercial,24.85,45.08,92.28,83.0,27.7,4330696,389.59,Crítico
2015,7,2015-07-01,Sudeste,RJ,Residencial,23.43,39.43,38.2,34.7,29.1,5649656,290.86,Alto
2015,7,2015-07-01,Sudeste,RJ,Agrícola,33.95,42.44,80.42,74.8,28.9,3247023,251.24,Crítico
2015,7,2015-07-01,Sudeste,RJ,Residencial,36.04,11.27,97.75,127.4,24.2,4063413,175.62,Alto
2015,7,2015-07-01,Sudeste,MG,Residencial,32.98,25.13,88.48,87.0,25.0,3677246,200.05,Crítico
2015,7,2015-07-01,Sudeste,MG,Público,7.62,46.44,97.31,123.9,27.9,3260362,182.41,Crítico
2015,7,2015-07-01,Sudeste,MG,Comercial,33.36,12.32,31.93,127.8,30.2,5568918,119.39,Alto
2015,7,2015-07-01,Sudeste,ES,Comercial,17.35,33.23,98.21,179.3,28.6,2843286,251.05,Baixo
2015,7,2015-07-01,Sudeste,ES,Agrícola,9.14,46.22,95.8,73.1,23.4,4568885,412.85,Médio
2015,7,2015-07-01,Sudeste,ES,Residencial,30.76,36.48,43.95,130.5,24.7,5072391,256.29,Baixo
2015,7,2015-07-01,Sul,PR,Público,21.38,39.21,24.45,246.5,28.4,2116162,285.07,Crítico
2015,7,2015-07-01,Sul,PR,Agrícola,3.79,10.69,94.75,80.1,26.8,2123659,343.26,Médio
2015,7,2015-07-01,Sul,SC,Comercial,23.81,9.75,98.64,28.1,27.4,4787706,346.28,Baixo
2015,7,2015-07-01,Sul,SC,Residencial,21.44,25.63,17.35,146.9,28.2,424453,392.26,Baixo
2015,7,2015-07-01,Sul,RS,Público,8.59,21.79,82.76,104.9,20.2,5286852,326.28,Médio
2015,7,2015-07-01,Sul,RS,Agrícola,11.95,5.7,12.32,191.5,22.2,5754071,253.31,Baixo
2015,8,2015-08-01,Norte,AM,Residencial,32.88,20.59,65.81,86.0,21.5,3863782,182.18,Médio
2015,8,2015-08-01,Norte,PA,Comercial,28.71,47.7,29.96,80.7,23.4,1225003,145.47,Alto
2015,8,2015-08-01,Norte,PA,Agrícola,18.83,9.4,17.12,53.4,29.7,5092349,433.78,Alto
2015,8,2015-08-01,Norte,RO,Comercial,31.03,12.12,88.12,93.9,28.9,2966126,314.79,Crítico
2015,8,2015-08-01,Norte,TO,Público,24.95,42.96,6.24,195.9,28.3,1805302,302.21,Médio
2015,8,2015-08-01,Nordeste,BA,Residencial,32.38,33.24,97.23,149.2,24.9,2698303,312.33,Crítico
2015,8,2015-08-01,Nordeste,BA,Residencial,34.89,43.14,44.44,146.3,26.0,3748499,356.02,Baixo
2015,8,2015-08-01,Nordeste,PE,Agrícola,2.37,43.3,98.95,160.6,30.6,230348,416.31,Médio
2015,8,2015-08-01,Nordeste,PE,Agrícola,30.84,29.48,67.8,72.3,21.3,5949750,108.43,Crítico
2015,8,2015-08-01,Nordeste,CE,Residencial,22.06,53.4,69.36,20.0,21.5,1274369,295.89,Baixo
2015,8,2015-08-01,Nordeste,CE,Público,35.44,15.57,12.47,155.6,28.0,820405,400.82,Crítico
2015,8,2015-08-01,Nordeste,MA,Público,3.34,45.04,25.2,92.4,24.2,390147,94.63,Alto
2015,8,2015-08-01,Nordeste,PB,Público,7.35,16.73,5.55,57.0,27.3,473548,264.62,Crítico
2015,8,2015-08-01,Centro-Oeste,DF,Comercial,18.45,22.04,73.97,46.3,24.4,5664251,327.84,Crítico
2015,8,2015-08-01,Centro-Oeste,GO,Industrial,35.28,11.53,13.67,135.6,23.9,4517444,123.51,Alto
2015,8,2015-08-01,Centro-Oeste,GO,Industrial,22.86,38.6,85.3,55.0,25.8,5315829,392.37,Alto
2015,8,2015-08-01,Centro-Oeste,MT,Industrial,10.22,24.95,27.05,155.1,28.2,5047008,282.13,Crítico
2015,8,2015-08-01,Centro-Oeste,MS,Agrícola,24.09,34.05,32.67,140.3,23.5,2450060,176.44,Baixo
2015,8,2015-08-01,Sudeste,SP,Agrícola,20.29,31.4,46.7,151.1,24.2,4397091,220.97,Baixo
2015,8,2015-08-01,Sudeste,SP,Comercial,7.24,11.68,76.84,133.1,26.2,1487376,92.02,Médio
2015,8,2015-08-01,Sudeste,SP,Residencial,20.51,43.21,50.29,231.3,23.8,1871888,370.15,Alto
2015,8,2015-08-01,Sudeste,RJ,Público,39.08,21.3,49.04,81.5,23.6,2481852,195.69,Crítico
2015,8,2015-08-01,Sudeste,RJ,Industrial,4.66,7.9,43.01,293.6,23.1,4445002,151.44,Médio
2015,8,2015-08-01,Sudeste,RJ,Comercial,33.16,20.91,46.38,185.3,26.1,322310,186.24,Médio
2015,8,2015-08-01,Sudeste,RJ,Público,31.7,27.39,67.58,60.9,25.6,1192829,335.74,Crítico
2015,8,2015-08-01,Sudeste,MG,Residencial,19.78,24.5,77.35,166.6,17.9,4794707,315.92,Crítico
2015,8,2015-08-01,Sudeste,MG,Público,15.21,16.36,75.2,118.7,25.3,5076759,355.17,Alto
2015,8,2015-08-01,Sudeste,MG,Comercial,39.14,17.53,73.96,107.0,26.3,5131673,158.76,Médio
2015,8,2015-08-01,Sudeste,ES,Agrícola,17.37,25.24,74.39,82.4,27.4,1445033,324.37,Médio
2015,8,2015-08-01,Sudeste,ES,Industrial,21.07,13.59,27.6,88.6,26.6,272606,278.36,Crítico
2015,8,2015-08-01,Sudeste,ES,Público,7.38,13.6,31.93,248.4,29.0,5563972,123.6,Crítico
2015,8,2015-08-01,Sul,PR,Comercial,3.84,54.9,97.17,150.2,22.9,3526306,346.58,Alto
2015,8,2015-08-01,Sul,PR,Público,29.27,32.17,69.83,22.3,29.7,2962286,378.54,Crítico
2015,8,2015-08-01,Sul,SC,Público,15.32,12.77,13.61,59.8,21.7,388223,345.86,Alto
2015,8,2015-08-01,Sul,SC,Industrial,4.53,38.48,7.49,38.2,28.4,2089136,332.94,Alto
2015,8,2015-08-01,Sul,RS,Industrial,30.74,5.81,37.38,70.9,24.5,2877623,130.93,Baixo
2015,8,2015-08-01,Sul,RS,Agrícola,32.74,48.17,7.74,69.1,30.0,2116815,352.06,Alto
2015,9,2015-09-01,Norte,AM,Público,9.17,29.3,54.11,7.3,29.0,1084748,225.42,Alto
2015,9,2015-09-01,Norte,PA,Comercial,25.19,14.61,42.7,126.2,26.0,2261489,324.32,Médio
2015,9,2015-09-01,Norte,PA,Agrícola,18.79,14.07,80.7,190.1,28.2,4478264,309.9,Alto
2015,9,2015-09-01,Norte,RO,Residencial,12.4,14.62,61.4,114.2,25.6,4830910,295.72,Crítico
2015,9,2015-09-01,Norte,TO,Industrial,39.72,44.82,8.94,157.2,21.9,1785435,438.77,Médio
2015,9,2015-09-01,Nordeste,BA,Público,13.14,32.46,6.75,220.8,25.5,1191834,330.04,Médio
2015,9,2015-09-01,Nordeste,BA,Agrícola,33.11,15.61,88.54,79.5,21.9,5707597,432.5,Baixo
2015,9,2015-09-01,Nordeste,PE,Agrícola,8.94,50.17,10.83,117.2,22.7,233403,149.24,Baixo
2015,9,2015-09-01,Nordeste,PE,Residencial,39.3,27.7,88.71,96.7,24.3,3861204,295.9,Alto
2015,9,2015-09-01,Nordeste,CE,Agrícola,11.11,7.82,19.01,43.9,25.9,2297517,390.25,Crítico
2015,9,2015-09-01,Nordeste,CE,Residencial,38.65,16.9,68.83,47.3,32.1,3509600,343.25,Crítico
2015,9,2015-09-01,Nordeste,MA,Residencial,25.37,32.83,51.87,75.8,29.2,766487,439.61,Baixo
2015,9,2015-09-01,Nordeste,PB,Público,6.97,5.56,43.95,207.8,26.4,1129396,281.75,Baixo
2015,9,2015-09-01,Centro-Oeste,DF,Industrial,19.17,18.36,54.14,272.2,25.1,1706051,198.02,Médio
2015,9,2015-09-01,Centro-Oeste,GO,Comercial,37.9,23.27,62.88,249.3,33.1,2644431,437.34,Médio
2015,9,2015-09-01,Centro-Oeste,GO,Comercial,5.7,22.02,18.87,29.3,28.7,4720172,397.76,Baixo
2015,9,2015-09-01,Centro-Oeste,MT,Industrial,16.44,23.4,71.17,92.7,26.7,954506,370.53,Alto
2015,9,2015-09-01,Centro-Oeste,MS,Residencial,18.21,41.39,83.01,55.6,25.5,2370536,251.75,Alto
2015,9,2015-09-01,Sudeste,SP,Público,9.1,20.98,54.79,190.8,21.8,5465575,135.54,Médio
2015,9,2015-09-01,Sudeste,SP,Agrícola,26.97,10.92,49.99,76.8,21.8,4053838,127.84,Médio
2015,9,2015-09-01,Sudeste,SP,Residencial,21.04,53.16,54.77,51.1,29.0,2510551,109.93,Alto
2015,9,2015-09-01,Sudeste,RJ,Comercial,16.87,5.5,6.95,68.1,26.2,4695309,362.85,Baixo
2015,9,2015-09-01,Sudeste,RJ,Residencial,25.75,45.31,24.01,74.3,29.2,3918579,357.29,Alto
2015,9,2015-09-01,Sudeste,RJ,Industrial,17.64,35.5,91.6,59.6,25.5,678338,234.01,Crítico
2015,9,2015-09-01,Sudeste,RJ,Industrial,4.06,6.39,45.44,84.5,26.3,463687,371.05,Médio
2015,9,2015-09-01,Sudeste,MG,Agrícola,25.54,21.1,29.68,89.0,27.9,4595675,335.9,Alto
2015,9,2015-09-01,Sudeste,MG,Comercial,39.97,25.92,30.54,112.9,24.4,1942460,138.52,Alto
2015,9,2015-09-01,Sudeste,MG,Público,10.36,5.24,85.27,98.0,26.3,2614430,251.1,Baixo
2015,9,2015-09-01,Sudeste,ES,Comercial,9.29,8.03,16.73,76.4,21.5,4764108,437.12,Alto
2015,9,2015-09-01,Sudeste,ES,Residencial,16.39,51.56,44.05,209.3,23.6,4247869,191.46,Crítico
2015,9,2015-09-01,Sudeste,ES,Industrial,12.89,41.41,27.5,47.8,26.9,5034530,433.59,Baixo
2015,9,2015-09-01,Sul,PR,Comercial,19.38,34.34,15.74,104.7,30.2,4725454,229.72,Médio
2015,9,2015-09-01,Sul,PR,Industrial,39.46,19.26,89.91,44.7,24.7,873385,379.98,Baixo
2015,9,2015-09-01,Sul,SC,Residencial,26.55,32.53,43.25,80.7,35.0,5342005,370.25,Médio
2015,9,2015-09-01,Sul,SC,Residencial,8.62,20.93,19.24,68.6,22.7,5879177,419.2,Médio
2015,9,2015-09-01,Sul,RS,Residencial,23.2,22.05,31.84,72.8,25.7,1088171,422.01,Alto
2015,9,2015-09-01,Sul,RS,Residencial,11.45,22.13,97.23,93.3,22.2,948636,261.62,Crítico
2015,10,2015-10-01,Norte,AM,Industrial,24.8,5.97,19.84,62.0,26.5,2350812,126.72,Alto
2015,10,2015-10-01,Norte,PA,Residencial,3.11,33.32,93.8,89.6,25.3,5240394,92.0,Alto
2015,10,2015-10-01,Norte,PA,Industrial,17.87,15.82,53.48,95.4,26.7,1791662,409.04,Alto
2015,10,2015-10-01,Norte,RO,Agrícola,3.57,11.51,11.99,83.3,23.3,3757762,88.93,Médio
2015,10,2015-10-01,Norte,TO,Público,20.58,27.99,38.61,85.0,27.7,3534736,154.94,Alto
2015,10,2015-10-01,Nordeste,BA,Agrícola,19.3,15.12,44.84,44.6,31.3,4215540,346.2,Crítico
2015,10,2015-10-01,Nordeste,BA,Residencial,11.14,46.29,74.72,60.2,26.4,5975828,408.62,Médio
2015,10,2015-10-01,Nordeste,PE,Agrícola,31.19,46.94,62.87,291.4,25.2,5075751,218.21,Médio
2015,10,2015-10-01,Nordeste,PE,Residencial,5.37,30.76,50.24,66.6,27.8,3459886,215.72,Médio
2015,10,2015-10-01,Nordeste,CE,Industrial,10.24,38.7,10.64,78.6,22.3,5448283,247.07,Alto
2015,10,2015-10-01,Nordeste,CE,Industrial,28.17,23.08,70.05,223.4,24.5,518897,90.72,Baixo
2015,10,2015-10-01,Nordeste,MA,Comercial,9.33,16.76,95.27,78.2,26.5,3716721,190.18,Crítico
2015,10,2015-10-01,Nordeste,PB,Agrícola,30.3,24.12,10.26,143.8,26.6,3701523,111.76,Alto
2015,10,2015-10-01,Centro-Oeste,DF,Agrícola,8.64,18.01,76.89,48.0,24.3,1728995,306.01,Médio
2015,10,2015-10-01,Centro-Oeste,GO,Industrial,16.27,28.83,69.54,110.9,25.2,482873,308.84,Baixo
2015,10,2015-10-01,Centro-Oeste,GO,Agrícola,12.64,49.29,53.29,86.9,27.3,963892,392.17,Médio
2015,10,2015-10-01,Centro-Oeste,MT,Público,26.41,31.46,7.5,93.2,29.6,3189906,335.87,Médio
2015,10,2015-10-01,Centro-Oeste,MS,Comercial,28.46,27.11,29.67,171.8,24.7,886417,103.02,Alto
2015,10,2015-10-01,Sudeste,SP,Agrícola,20.44,52.1,54.92,92.1,26.9,5247857,447.36,Crítico
2015,10,2015-10-01,Sudeste,SP,Público,12.12,37.2,57.26,44.4,24.6,704399,427.66,Médio
2015,10,2015-10-01,Sudeste,SP,Residencial,32.82,31.67,60.6,77.7,24.3,2100141,174.28,Crítico
2015,10,2015-10-01,Sudeste,RJ,Comercial,16.87,25.56,92.42,66.4,24.9,2046502,318.2,Alto
2015,10,2015-10-01,Sudeste,RJ,Residencial,13.28,49.83,86.53,192.8,22.5,4598011,247.23,Médio
2015,10,2015-10-01,Sudeste,RJ,Agrícola,3.43,48.48,45.11,31.1,24.8,3270461,327.21,Crítico
2015,10,2015-10-01,Sudeste,RJ,Agrícola,24.46,7.64,75.22,158.8,25.8,4877751,140.58,Crítico
2015,10,2015-10-01,Sudeste,MG,Público,2.86,7.71,40.08,61.7,26.5,2867162,311.36,Médio
2015,10,2015-10-01,Sudeste,MG,Industrial,37.52,18.16,86.84,117.6,21.3,5453167,202.9,Baixo
2015,10,2015-10-01,Sudeste,MG,Agrícola,25.04,32.75,76.09,117.7,28.4,1323182,255.89,Baixo
2015,10,2015-10-01,Sudeste,ES,Industrial,36.21,29.04,71.02,109.2,24.1,4606428,84.96,Baixo
2015,10,2015-10-01,Sudeste,ES,Público,18.84,52.69,28.57,78.4,25.2,4776119,94.44,Alto
2015,10,2015-10-01,Sudeste,ES,Industrial,23.61,10.53,27.33,40.5,27.5,4195354,428.2,Médio
2015,10,2015-10-01,Sul,PR,Residencial,31.3,22.84,64.37,253.4,20.8,1138554,92.27,Crítico
2015,10,2015-10-01,Sul,PR,Comercial,34.34,12.23,74.76,230.8,23.6,171150,127.88,Baixo
2015,10,2015-10-01,Sul,SC,Agrícola,23.3,9.05,56.78,83.9,30.2,4803527,126.14,Médio
2015,10,2015-10-01,Sul,SC,Industrial,3.16,50.28,77.99,108.7,34.4,1015493,108.82,Alto
2015,10,2015-10-01,Sul,RS,Residencial,39.99,34.69,72.97,89.2,23.2,2446053,220.61,Crítico
2015,10,2015-10-01,Sul,RS,Residencial,8.07,23.31,54.02,53.2,32.4,2727454,128.96,Crítico
2015,11,2015-11-01,Norte,AM,Industrial,21.65,18.57,5.02,142.8,25.3,4117819,449.49,Alto
2015,11,2015-11-01,Norte,PA,Comercial,30.79,29.36,31.22,106.8,28.7,713151,139.12,Crítico
2015,11,2015-11-01,Norte,PA,Residencial,36.32,7.25,92.0,215.4,23.7,729042,342.47,Crítico
2015,11,2015-11-01,Norte,RO,Agrícola,35.69,47.67,68.55,92.3,25.3,2014969,413.44,Médio
2015,11,2015-11-01,Norte,TO,Público,33.54,42.75,52.55,134.7,20.1,2411135,194.28,Médio
2015,11,2015-11-01,Nordeste,BA,Comercial,29.59,16.76,69.17,71.0,22.1,483577,410.97,Crítico
2015,11,2015-11-01,Nordeste,BA,Industrial,14.7,8.63,5.14,107.3,25.3,5435735,106.72,Baixo
2015,11,2015-11-01,Nordeste,PE,Agrícola,11.73,39.82,63.54,112.8,23.8,2336301,173.04,Baixo
2015,11,2015-11-01,Nordeste,PE,Comercial,8.12,24.84,57.02,110.8,20.1,2552094,290.48,Baixo
2015,11,2015-11-01,Nordeste,CE,Industrial,25.63,48.97,20.75,141.8,22.6,3168563,202.15,Baixo
2015,11,2015-11-01,Nordeste,CE,Público,10.0,29.51,17.84,16.0,23.8,5058104,342.51,Alto
2015,11,2015-11-01,Nordeste,MA,Industrial,21.35,28.34,25.55,99.1,24.3,377696,98.73,Alto
2015,11,2015-11-01,Nordeste,PB,Agrícola,7.18,12.91,91.62,53.1,28.2,290535,400.31,Baixo
2015,11,2015-11-01,Centro-Oeste,DF,Comercial,10.04,47.81,10.62,90.2,23.3,5215956,240.12,Alto
2015,11,2015-11-01,Centro-Oeste,GO,Agrícola,14.46,9.55,17.25,112.9,27.8,1548378,316.93,Alto
2015,11,2015-11-01,Centro-Oeste,GO,Comercial,30.2,5.59,35.82,117.8,28.3,2068601,178.08,Médio
2015,11,2015-11-01,Centro-Oeste,MT,Público,16.43,51.71,57.16,131.9,24.8,837995,321.34,Baixo
2015,11,2015-11-01,Centro-Oeste,MS,Industrial,2.89,25.62,62.2,46.2,25.3,1634022,300.79,Crítico
2015,11,2015-11-01,Sudeste,SP,Agrícola,17.91,9.56,82.38,251.5,30.2,845322,139.83,Médio
2015,11,2015-11-01,Sudeste,SP,Comercial,37.6,38.18,45.28,54.8,26.8,2569659,238.73,Médio
2015,11,2015-11-01,Sudeste,SP,Público,39.96,46.3,11.19,28.8,27.7,3149444,372.12,Alto
2015,11,2015-11-01,Sudeste,RJ,Agrícola,26.72,15.95,14.17,81.5,28.4,5309501,209.73,Médio
2015,11,2015-11-01,Sudeste,RJ,Público,10.74,39.89,97.58,118.9,28.7,5039861,241.22,Médio
2015,11,2015-11-01,Sudeste,RJ,Comercial,32.55,27.41,8.32,200.3,26.9,147818,160.29,Alto
2015,11,2015-11-01,Sudeste,RJ,Agrícola,33.9,27.08,9.57,179.0,25.5,2068597,224.62,Alto
2015,11,2015-11-01,Sudeste,MG,Público,24.07,41.54,52.07,235.4,19.3,4995407,177.13,Médio
2015,11,2015-11-01,Sudeste,MG,Agrícola,18.96,10.34,5.03,78.7,25.2,1716984,173.41,Baixo
2015,11,2015-11-01,Sudeste,MG,Comercial,32.71,20.96,62.22,118.3,30.2,116988,206.84,Médio
2015,11,2015-11-01,Sudeste,ES,Agrícola,20.58,37.42,58.58,356.1,20.6,3151641,168.36,Alto
2015,11,2015-11-01,Sudeste,ES,Residencial,33.66,20.73,85.9,79.3,28.0,2612009,146.47,Crítico
2015,11,2015-11-01,Sudeste,ES,Industrial,3.75,51.24,26.71,196.1,27.4,3734612,153.55,Alto
2015,11,2015-11-01,Sul,PR,Residencial,32.33,34.38,49.38,54.2,26.8,2783739,426.01,Crítico
2015,11,2015-11-01,Sul,PR,Comercial,3.22,34.82,48.37,71.8,21.9,3375841,421.37,Crítico
2015,11,2015-11-01,Sul,SC,Agrícola,11.51,45.3,63.46,136.7,28.6,5231486,414.8,Crítico
2015,11,2015-11-01,Sul,SC,Público,39.09,12.75,54.2,101.3,35.3,3999410,373.42,Crítico
2015,11,2015-11-01,Sul,RS,Público,36.15,8.26,59.26,122.0,22.0,3918057,425.99,Baixo
2015,11,2015-11-01,Sul,RS,Agrícola,33.21,16.99,10.48,30.7,23.7,5190651,121.03,Baixo
2015,12,2015-12-01,Norte,AM,Residencial,31.66,15.7,22.94,30.9,25.8,3412977,247.72,Baixo
2015,12,2015-12-01,Norte,PA,Residencial,22.12,33.57,35.82,100.5,24.5,1420615,409.73,Alto
2015,12,2015-12-01,Norte,PA,Agrícola,4.67,5.18,24.08,102.0,26.7,3280104,250.25,Médio
2015,12,2015-12-01,Norte,RO,Residencial,34.72,41.67,68.78,80.0,29.0,4942823,352.19,Crítico
2015,12,2015-12-01,Norte,TO,Comercial,21.97,31.97,10.39,122.9,30.7,1332461,337.42,Baixo
2015,12,2015-12-01,Nordeste,BA,Agrícola,16.75,6.21,29.14,96.1,26.8,3047751,377.55,Baixo
2015,12,2015-12-01,Nordeste,BA,Agrícola,6.62,5.17,12.86,51.7,25.8,2194308,387.39,Crítico
2015,12,2015-12-01,Nordeste,PE,Agrícola,2.78,46.72,27.5,78.4,30.7,2542396,300.13,Crítico
2015,12,2015-12-01,Nordeste,PE,Industrial,17.78,18.37,91.42,60.2,27.9,3578576,212.11,Médio
2015,12,2015-12-01,Nordeste,CE,Agrícola,25.27,44.85,60.51,37.7,26.1,5361999,436.11,Médio
2015,12,2015-12-01,Nordeste,CE,Industrial,9.06,28.2,59.94,174.7,28.3,3045379,344.4,Baixo
2015,12,2015-12-01,Nordeste,MA,Público,15.32,29.44,77.18,175.0,26.0,3006463,386.98,Crítico
2015,12,2015-12-01,Nordeste,PB,Agrícola,14.51,9.66,9.21,51.1,20.2,4328180,429.65,Crítico
2015,12,2015-12-01,Centro-Oeste,DF,Comercial,25.45,47.61,44.56,347.0,26.1,2700424,114.92,Alto
2015,12,2015-12-01,Centro-Oeste,GO,Residencial,39.71,13.06,46.6,111.8,31.4,4951452,90.84,Crítico
2015,12,2015-12-01,Centro-Oeste,GO,Residencial,22.32,31.5,16.4,80.0,27.6,1345053,267.52,Crítico
2015,12,2015-12-01,Centro-Oeste,MT,Industrial,27.42,14.57,33.27,233.5,25.8,2024182,432.71,Crítico
2015,12,2015-12-01,Centro-Oeste,MS,Industrial,13.25,48.89,83.84,94.5,29.1,699702,211.31,Alto
2015,12,2015-12-01,Sudeste,SP,Comercial,13.1,50.32,35.23,218.8,25.8,4906679,263.38,Alto
2015,12,2015-12-01,Sudeste,SP,Agrícola,34.95,31.58,47.15,123.4,23.9,1711900,169.15,Crítico
2015,12,2015-12-01,Sudeste,SP,Público,5.53,14.82,9.88,163.0,25.1,1181496,297.44,Médio
2015,12,2015-12-01,Sudeste,RJ,Residencial,23.12,31.95,15.21,217.8,24.6,1192148,434.41,Alto
2015,12,2015-12-01,Sudeste,RJ,Residencial,13.15,36.77,86.07,30.3,23.6,5160163,174.03,Médio
2015,12,2015-12-01,Sudeste,RJ,Comercial,27.28,28.35,38.47,113.1,25.1,706533,93.66,Baixo
2015,12,2015-12-01,Sudeste,RJ,Industrial,26.62,16.41,36.23,91.9,27.4,4791442,387.84,Crítico
2015,12,2015-12-01,Sudeste,MG,Industrial,7.2,22.86,98.43,56.8,30.8,2828523,340.35,Baixo
2015,12,2015-12-01,Sudeste,MG,Agrícola,6.63,31.0,27.7,68.8,25.7,579817,397.25,Crítico
2015,12,2015-12-01,Sudeste,MG,Agrícola,36.73,39.86,82.08,69.0,29.2,640156,189.64,Baixo
2015,12,2015-12-01,Sudeste,ES,Comercial,34.52,35.82,12.27,204.7,28.4,4918101,390.62,Alto
2015,12,2015-12-01,Sudeste,ES,Industrial,38.68,22.0,74.59,247.8,30.6,1838769,217.65,Crítico
2015,12,2015-12-01,Sudeste,ES,Residencial,14.72,7.17,93.27,87.3,25.2,3249291,299.43,Alto
2015,12,2015-12-01,Sul,PR,Comercial,20.95,15.2,68.19,134.0,26.0,1807810,306.93,Alto
2015,12,2015-12-01,Sul,PR,Público,20.05,11.54,58.52,122.6,22.7,2928327,390.46,Alto
2015,12,2015-12-01,Sul,SC,Comercial,6.41,21.17,85.79,121.0,24.3,4220651,332.11,Baixo
2015,12,2015-12-01,Sul,SC,Industrial,39.0,48.31,25.07,60.3,22.4,3814287,210.82,Médio
2015,12,2015-12-01,Sul,RS,Público,16.25,24.01,93.87,79.6,28.5,1444285,148.7,Médio
2015,12,2015-12-01,Sul,RS,Público,6.42,53.01,58.05,84.0,29.2,4075295,99.14,Baixo
2016,1,2016-01-01,Norte,AM,Comercial,19.78,38.28,45.97,105.7,28.5,1971992,303.73,Alto
2016,1,2016-01-01,Norte,PA,Residencial,14.03,19.63,96.72,64.2,31.7,1831867,290.14,Alto
2016,1,2016-01-01,Norte,PA,Público,29.87,42.6,9.51,160.5,29.5,3690537,310.78,Médio
2016,1,2016-01-01,Norte,RO,Residencial,29.41,53.07,50.79,42.1,26.6,2765952,164.67,Médio
2016,1,2016-01-01,Norte,TO,Público,28.56,8.37,28.87,43.9,24.9,3793845,154.56,Crítico
2016,1,2016-01-01,Nordeste,BA,Industrial,37.71,15.23,44.31,76.0,30.1,4217306,199.27,Alto
2016,1,2016-01-01,Nordeste,BA,Público,28.31,21.11,39.35,28.3,29.1,1167735,219.5,Médio
2016,1,2016-01-01,Nordeste,PE,Agrícola,4.8,32.76,59.58,92.2,22.2,5241548,220.88,Baixo
2016,1,2016-01-01,Nordeste,PE,Comercial,21.8,44.54,12.18,62.3,21.7,3727524,251.81,Médio
2016,1,2016-01-01,Nordeste,CE,Residencial,20.02,51.23,99.95,199.9,24.9,2759874,236.8,Médio
2016,1,2016-01-01,Nordeste,CE,Residencial,4.52,21.93,80.08,15.6,26.4,5501950,109.09,Alto
2016,1,2016-01-01,Nordeste,MA,Industrial,37.86,46.5,72.54,89.8,22.9,856896,371.51,Baixo
2016,1,2016-01-01,Nordeste,PB,Industrial,3.94,51.82,28.6,25.1,29.1,4630598,390.58,Alto
2016,1,2016-01-01,Centro-Oeste,DF,Industrial,30.84,36.89,79.64,82.4,23.4,5471100,135.13,Crítico
2016,1,2016-01-01,Centro-Oeste,GO,Agrícola,17.86,22.35,26.33,150.0,26.1,1941139,411.06,Baixo
2016,1,2016-01-01,Centro-Oeste,GO,Industrial,11.78,38.71,92.5,119.7,28.2,3129849,297.72,Médio
2016,1,2016-01-01,Centro-Oeste,MT,Industrial,23.46,23.35,75.17,45.4,24.0,4579014,232.24,Baixo
2016,1,2016-01-01,Centro-Oeste,MS,Público,7.37,35.18,83.62,156.7,29.9,1349789,411.18,Médio
2016,1,2016-01-01,Sudeste,SP,Agrícola,23.21,17.72,37.44,48.5,29.5,4799239,86.22,Crítico
2016,1,2016-01-01,Sudeste,SP,Público,17.54,20.66,48.83,91.5,27.7,3068321,273.49,Crítico
2016,1,2016-01-01,Sudeste,SP,Público,33.02,40.4,36.1,133.2,26.8,2959188,118.64,Baixo
2016,1,2016-01-01,Sudeste,RJ,Industrial,18.03,29.2,9.99,108.8,29.6,5700905,302.74,Médio
2016,1,2016-01-01,Sudeste,RJ,Comercial,36.98,23.35,83.19,300.3,26.3,4624524,95.85,Médio
2016,1,2016-01-01,Sudeste,RJ,Industrial,20.14,48.99,7.49,27.9,23.6,1153770,349.89,Baixo
2016,1,2016-01-01,Sudeste,RJ,Público,6.97,18.46,56.75,78.9,28.3,1009026,357.6,Baixo
2016,1,2016-01-01,Sudeste,MG,Público,22.33,5.39,44.73,124.6,26.1,5143878,385.63,Alto
2016,1,2016-01-01,Sudeste,MG,Industrial,23.96,31.65,34.09,74.5,25.4,991525,136.99,Crítico
2016,1,2016-01-01,Sudeste,MG,Agrícola,3.55,45.48,84.62,44.8,19.6,4951090,202.0,Baixo
2016,1,2016-01-01,Sudeste,ES,Agrícola,18.05,49.12,5.72,135.4,21.4,5078308,237.39,Crítico
2016,1,2016-01-01,Sudeste,ES,Agrícola,32.72,35.56,94.3,85.7,22.7,1400747,400.13,Médio
2016,1,2016-01-01,Sudeste,ES,Público,13.39,17.7,62.14,39.8,21.9,1360568,362.2,Crítico
2016,1,2016-01-01,Sul,PR,Industrial,37.96,32.22,49.32,127.7,23.9,3032269,253.35,Baixo
2016,1,2016-01-01,Sul,PR,Residencial,8.56,40.47,17.05,62.6,21.4,2939075,224.19,Médio
2016,1,2016-01-01,Sul,SC,Comercial,14.75,51.62,95.39,59.4,26.9,5807635,271.7,Baixo
2016,1,2016-01-01,Sul,SC,Residencial,16.83,38.88,50.14,144.0,29.3,5787148,439.58,Médio
2016,1,2016-01-01,Sul,RS,Residencial,4.67,16.96,99.97,140.5,22.6,2009672,350.66,Médio
2016,1,2016-01-01,Sul,RS,Residencial,6.63,44.46,27.67,176.5,26.9,1133099,201.11,Alto
2016,2,2016-02-01,Norte,AM,Agrícola,13.88,15.12,58.97,264.5,26.4,1931774,384.54,Crítico
2016,2,2016-02-01,Norte,PA,Industrial,39.84,30.96,34.19,114.5,19.6,2769381,255.74,Alto
2016,2,2016-02-01,Norte,PA,Residencial,3.75,31.42,51.53,159.0,28.9,2605763,425.36,Médio
2016,2,2016-02-01,Norte,RO,Comercial,25.31,14.42,26.62,91.4,30.0,4801354,161.47,Crítico
2016,2,2016-02-01,Norte,TO,Industrial,18.25,27.34,66.27,96.4,23.4,5200353,262.8,Médio
2016,2,2016-02-01,Nordeste,BA,Industrial,19.71,11.04,18.33,133.7,25.9,1019272,109.95,Médio
2016,2,2016-02-01,Nordeste,BA,Residencial,32.48,25.94,81.03,121.8,26.1,4840727,447.52,Médio
2016,2,2016-02-01,Nordeste,PE,Residencial,17.8,38.05,65.15,164.7,27.1,1940689,103.14,Crítico
2016,2,2016-02-01,Nordeste,PE,Residencial,38.2,38.51,43.92,43.0,28.8,3872303,438.04,Médio
2016,2,2016-02-01,Nordeste,CE,Agrícola,11.36,13.66,68.52,114.1,25.0,3400851,357.5,Alto
2016,2,2016-02-01,Nordeste,CE,Residencial,15.71,5.32,78.28,107.0,22.2,5301124,277.01,Crítico
2016,2,2016-02-01,Nordeste,MA,Residencial,33.5,19.34,40.86,20.4,19.8,1714229,282.55,Baixo
2016,2,2016-02-01,Nordeste,PB,Público,35.32,9.68,20.16,97.7,19.1,4955356,136.65,Crítico
2016,2,2016-02-01,Centro-Oeste,DF,Comercial,31.95,39.82,91.44,92.6,25.2,2053198,158.29,Crítico
2016,2,2016-02-01,Centro-Oeste,GO,Comercial,10.9,22.04,15.04,103.9,24.4,2462151,185.29,Crítico
2016,2,2016-02-01,Centro-Oeste,GO,Industrial,6.88,39.96,12.96,127.9,23.4,5930527,268.81,Alto
2016,2,2016-02-01,Centro-Oeste,MT,Público,28.25,17.27,28.07,134.3,28.0,4973769,351.47,Alto
2016,2,2016-02-01,Centro-Oeste,MS,Comercial,39.66,51.58,58.88,82.2,27.8,1251226,181.02,Médio
2016,2,2016-02-01,Sudeste,SP,Residencial,4.97,49.37,76.18,78.2,28.6,5249386,216.93,Crítico
2016,2,2016-02-01,Sudeste,SP,Comercial,17.74,32.27,28.27,46.6,21.7,2084757,407.01,Alto
2016,2,2016-02-01,Sudeste,SP,Residencial,25.4,26.57,10.71,195.6,27.4,4257146,182.52,Alto
2016,2,2016-02-01,Sudeste,RJ,Agrícola,29.17,16.53,99.7,69.0,30.1,3910181,393.38,Crítico
2016,2,2016-02-01,Sudeste,RJ,Industrial,20.2,47.86,18.37,101.1,21.8,164345,281.99,Alto
2016,2,2016-02-01,Sudeste,RJ,Residencial,23.87,51.5,79.6,79.3,27.0,5755651,161.6,Alto
2016,2,2016-02-01,Sudeste,RJ,Comercial,6.06,44.63,43.22,97.6,24.6,5945847,263.91,Médio
2016,2,2016-02-01,Sudeste,MG,Industrial,35.72,31.11,88.4,121.1,19.8,2726343,128.97,Baixo
2016,2,2016-02-01,Sudeste,MG,Agrícola,33.63,38.19,51.07,116.5,24.4,5971624,123.89,Médio
2016,2,2016-02-01,Sudeste,MG,Industrial,5.32,21.41,37.02,109.7,27.7,392738,324.88,Alto
2016,2,2016-02-01,Sudeste,ES,Industrial,3.96,39.29,19.77,114.7,29.4,5435730,156.21,Baixo
2016,2,2016-02-01,Sudeste,ES,Residencial,33.0,48.09,88.31,128.5,21.7,5648339,403.78,Baixo
2016,2,2016-02-01,Sudeste,ES,Comercial,5.31,10.13,81.74,22.4,21.5,3172235,283.29,Alto
2016,2,2016-02-01,Sul,PR,Residencial,36.17,21.47,56.45,95.0,30.8,299904,126.41,Crítico
2016,2,2016-02-01,Sul,PR,Industrial,3.35,38.65,24.18,88.4,28.0,5178944,393.47,Médio
2016,2,2016-02-01,Sul,SC,Agrícola,36.6,40.53,40.43,105.6,26.4,1114268,242.21,Crítico
2016,2,2016-02-01,Sul,SC,Comercial,9.27,36.21,82.45,106.4,22.5,1789929,421.68,Baixo
2016,2,2016-02-01,Sul,RS,Industrial,14.77,42.05,80.01,115.0,26.9,4541305,108.06,Alto
2016,2,2016-02-01,Sul,RS,Comercial,22.89,28.85,12.84,44.0,23.6,1442512,420.15,Crítico
2016,3,2016-03-01,Norte,AM,Público,7.69,25.71,89.55,49.9,23.0,5522605,313.91,Crítico
2016,3,2016-03-01,Norte,PA,Público,5.7,47.54,9.71,44.9,25.0,3012246,162.79,Crítico
2016,3,2016-03-01,Norte,PA,Residencial,11.84,42.45,46.02,120.2,28.4,5103029,262.0,Médio
2016,3,2016-03-01,Norte,RO,Agrícola,11.65,25.96,30.31,36.5,27.1,5717926,151.19,Baixo
2016,3,2016-03-01,Norte,TO,Industrial,37.36,40.11,5.74,106.5,23.7,3950025,356.48,Médio
2016,3,2016-03-01,Nordeste,BA,Residencial,10.93,52.57,8.63,69.5,25.4,1772013,413.35,Alto
2016,3,2016-03-01,Nordeste,BA,Agrícola,37.32,15.43,69.13,148.0,17.7,5450521,138.64,Baixo
2016,3,2016-03-01,Nordeste,PE,Industrial,20.43,16.71,99.75,79.2,27.4,4220295,149.0,Alto
2016,3,2016-03-01,Nordeste,PE,Público,32.64,40.29,91.21,152.9,26.7,2065002,285.52,Alto
2016,3,2016-03-01,Nordeste,CE,Agrícola,10.13,28.53,95.6,30.4,29.2,2263317,389.89,Baixo
2016,3,2016-03-01,Nordeste,CE,Público,38.34,33.35,11.19,83.1,26.0,2950889,375.24,Alto
2016,3,2016-03-01,Nordeste,MA,Industrial,25.53,48.75,30.74,106.1,28.2,1288687,139.42,Crítico
2016,3,2016-03-01,Nordeste,PB,Comercial,17.07,34.76,49.39,112.9,29.2,2387307,399.37,Baixo
2016,3,2016-03-01,Centro-Oeste,DF,Residencial,14.65,44.61,85.86,53.9,22.4,3861794,428.43,Alto
2016,3,2016-03-01,Centro-Oeste,GO,Industrial,5.63,15.44,96.49,72.1,26.7,310402,399.77,Baixo
2016,3,2016-03-01,Centro-Oeste,GO,Residencial,12.98,24.27,17.75,134.5,24.2,407244,396.5,Crítico
2016,3,2016-03-01,Centro-Oeste,MT,Industrial,10.94,41.95,58.51,69.2,23.7,1377115,413.81,Médio
2016,3,2016-03-01,Centro-Oeste,MS,Residencial,2.87,47.49,33.73,238.2,27.5,3926099,328.65,Crítico
2016,3,2016-03-01,Sudeste,SP,Industrial,14.73,41.84,11.95,148.8,29.4,2178447,271.12,Crítico
2016,3,2016-03-01,Sudeste,SP,Comercial,32.09,24.34,87.69,36.3,24.9,3911214,87.98,Crítico
2016,3,2016-03-01,Sudeste,SP,Residencial,39.97,25.66,93.18,96.0,29.6,3059261,123.61,Alto
2016,3,2016-03-01,Sudeste,RJ,Público,9.21,10.06,73.64,140.8,26.1,2714015,207.63,Crítico
2016,3,2016-03-01,Sudeste,RJ,Comercial,19.88,39.2,76.06,82.4,26.3,624503,257.14,Crítico
2016,3,2016-03-01,Sudeste,RJ,Público,35.86,37.81,31.0,168.8,26.9,3951064,365.24,Médio
2016,3,2016-03-01,Sudeste,RJ,Público,11.31,27.71,71.02,84.0,29.0,4818466,336.99,Alto
2016,3,2016-03-01,Sudeste,MG,Agrícola,17.45,10.59,28.33,67.2,22.9,5141681,119.3,Alto
2016,3,2016-03-01,Sudeste,MG,Industrial,16.24,25.1,60.58,79.6,25.3,5608061,178.76,Baixo
2016,3,2016-03-01,Sudeste,MG,Residencial,16.89,43.76,88.29,185.1,28.4,5890799,164.36,Baixo
2016,3,2016-03-01,Sudeste,ES,Agrícola,12.35,34.8,52.33,83.8,26.3,4154021,110.97,Baixo
2016,3,2016-03-01,Sudeste,ES,Industrial,13.16,34.02,38.18,73.2,28.1,3388828,264.41,Crítico
2016,3,2016-03-01,Sudeste,ES,Residencial,35.68,45.35,49.99,151.9,22.7,3579643,259.79,Crítico
2016,3,2016-03-01,Sul,PR,Industrial,35.93,31.98,34.94,130.3,22.0,424049,166.26,Alto
2016,3,2016-03-01,Sul,PR,Residencial,38.62,5.72,73.68,108.9,27.8,5388060,190.86,Crítico
2016,3,2016-03-01,Sul,SC,Comercial,17.23,44.21,68.55,66.6,24.5,1728580,270.84,Alto
2016,3,2016-03-01,Sul,SC,Público,30.43,38.14,43.9,53.5,32.6,1432394,175.18,Médio
2016,3,2016-03-01,Sul,RS,Industrial,18.13,6.1,83.78,178.1,22.8,322103,87.5,Médio
2016,3,2016-03-01,Sul,RS,Residencial,22.83,18.02,13.53,52.6,24.7,4441716,338.37,Médio
2016,4,2016-04-01,Norte,AM,Público,15.58,14.22,96.93,82.5,28.6,2051342,104.39,Alto
2016,4,2016-04-01,Norte,PA,Agrícola,25.14,28.48,96.16,97.8,23.9,1197882,129.63,Alto
2016,4,2016-04-01,Norte,PA,Comercial,10.58,41.93,80.0,202.2,30.4,3524732,413.89,Médio
2016,4,2016-04-01,Norte,RO,Industrial,15.39,12.37,19.62,64.7,24.8,3171226,342.41,Baixo
2016,4,2016-04-01,Norte,TO,Comercial,37.14,11.04,11.18,37.9,29.4,5646183,88.62,Baixo
2016,4,2016-04-01,Nordeste,BA,Público,32.17,44.4,61.19,138.2,26.9,2083119,261.2,Crítico
2016,4,2016-04-01,Nordeste,BA,Comercial,25.51,28.6,87.73,82.8,29.6,351996,407.42,Alto
2016,4,2016-04-01,Nordeste,PE,Industrial,27.58,20.08,98.48,41.1,23.6,1436097,273.5,Baixo
2016,4,2016-04-01,Nordeste,PE,Industrial,19.29,11.72,64.09,53.5,26.2,1217235,403.01,Crítico
2016,4,2016-04-01,Nordeste,CE,Público,10.26,32.13,14.34,128.7,25.5,5672798,131.73,Crítico
2016,4,2016-04-01,Nordeste,CE,Industrial,29.86,41.99,93.32,65.8,27.8,756855,120.73,Alto
2016,4,2016-04-01,Nordeste,MA,Agrícola,39.57,43.71,63.03,59.7,25.8,3801209,246.49,Crítico
2016,4,2016-04-01,Nordeste,PB,Agrícola,16.49,20.75,77.15,46.8,22.9,1164231,353.33,Alto
2016,4,2016-04-01,Centro-Oeste,DF,Comercial,17.12,14.18,90.35,158.6,24.3,1069885,201.64,Médio
2016,4,2016-04-01,Centro-Oeste,GO,Residencial,2.43,26.38,36.65,177.8,26.0,4378106,275.08,Médio
2016,4,2016-04-01,Centro-Oeste,GO,Agrícola,21.84,38.58,74.87,201.2,27.9,4813068,346.59,Médio
2016,4,2016-04-01,Centro-Oeste,MT,Agrícola,7.18,7.35,90.84,163.7,28.9,3680397,376.74,Crítico
2016,4,2016-04-01,Centro-Oeste,MS,Industrial,32.58,18.61,7.96,21.9,24.2,2019230,432.38,Crítico
2016,4,2016-04-01,Sudeste,SP,Industrial,25.44,21.33,24.82,147.1,23.3,1847590,287.42,Médio
2016,4,2016-04-01,Sudeste,SP,Industrial,14.97,34.89,48.01,31.6,21.6,1564487,163.98,Baixo
2016,4,2016-04-01,Sudeste,SP,Agrícola,23.14,6.02,77.1,150.9,24.5,1609984,93.45,Crítico
2016,4,2016-04-01,Sudeste,RJ,Público,25.58,53.35,93.82,80.8,26.1,689788,312.22,Alto
2016,4,2016-04-01,Sudeste,RJ,Público,25.57,37.34,23.76,120.2,27.3,107457,368.39,Crítico
2016,4,2016-04-01,Sudeste,RJ,Agrícola,26.67,15.29,68.01,57.7,24.1,261860,182.72,Médio
2016,4,2016-04-01,Sudeste,RJ,Comercial,3.1,13.05,11.47,78.0,21.2,5351023,100.48,Baixo
2016,4,2016-04-01,Sudeste,MG,Agrícola,6.15,36.54,84.15,76.2,25.9,4965621,256.58,Médio
2016,4,2016-04-01,Sudeste,MG,Residencial,39.71,38.7,36.89,182.1,27.7,5530657,151.7,Crítico
2016,4,2016-04-01,Sudeste,MG,Comercial,7.79,10.14,75.52,71.7,25.3,5264882,407.21,Alto
2016,4,2016-04-01,Sudeste,ES,Industrial,16.01,19.67,69.02,44.2,34.1,5362559,285.78,Alto
2016,4,2016-04-01,Sudeste,ES,Industrial,7.88,39.77,89.66,23.2,23.7,3190463,341.22,Alto
2016,4,2016-04-01,Sudeste,ES,Industrial,8.37,30.46,48.92,63.8,23.9,259816,354.21,Alto
2016,4,2016-04-01,Sul,PR,Industrial,20.7,47.31,36.69,112.3,25.1,113782,190.92,Crítico
2016,4,2016-04-01,Sul,PR,Residencial,9.06,8.34,72.46,118.3,24.0,5383767,119.75,Crítico
2016,4,2016-04-01,Sul,SC,Público,16.83,43.63,97.83,28.2,22.1,4049416,326.83,Alto
2016,4,2016-04-01,Sul,SC,Público,39.44,10.95,26.64,84.8,29.1,1177716,363.82,Baixo
2016,4,2016-04-01,Sul,RS,Público,22.73,48.55,48.77,216.3,25.7,4128864,104.67,Médio
2016,4,2016-04-01,Sul,RS,Público,32.87,53.04,73.16,73.1,29.0,2555385,112.77,Médio
2016,5,2016-05-01,Norte,AM,Industrial,7.29,50.29,30.56,138.4,26.3,4491511,160.6,Baixo
2016,5,2016-05-01,Norte,PA,Comercial,3.95,45.57,9.42,196.5,30.2,1523159,430.84,Baixo
2016,5,2016-05-01,Norte,PA,Agrícola,3.98,39.43,77.64,322.5,22.4,5431295,387.41,Crítico
2016,5,2016-05-01,Norte,RO,Público,2.29,24.94,33.4,196.4,30.5,3159758,232.69,Alto
2016,5,2016-05-01,Norte,TO,Público,24.88,37.38,74.94,118.6,25.7,1390125,232.61,Médio
2016,5,2016-05-01,Nordeste,BA,Comercial,8.31,37.86,37.97,157.9,26.9,5169349,301.95,Alto
2016,5,2016-05-01,Nordeste,BA,Industrial,22.05,15.95,52.62,70.7,27.1,4241172,204.05,Médio
2016,5,2016-05-01,Nordeste,PE,Comercial,38.5,23.96,66.92,71.1,30.6,546749,227.9,Baixo
2016,5,2016-05-01,Nordeste,PE,Agrícola,17.0,16.16,42.64,122.5,25.8,5043949,411.92,Médio
2016,5,2016-05-01,Nordeste,CE,Residencial,31.28,24.77,7.45,140.1,27.0,2518840,252.86,Alto
2016,5,2016-05-01,Nordeste,CE,Comercial,5.92,16.76,37.25,54.6,25.3,1190835,237.45,Crítico
2016,5,2016-05-01,Nordeste,MA,Público,25.52,17.29,57.19,39.4,29.5,3415010,447.44,Médio
2016,5,2016-05-01,Nordeste,PB,Industrial,38.82,11.23,33.05,72.8,23.2,1936138,410.7,Crítico
2016,5,2016-05-01,Centro-Oeste,DF,Comercial,5.68,51.25,21.75,71.3,24.9,1145833,280.87,Baixo
2016,5,2016-05-01,Centro-Oeste,GO,Residencial,21.93,15.09,57.3,68.0,25.9,5644813,267.53,Baixo
2016,5,2016-05-01,Centro-Oeste,GO,Público,7.98,30.1,55.44,224.2,29.5,203631,294.32,Médio
2016,5,2016-05-01,Centro-Oeste,MT,Comercial,10.49,37.44,92.96,38.8,27.4,5014010,229.94,Médio
2016,5,2016-05-01,Centro-Oeste,MS,Industrial,22.79,15.21,36.75,61.7,27.7,3666572,390.05,Médio
2016,5,2016-05-01,Sudeste,SP,Agrícola,2.01,48.15,46.64,42.5,23.7,5390843,218.34,Baixo
2016,5,2016-05-01,Sudeste,SP,Público,19.24,11.3,80.94,79.0,27.3,2761158,151.15,Alto
2016,5,2016-05-01,Sudeste,SP,Industrial,31.83,22.36,58.13,43.7,29.3,221054,217.13,Alto
2016,5,2016-05-01,Sudeste,RJ,Industrial,28.0,45.72,96.28,116.8,26.2,5867340,100.99,Alto
2016,5,2016-05-01,Sudeste,RJ,Residencial,4.06,44.55,22.04,242.9,26.1,549585,233.97,Baixo
2016,5,2016-05-01,Sudeste,RJ,Agrícola,36.14,24.98,54.63,134.2,26.6,5473313,449.61,Crítico
2016,5,2016-05-01,Sudeste,RJ,Comercial,31.29,23.29,48.54,53.8,30.8,5435812,329.35,Crítico
2016,5,2016-05-01,Sudeste,MG,Comercial,18.62,21.74,35.8,112.3,24.9,1149307,140.02,Médio
2016,5,2016-05-01,Sudeste,MG,Público,20.07,11.57,99.54,122.8,24.3,3074319,95.89,Crítico
2016,5,2016-05-01,Sudeste,MG,Agrícola,18.85,14.02,62.71,93.3,29.0,1317653,260.78,Alto
2016,5,2016-05-01,Sudeste,ES,Agrícola,11.97,37.85,62.14,90.6,26.9,1750798,360.22,Crítico
2016,5,2016-05-01,Sudeste,ES,Agrícola,14.16,20.75,5.73,156.7,25.4,1377355,259.48,Crítico
2016,5,2016-05-01,Sudeste,ES,Industrial,23.09,14.27,66.05,116.6,24.7,2525780,307.34,Médio
2016,5,2016-05-01,Sul,PR,Público,13.97,8.4,49.48,92.9,25.6,885789,130.59,Crítico
2016,5,2016-05-01,Sul,PR,Industrial,18.17,30.54,26.93,128.6,27.8,2594079,178.46,Baixo
2016,5,2016-05-01,Sul,SC,Público,27.64,16.29,56.56,55.7,29.1,178560,366.82,Baixo
2016,5,2016-05-01,Sul,SC,Industrial,27.41,23.83,16.17,79.8,23.4,205291,157.51,Baixo
2016,5,2016-05-01,Sul,RS,Agrícola,33.64,27.85,45.0,145.8,26.0,4466040,383.71,Crítico
2016,5,2016-05-01,Sul,RS,Industrial,16.83,13.09,73.39,25.7,21.3,4597809,274.68,Alto
2016,6,2016-06-01,Norte,AM,Comercial,15.4,35.12,40.14,129.8,29.8,1417391,135.17,Médio
2016,6,2016-06-01,Norte,PA,Industrial,9.19,41.23,96.15,85.9,33.4,4724041,320.6,Médio
2016,6,2016-06-01,Norte,PA,Público,14.69,28.76,48.41,84.5,27.5,3176936,214.32,Baixo
2016,6,2016-06-01,Norte,RO,Agrícola,34.86,20.95,95.61,124.0,26.2,896250,380.95,Baixo
2016,6,2016-06-01,Norte,TO,Residencial,38.23,28.59,49.37,118.6,22.6,501090,436.15,Crítico
2016,6,2016-06-01,Nordeste,BA,Residencial,27.2,46.51,50.71,116.9,26.7,3094105,330.88,Crítico
2016,6,2016-06-01,Nordeste,BA,Público,21.21,21.22,95.45,260.8,31.4,3007251,216.12,Médio
2016,6,2016-06-01,Nordeste,PE,Comercial,33.89,46.25,49.54,86.8,27.5,2817601,430.39,Médio
2016,6,2016-06-01,Nordeste,PE,Industrial,10.13,19.94,88.89,36.4,28.0,1965273,115.4,Alto
2016,6,2016-06-01,Nordeste,CE,Industrial,31.25,22.3,80.75,32.1,24.9,3870810,86.09,Médio
2016,6,2016-06-01,Nordeste,CE,Agrícola,27.3,13.96,12.87,99.2,26.8,192752,162.83,Alto
2016,6,2016-06-01,Nordeste,MA,Comercial,25.93,40.6,77.8,144.6,22.7,3908281,295.16,Crítico
2016,6,2016-06-01,Nordeste,PB,Público,30.07,50.67,35.0,214.4,25.5,1968091,360.1,Médio
2016,6,2016-06-01,Centro-Oeste,DF,Industrial,13.99,34.46,86.31,235.4,31.6,4544943,350.09,Baixo
2016,6,2016-06-01,Centro-Oeste,GO,Comercial,26.12,46.17,27.07,105.6,24.7,2139958,160.96,Médio
2016,6,2016-06-01,Centro-Oeste,GO,Agrícola,35.06,14.12,39.49,102.3,27.6,472284,375.0,Baixo
2016,6,2016-06-01,Centro-Oeste,MT,Público,27.28,23.3,95.05,44.6,23.4,683913,194.47,Médio
2016,6,2016-06-01,Centro-Oeste,MS,Industrial,37.11,27.91,90.8,81.8,29.5,4253316,222.56,Baixo
2016,6,2016-06-01,Sudeste,SP,Agrícola,31.14,37.2,84.19,49.2,24.5,1820774,185.09,Alto
2016,6,2016-06-01,Sudeste,SP,Público,27.33,46.6,72.21,70.8,26.6,4352878,419.11,Crítico
2016,6,2016-06-01,Sudeste,SP,Industrial,13.08,19.68,66.4,75.6,24.4,2709818,170.93,Crítico
2016,6,2016-06-01,Sudeste,RJ,Industrial,17.28,43.91,67.28,275.9,23.4,5928716,257.38,Crítico
2016,6,2016-06-01,Sudeste,RJ,Residencial,10.23,6.52,90.21,164.7,22.2,682269,305.09,Baixo
2016,6,2016-06-01,Sudeste,RJ,Residencial,3.4,28.66,35.82,38.6,31.1,5298742,96.66,Médio
2016,6,2016-06-01,Sudeste,RJ,Industrial,12.66,35.49,76.3,294.2,18.8,2205813,286.54,Alto
2016,6,2016-06-01,Sudeste,MG,Residencial,26.21,22.29,26.83,103.0,28.9,5484654,132.63,Médio
2016,6,2016-06-01,Sudeste,MG,Público,23.33,44.87,27.92,134.3,27.5,1040402,186.58,Médio
2016,6,2016-06-01,Sudeste,MG,Agrícola,10.25,24.2,76.22,41.7,24.2,3298050,245.4,Baixo
2016,6,2016-06-01,Sudeste,ES,Residencial,9.16,20.04,35.76,15.9,29.5,4475030,254.44,Alto
2016,6,2016-06-01,Sudeste,ES,Agrícola,24.33,30.99,11.5,47.7,25.9,5698873,152.58,Crítico
2016,6,2016-06-01,Sudeste,ES,Público,27.31,39.49,64.91,177.5,32.2,2778912,188.37,Crítico
2016,6,2016-06-01,Sul,PR,Comercial,36.62,24.19,48.97,127.2,23.3,2205400,291.41,Baixo
2016,6,2016-06-01,Sul,PR,Público,33.88,7.15,31.67,133.1,23.5,5690441,189.11,Alto
2016,6,2016-06-01,Sul,SC,Residencial,39.66,22.81,39.83,73.3,27.5,3693150,155.72,Alto
2016,6,2016-06-01,Sul,SC,Industrial,39.54,31.41,46.96,55.7,30.2,4575333,345.43,Crítico
2016,6,2016-06-01,Sul,RS,Residencial,37.7,19.51,28.72,125.3,27.0,4045229,112.15,Médio
2016,6,2016-06-01,Sul,RS,Público,11.54,38.46,25.46,51.3,29.2,5013589,103.54,Baixo
2016,7,2016-07-01,Norte,AM,Agrícola,16.33,46.46,66.46,102.3,25.8,3757079,403.75,Baixo
2016,7,2016-07-01,Norte,PA,Agrícola,23.32,46.83,20.42,196.1,21.1,3749510,123.32,Médio
2016,7,2016-07-01,Norte,PA,Agrícola,25.05,52.68,43.94,35.4,26.0,2136551,160.49,Crítico
2016,7,2016-07-01,Norte,RO,Industrial,25.95,10.77,58.42,78.8,23.1,5927505,295.35,Baixo
2016,7,2016-07-01,Norte,TO,Residencial,24.53,7.56,61.83,57.0,24.7,5088878,323.01,Crítico
2016,7,2016-07-01,Nordeste,BA,Comercial,37.09,30.6,65.67,124.7,26.0,4985713,310.43,Médio
2016,7,2016-07-01,Nordeste,BA,Agrícola,10.78,25.32,28.42,111.5,21.9,3680219,246.85,Alto
2016,7,2016-07-01,Nordeste,PE,Público,4.68,5.73,30.97,159.7,25.9,580752,288.84,Crítico
2016,7,2016-07-01,Nordeste,PE,Público,39.76,45.74,44.32,181.1,28.1,1971366,187.12,Baixo
2016,7,2016-07-01,Nordeste,CE,Industrial,6.08,33.76,32.28,171.2,21.4,5805251,317.68,Médio
2016,7,2016-07-01,Nordeste,CE,Residencial,28.78,11.05,31.73,155.7,30.0,5342091,226.95,Baixo
2016,7,2016-07-01,Nordeste,MA,Agrícola,16.46,18.08,84.41,70.1,25.1,5914510,444.0,Baixo
2016,7,2016-07-01,Nordeste,PB,Comercial,25.62,12.15,80.16,157.2,22.7,3222541,203.67,Crítico
2016,7,2016-07-01,Centro-Oeste,DF,Comercial,35.46,30.78,5.2,50.1,23.8,147924,262.25,Alto
2016,7,2016-07-01,Centro-Oeste,GO,Comercial,14.4,9.07,47.48,41.7,23.9,1426960,189.85,Médio
2016,7,2016-07-01,Centro-Oeste,GO,Agrícola,26.39,19.46,86.6,48.7,30.9,2939608,448.66,Baixo
2016,7,2016-07-01,Centro-Oeste,MT,Público,6.46,53.15,9.28,102.6,24.5,2896032,387.72,Alto
2016,7,2016-07-01,Centro-Oeste,MS,Comercial,34.12,13.24,79.95,53.6,29.4,3002862,325.89,Crítico
2016,7,2016-07-01,Sudeste,SP,Agrícola,35.24,43.25,78.04,118.1,26.1,2988080,267.67,Alto
2016,7,2016-07-01,Sudeste,SP,Público,37.09,22.45,45.75,72.1,24.1,1922338,430.55,Médio
2016,7,2016-07-01,Sudeste,SP,Agrícola,35.05,5.62,31.05,155.2,26.4,5372750,407.02,Alto
2016,7,2016-07-01,Sudeste,RJ,Agrícola,4.64,40.41,79.45,76.1,27.5,4313626,315.77,Alto
2016,7,2016-07-01,Sudeste,RJ,Agrícola,24.71,16.81,18.41,11.1,23.3,1866688,258.23,Alto
2016,7,2016-07-01,Sudeste,RJ,Industrial,11.06,20.41,67.13,39.6,28.6,5339524,166.98,Crítico
2016,7,2016-07-01,Sudeste,RJ,Comercial,16.38,51.19,88.16,193.1,26.8,3049472,258.25,Baixo
2016,7,2016-07-01,Sudeste,MG,Comercial,38.17,24.63,23.22,155.4,24.4,803617,152.52,Médio
2016,7,2016-07-01,Sudeste,MG,Residencial,24.62,37.58,82.31,65.9,28.3,5772011,299.26,Médio
2016,7,2016-07-01,Sudeste,MG,Agrícola,9.66,40.26,5.15,47.9,26.9,5156596,179.2,Alto
2016,7,2016-07-01,Sudeste,ES,Industrial,24.07,54.57,78.26,43.2,23.0,5567115,90.03,Médio
2016,7,2016-07-01,Sudeste,ES,Comercial,38.97,33.64,36.9,68.1,28.9,3409493,356.66,Crítico
2016,7,2016-07-01,Sudeste,ES,Agrícola,37.84,11.4,18.32,105.0,23.8,572428,86.59,Alto
2016,7,2016-07-01,Sul,PR,Público,22.99,28.3,95.0,192.2,27.1,2873101,270.63,Crítico
2016,7,2016-07-01,Sul,PR,Agrícola,30.79,29.26,77.08,42.7,25.6,5167029,377.2,Baixo
2016,7,2016-07-01,Sul,SC,Industrial,4.95,16.61,77.4,103.2,24.9,1589485,419.38,Médio
2016,7,2016-07-01,Sul,SC,Agrícola,34.47,5.33,28.55,73.0,27.7,182894,162.97,Médio
2016,7,2016-07-01,Sul,RS,Agrícola,10.4,7.62,26.35,82.3,25.6,1045444,363.45,Médio
2016,7,2016-07-01,Sul,RS,Residencial,37.32,27.03,30.23,208.2,23.3,4517966,246.46,Crítico
2016,8,2016-08-01,Norte,AM,Residencial,4.86,36.72,99.74,139.8,27.6,5465160,267.29,Alto
2016,8,2016-08-01,Norte,PA,Residencial,24.06,49.08,6.61,123.9,23.0,4949616,133.53,Alto
2016,8,2016-08-01,Norte,PA,Industrial,13.37,14.98,62.49,64.5,25.1,2360859,449.59,Crítico
2016,8,2016-08-01,Norte,RO,Comercial,4.2,41.0,38.4,50.3,27.1,2695164,231.14,Crítico
2016,8,2016-08-01,Norte,TO,Residencial,2.82,37.95,91.83,177.3,27.5,4203017,446.12,Baixo
2016,8,2016-08-01,Nordeste,BA,Residencial,26.58,54.8,43.29,92.6,26.4,4829295,119.87,Crítico
2016,8,2016-08-01,Nordeste,BA,Agrícola,8.97,39.83,43.69,73.8,26.9,735147,144.68,Alto
2016,8,2016-08-01,Nordeste,PE,Industrial,2.69,39.41,61.64,63.4,27.2,3890443,416.36,Crítico
2016,8,2016-08-01,Nordeste,PE,Comercial,16.89,50.06,83.95,108.0,27.1,437682,356.4,Crítico
2016,8,2016-08-01,Nordeste,CE,Agrícola,27.09,33.88,73.07,104.2,25.2,3821937,344.55,Médio
2016,8,2016-08-01,Nordeste,CE,Comercial,13.24,49.6,79.41,209.3,19.8,4202060,141.7,Crítico
2016,8,2016-08-01,Nordeste,MA,Residencial,27.8,18.93,53.71,78.2,23.6,3918601,187.08,Crítico
2016,8,2016-08-01,Nordeste,PB,Comercial,10.57,23.65,82.63,118.0,27.6,2052824,243.23,Baixo
2016,8,2016-08-01,Centro-Oeste,DF,Industrial,20.21,38.93,90.6,71.2,29.5,352293,105.57,Alto
2016,8,2016-08-01,Centro-Oeste,GO,Público,12.41,14.37,18.23,139.3,29.2,3710327,219.88,Crítico
2016,8,2016-08-01,Centro-Oeste,GO,Agrícola,24.95,29.15,56.5,23.8,24.4,2801317,220.16,Alto
2016,8,2016-08-01,Centro-Oeste,MT,Público,18.95,35.06,70.28,136.5,27.2,1014371,289.66,Alto
2016,8,2016-08-01,Centro-Oeste,MS,Industrial,18.08,34.55,81.44,94.7,27.4,4920017,279.4,Baixo
2016,8,2016-08-01,Sudeste,SP,Comercial,29.61,29.3,53.84,38.3,30.1,5795321,342.95,Crítico
2016,8,2016-08-01,Sudeste,SP,Comercial,7.92,31.67,20.81,39.1,27.0,3482765,207.26,Alto
2016,8,2016-08-01,Sudeste,SP,Comercial,24.08,42.68,7.28,117.4,27.0,477068,251.46,Crítico
2016,8,2016-08-01,Sudeste,RJ,Comercial,36.75,15.55,49.03,36.7,27.4,823428,229.46,Crítico
2016,8,2016-08-01,Sudeste,RJ,Industrial,10.21,17.91,5.11,107.8,29.6,1736038,258.54,Baixo
2016,8,2016-08-01,Sudeste,RJ,Público,24.07,17.81,36.08,121.2,31.2,3936365,222.9,Alto
2016,8,2016-08-01,Sudeste,RJ,Industrial,20.62,52.64,44.03,98.4,25.5,3842219,303.4,Alto
2016,8,2016-08-01,Sudeste,MG,Público,23.88,50.48,19.62,136.7,31.0,346479,419.37,Crítico
2016,8,2016-08-01,Sudeste,MG,Residencial,3.53,30.32,81.93,221.0,26.5,1167268,97.1,Crítico
2016,8,2016-08-01,Sudeste,MG,Público,20.58,20.13,62.93,83.6,24.8,4360738,203.08,Crítico
2016,8,2016-08-01,Sudeste,ES,Comercial,9.53,34.4,72.2,81.0,29.9,2144439,284.69,Médio
2016,8,2016-08-01,Sudeste,ES,Público,37.21,40.62,40.61,91.6,30.2,3270142,211.12,Médio
2016,8,2016-08-01,Sudeste,ES,Residencial,3.82,53.35,21.57,44.7,19.2,5032350,126.5,Crítico
2016,8,2016-08-01,Sul,PR,Agrícola,30.68,7.97,90.71,123.9,26.6,3496433,296.78,Baixo
2016,8,2016-08-01,Sul,PR,Agrícola,25.09,28.96,77.16,168.5,22.4,2887629,156.84,Crítico
2016,8,2016-08-01,Sul,SC,Público,19.86,10.01,99.77,205.8,25.3,981649,249.8,Baixo
2016,8,2016-08-01,Sul,SC,Agrícola,32.48,53.24,20.73,117.4,22.2,3216032,221.19,Alto
2016,8,2016-08-01,Sul,RS,Residencial,25.15,13.8,78.88,162.7,26.1,1131471,159.14,Crítico
2016,8,2016-08-01,Sul,RS,Público,39.44,10.44,45.24,63.6,31.6,1587912,186.54,Baixo
2016,9,2016-09-01,Norte,AM,Comercial,3.44,8.53,11.16,119.7,26.7,2078686,266.82,Alto
2016,9,2016-09-01,Norte,PA,Agrícola,16.5,13.01,98.91,31.9,26.1,1824601,201.09,Baixo
2016,9,2016-09-01,Norte,PA,Industrial,9.02,8.67,35.73,140.1,32.1,4335092,441.02,Baixo
2016,9,2016-09-01,Norte,RO,Público,7.69,20.41,92.32,102.8,28.0,679238,145.49,Médio
2016,9,2016-09-01,Norte,TO,Residencial,25.53,15.89,61.18,160.8,23.2,597848,298.02,Baixo
2016,9,2016-09-01,Nordeste,BA,Industrial,9.36,10.99,41.7,192.0,24.7,5264397,89.2,Alto
2016,9,2016-09-01,Nordeste,BA,Industrial,32.95,43.23,13.96,159.9,28.0,1062635,337.17,Alto
2016,9,2016-09-01,Nordeste,PE,Agrícola,19.37,51.9,26.02,139.4,18.8,2575578,203.2,Alto
2016,9,2016-09-01,Nordeste,PE,Industrial,15.26,30.48,83.92,147.0,24.1,1030791,423.87,Alto
2016,9,2016-09-01,Nordeste,CE,Residencial,12.26,42.89,93.56,57.1,25.0,4718885,362.83,Médio
2016,9,2016-09-01,Nordeste,CE,Público,2.45,42.59,94.09,235.0,22.8,2811473,80.62,Crítico
2016,9,2016-09-01,Nordeste,MA,Público,24.77,50.81,58.56,51.3,32.6,3460769,204.61,Crítico
2016,9,2016-09-01,Nordeste,PB,Residencial,3.27,40.48,33.91,143.4,24.0,5913511,443.46,Médio
2016,9,2016-09-01,Centro-Oeste,DF,Comercial,11.44,28.63,80.66,50.8,27.7,1887133,90.06,Médio
2016,9,2016-09-01,Centro-Oeste,GO,Público,26.21,10.4,78.47,39.4,21.4,4965772,279.56,Médio
2016,9,2016-09-01,Centro-Oeste,GO,Comercial,5.24,23.08,30.49,19.6,30.9,2334069,119.26,Baixo
2016,9,2016-09-01,Centro-Oeste,MT,Residencial,30.63,28.98,35.92,322.2,28.0,5809052,444.97,Crítico
2016,9,2016-09-01,Centro-Oeste,MS,Residencial,39.09,40.81,48.96,52.9,22.5,3157099,244.49,Alto
2016,9,2016-09-01,Sudeste,SP,Público,8.37,19.57,26.88,104.1,28.5,4279805,400.31,Crítico
2016,9,2016-09-01,Sudeste,SP,Industrial,37.48,27.15,10.16,193.8,20.6,1668021,117.34,Baixo
2016,9,2016-09-01,Sudeste,SP,Público,28.28,38.03,43.8,75.6,26.0,4630705,335.83,Crítico
2016,9,2016-09-01,Sudeste,RJ,Comercial,27.49,21.75,91.24,188.2,21.3,3520912,123.3,Alto
2016,9,2016-09-01,Sudeste,RJ,Industrial,37.24,26.41,98.74,77.3,25.3,3860322,153.56,Baixo
2016,9,2016-09-01,Sudeste,RJ,Comercial,23.89,44.36,54.18,115.8,29.1,2185487,159.12,Alto
2016,9,2016-09-01,Sudeste,RJ,Agrícola,16.63,17.15,73.5,75.3,25.9,4444898,247.1,Baixo
2016,9,2016-09-01,Sudeste,MG,Comercial,5.41,41.37,15.48,34.3,29.1,3822469,163.56,Alto
2016,9,2016-09-01,Sudeste,MG,Residencial,31.07,21.16,10.67,47.7,28.3,5047628,129.49,Médio
2016,9,2016-09-01,Sudeste,MG,Industrial,6.34,17.04,23.19,41.8,23.9,3798960,365.93,Médio
2016,9,2016-09-01,Sudeste,ES,Agrícola,28.51,22.38,91.56,123.7,29.0,1047180,107.83,Crítico
2016,9,2016-09-01,Sudeste,ES,Comercial,10.24,53.88,43.63,127.6,26.9,4138499,150.04,Baixo
2016,9,2016-09-01,Sudeste,ES,Comercial,21.9,15.04,44.21,80.8,23.1,770157,245.8,Médio
2016,9,2016-09-01,Sul,PR,Agrícola,8.89,35.83,41.21,74.2,26.3,1423630,176.37,Alto
2016,9,2016-09-01,Sul,PR,Comercial,18.72,18.6,43.22,138.2,27.7,333538,428.3,Crítico
2016,9,2016-09-01,Sul,SC,Agrícola,20.71,26.46,95.27,62.4,26.5,377974,384.97,Crítico
2016,9,2016-09-01,Sul,SC,Residencial,32.2,7.28,62.65,50.0,22.8,2273556,253.22,Crítico
2016,9,2016-09-01,Sul,RS,Agrícola,27.67,36.43,55.13,219.3,25.6,3191865,302.83,Baixo
2016,9,2016-09-01,Sul,RS,Comercial,19.31,46.66,23.54,78.4,26.7,1159379,117.12,Baixo
2016,10,2016-10-01,Norte,AM,Comercial,19.69,42.72,49.0,110.4,27.0,2470832,90.07,Baixo
2016,10,2016-10-01,Norte,PA,Residencial,34.89,26.96,59.58,279.8,24.3,1181276,258.03,Baixo
2016,10,2016-10-01,Norte,PA,Residencial,32.26,8.78,10.83,86.4,25.2,5740784,185.2,Baixo
2016,10,2016-10-01,Norte,RO,Agrícola,7.97,22.8,24.21,171.2,25.5,5353740,417.98,Crítico
2016,10,2016-10-01,Norte,TO,Industrial,5.64,14.61,41.48,230.3,26.9,3355832,322.03,Alto
2016,10,2016-10-01,Nordeste,BA,Comercial,31.86,15.41,49.08,37.8,25.2,2528772,172.5,Médio
2016,10,2016-10-01,Nordeste,BA,Comercial,33.4,28.73,19.9,264.0,27.1,5932026,184.4,Médio
2016,10,2016-10-01,Nordeste,PE,Comercial,16.84,10.56,29.85,139.4,27.8,993043,227.95,Alto
2016,10,2016-10-01,Nordeste,PE,Agrícola,12.0,19.1,93.03,96.0,21.8,3013028,445.42,Baixo
2016,10,2016-10-01,Nordeste,CE,Residencial,20.41,41.45,30.2,148.7,26.1,2744892,230.52,Crítico
2016,10,2016-10-01,Nordeste,CE,Residencial,2.17,51.04,29.63,215.8,28.6,3796888,244.9,Baixo
2016,10,2016-10-01,Nordeste,MA,Comercial,24.78,31.41,58.75,284.8,18.0,5737928,154.53,Crítico
2016,10,2016-10-01,Nordeste,PB,Comercial,21.91,23.05,62.37,88.6,25.8,577097,286.07,Alto
2016,10,2016-10-01,Centro-Oeste,DF,Agrícola,7.55,45.28,58.26,278.9,26.4,5550935,317.77,Crítico
2016,10,2016-10-01,Centro-Oeste,GO,Industrial,28.23,13.65,99.19,93.8,20.8,5193914,313.62,Crítico
2016,10,2016-10-01,Centro-Oeste,GO,Residencial,17.4,7.14,52.22,133.2,28.5,1840984,369.16,Alto
2016,10,2016-10-01,Centro-Oeste,MT,Comercial,30.58,23.45,57.11,93.3,23.3,651347,422.01,Baixo
2016,10,2016-10-01,Centro-Oeste,MS,Público,19.3,39.22,91.26,132.6,28.5,3666384,399.24,Alto
2016,10,2016-10-01,Sudeste,SP,Comercial,17.44,47.73,82.5,139.3,28.4,2492459,366.1,Médio
2016,10,2016-10-01,Sudeste,SP,Agrícola,12.0,7.26,68.71,132.2,23.4,4614851,145.75,Alto
2016,10,2016-10-01,Sudeste,SP,Público,39.07,19.12,73.68,128.4,28.4,2910342,294.94,Crítico
2016,10,2016-10-01,Sudeste,RJ,Público,5.71,44.8,73.64,76.3,26.5,1804499,118.63,Médio
2016,10,2016-10-01,Sudeste,RJ,Agrícola,3.42,12.62,38.4,100.5,26.3,4236828,208.88,Crítico
2016,10,2016-10-01,Sudeste,RJ,Público,38.43,18.29,7.35,75.5,24.7,1202619,126.92,Crítico
2016,10,2016-10-01,Sudeste,RJ,Agrícola,7.89,30.85,38.02,119.4,26.9,1526520,438.69,Baixo
2016,10,2016-10-01,Sudeste,MG,Comercial,5.4,8.4,73.92,34.9,26.6,4459694,207.77,Baixo
2016,10,2016-10-01,Sudeste,MG,Residencial,39.46,45.9,78.93,405.1,24.4,439904,245.05,Crítico
2016,10,2016-10-01,Sudeste,MG,Agrícola,4.96,39.07,50.24,153.5,25.7,2996293,422.98,Baixo
2016,10,2016-10-01,Sudeste,ES,Comercial,3.47,35.17,7.97,137.5,25.6,2274543,172.23,Baixo
2016,10,2016-10-01,Sudeste,ES,Agrícola,19.11,36.43,22.71,201.7,30.3,5773559,445.03,Crítico
2016,10,2016-10-01,Sudeste,ES,Comercial,21.14,24.1,81.2,41.7,26.9,4201000,94.01,Baixo
2016,10,2016-10-01,Sul,PR,Agrícola,24.75,8.78,43.2,88.7,26.6,5117689,417.5,Baixo
2016,10,2016-10-01,Sul,PR,Industrial,36.56,50.28,43.42,27.5,23.1,5894456,408.78,Baixo
2016,10,2016-10-01,Sul,SC,Comercial,20.17,35.36,5.37,231.4,28.5,3148717,285.47,Crítico
2016,10,2016-10-01,Sul,SC,Residencial,26.46,6.18,77.59,68.4,18.5,3126117,407.29,Médio
2016,10,2016-10-01,Sul,RS,Público,20.57,53.41,92.53,116.1,24.4,2578325,378.09,Médio
2016,10,2016-10-01,Sul,RS,Comercial,27.91,39.9,96.91,63.8,28.1,4338369,350.7,Alto
2016,11,2016-11-01,Norte,AM,Público,9.06,50.33,32.46,75.7,30.9,1748432,259.17,Médio
2016,11,2016-11-01,Norte,PA,Residencial,17.51,49.12,10.44,149.8,26.7,4012470,416.23,Baixo
2016,11,2016-11-01,Norte,PA,Industrial,36.22,8.06,48.59,60.1,27.0,399755,445.06,Alto
2016,11,2016-11-01,Norte,RO,Comercial,24.15,22.57,39.17,104.2,27.2,2473298,276.13,Alto
2016,11,2016-11-01,Norte,TO,Industrial,4.22,42.67,41.66,97.4,23.6,3477525,114.5,Alto
2016,11,2016-11-01,Nordeste,BA,Industrial,33.98,48.75,67.6,136.1,33.4,825538,309.92,Alto
2016,11,2016-11-01,Nordeste,BA,Público,18.4,6.84,61.8,44.8,25.8,4814162,203.44,Médio
2016,11,2016-11-01,Nordeste,PE,Residencial,21.79,45.88,98.82,92.4,25.3,2988610,241.92,Crítico
2016,11,2016-11-01,Nordeste,PE,Agrícola,5.97,49.99,5.39,99.1,24.3,3775544,432.41,Médio
2016,11,2016-11-01,Nordeste,CE,Comercial,34.79,33.65,63.67,95.3,24.4,1188313,283.18,Crítico
2016,11,2016-11-01,Nordeste,CE,Residencial,30.26,14.73,64.01,104.3,28.1,2794684,85.5,Baixo
2016,11,2016-11-01,Nordeste,MA,Público,17.27,31.32,98.44,121.1,26.5,2053568,405.7,Alto
2016,11,2016-11-01,Nordeste,PB,Comercial,13.94,35.41,69.62,83.4,26.6,1273687,89.64,Médio
2016,11,2016-11-01,Centro-Oeste,DF,Comercial,15.83,36.91,27.74,22.5,30.7,4697619,234.46,Baixo
2016,11,2016-11-01,Centro-Oeste,GO,Industrial,14.97,39.25,91.87,71.4,23.0,4765590,448.29,Alto
2016,11,2016-11-01,Centro-Oeste,GO,Agrícola,32.72,12.87,33.96,70.0,23.3,2219168,425.29,Crítico
2016,11,2016-11-01,Centro-Oeste,MT,Residencial,19.04,45.79,64.17,63.6,23.2,3483050,346.42,Baixo
2016,11,2016-11-01,Centro-Oeste,MS,Industrial,28.02,11.15,39.28,68.9,26.8,5528787,307.92,Alto
2016,11,2016-11-01,Sudeste,SP,Comercial,35.78,23.13,79.45,158.2,22.7,2727461,310.26,Alto
2016,11,2016-11-01,Sudeste,SP,Comercial,4.21,46.21,29.11,184.5,33.6,520384,190.27,Alto
2016,11,2016-11-01,Sudeste,SP,Industrial,10.48,54.57,17.95,113.0,28.0,489530,314.02,Crítico
2016,11,2016-11-01,Sudeste,RJ,Industrial,2.12,52.22,5.35,89.9,25.2,4516231,283.61,Alto
2016,11,2016-11-01,Sudeste,RJ,Residencial,21.46,34.77,94.69,33.4,24.4,5808994,331.01,Médio
2016,11,2016-11-01,Sudeste,RJ,Industrial,32.05,27.63,41.31,78.9,25.2,2752503,147.98,Crítico
2016,11,2016-11-01,Sudeste,RJ,Industrial,9.96,39.45,92.42,120.5,28.4,410828,417.86,Alto
2016,11,2016-11-01,Sudeste,MG,Industrial,36.81,5.44,62.92,91.0,22.4,3014848,252.75,Alto
2016,11,2016-11-01,Sudeste,MG,Agrícola,13.97,8.03,29.45,89.8,30.3,293641,143.52,Médio
2016,11,2016-11-01,Sudeste,MG,Comercial,20.54,12.2,19.6,155.7,28.6,5481446,113.47,Alto
2016,11,2016-11-01,Sudeste,ES,Residencial,35.96,38.4,91.76,124.4,23.5,1480527,377.81,Médio
2016,11,2016-11-01,Sudeste,ES,Agrícola,9.84,29.49,39.57,133.5,26.9,5101380,323.93,Médio
2016,11,2016-11-01,Sudeste,ES,Residencial,33.47,27.3,85.9,149.8,29.8,2062613,311.78,Médio
2016,11,2016-11-01,Sul,PR,Comercial,24.28,37.18,43.65,125.3,26.2,1348432,194.94,Crítico
2016,11,2016-11-01,Sul,PR,Agrícola,19.97,7.58,48.83,301.6,23.2,3969830,346.81,Alto
2016,11,2016-11-01,Sul,SC,Comercial,17.64,46.73,27.46,40.4,24.7,197572,449.91,Baixo
2016,11,2016-11-01,Sul,SC,Comercial,20.69,15.78,78.69,83.6,23.8,740101,319.56,Baixo
2016,11,2016-11-01,Sul,RS,Industrial,37.83,24.05,33.56,131.4,31.9,3337614,400.13,Médio
2016,11,2016-11-01,Sul,RS,Agrícola,30.09,30.34,34.94,111.8,25.0,2960611,182.42,Crítico
2016,12,2016-12-01,Norte,AM,Comercial,16.23,34.88,96.38,24.5,26.2,5946697,145.97,Alto
2016,12,2016-12-01,Norte,PA,Residencial,2.62,46.61,28.09,246.7,24.4,3806860,372.92,Crítico
2016,12,2016-12-01,Norte,PA,Industrial,17.51,7.73,19.98,40.2,28.2,4491540,178.78,Baixo
2016,12,2016-12-01,Norte,RO,Agrícola,38.45,47.0,53.43,106.9,24.1,3023030,200.54,Médio
2016,12,2016-12-01,Norte,TO,Público,30.38,26.93,96.99,58.2,24.8,5958730,260.65,Médio
2016,12,2016-12-01,Nordeste,BA,Comercial,31.24,5.9,62.82,30.5,23.7,1468534,442.19,Alto
2016,12,2016-12-01,Nordeste,BA,Público,20.67,11.17,81.87,129.5,26.8,4968662,254.78,Alto
2016,12,2016-12-01,Nordeste,PE,Comercial,35.21,32.39,5.71,78.9,27.7,3894156,344.85,Crítico
2016,12,2016-12-01,Nordeste,PE,Público,15.59,41.1,50.18,102.4,27.7,1213061,260.17,Alto
2016,12,2016-12-01,Nordeste,CE,Público,31.72,54.73,21.08,53.7,26.2,3751293,440.14,Alto
2016,12,2016-12-01,Nordeste,CE,Comercial,34.1,24.51,48.59,68.8,30.6,5178987,342.36,Baixo
2016,12,2016-12-01,Nordeste,MA,Agrícola,12.3,30.21,72.68,99.1,31.1,1674642,385.75,Médio
2016,12,2016-12-01,Nordeste,PB,Residencial,32.81,37.71,57.97,144.5,17.8,5869366,355.28,Médio
2016,12,2016-12-01,Centro-Oeste,DF,Agrícola,22.44,35.57,23.3,64.7,25.4,2817239,404.98,Baixo
2016,12,2016-12-01,Centro-Oeste,GO,Residencial,22.03,15.54,62.67,92.2,25.1,4299156,401.03,Baixo
2016,12,2016-12-01,Centro-Oeste,GO,Agrícola,35.8,35.31,44.48,47.7,26.9,4638203,279.27,Crítico
2016,12,2016-12-01,Centro-Oeste,MT,Residencial,11.1,44.34,73.4,191.5,23.8,328616,112.41,Alto
2016,12,2016-12-01,Centro-Oeste,MS,Público,8.24,30.66,53.47,69.5,21.6,2137191,81.43,Médio
2016,12,2016-12-01,Sudeste,SP,Agrícola,20.0,37.56,68.39,114.9,31.1,4028519,186.08,Médio
2016,12,2016-12-01,Sudeste,SP,Agrícola,19.51,53.44,56.6,28.0,19.9,3331336,387.5,Baixo
2016,12,2016-12-01,Sudeste,SP,Comercial,2.86,34.6,14.72,219.6,25.2,5703854,265.32,Baixo
2016,12,2016-12-01,Sudeste,RJ,Industrial,5.65,10.89,38.13,77.4,32.0,988285,225.35,Crítico
2016,12,2016-12-01,Sudeste,RJ,Público,31.63,36.89,9.81,130.8,23.3,4816063,262.83,Médio
2016,12,2016-12-01,Sudeste,RJ,Agrícola,17.69,53.13,56.03,151.9,24.9,3108766,427.01,Crítico
2016,12,2016-12-01,Sudeste,RJ,Industrial,8.87,54.42,93.49,84.0,24.1,1571842,347.78,Alto
2016,12,2016-12-01,Sudeste,MG,Comercial,18.64,37.54,49.96,93.8,23.6,2558258,163.36,Baixo
2016,12,2016-12-01,Sudeste,MG,Industrial,11.23,20.19,17.78,32.5,25.6,5064018,160.43,Médio
2016,12,2016-12-01,Sudeste,MG,Residencial,16.34,20.58,45.24,210.4,23.6,3883300,352.83,Médio
2016,12,2016-12-01,Sudeste,ES,Comercial,16.0,20.86,40.93,135.2,27.8,3843401,80.17,Alto
2016,12,2016-12-01,Sudeste,ES,Industrial,13.09,35.33,5.96,52.6,29.1,4324993,394.76,Médio
2016,12,2016-12-01,Sudeste,ES,Comercial,26.37,49.85,53.76,170.6,24.1,1077245,327.2,Baixo
2016,12,2016-12-01,Sul,PR,Comercial,8.35,35.95,6.6,76.8,28.7,3221705,430.14,Médio
2016,12,2016-12-01,Sul,PR,Industrial,13.32,39.11,13.02,105.6,27.9,1631674,403.06,Médio
2016,12,2016-12-01,Sul,SC,Público,31.93,9.23,63.31,94.5,28.7,2296084,301.77,Alto
2016,12,2016-12-01,Sul,SC,Industrial,33.75,48.63,6.73,297.9,29.4,3279762,371.59,Crítico
2016,12,2016-12-01,Sul,RS,Comercial,37.37,17.73,7.96,88.7,21.9,955026,417.87,Baixo
2016,12,2016-12-01,Sul,RS,Residencial,8.63,35.98,45.29,213.1,23.5,5969994,300.5,Médio
2017,1,2017-01-01,Norte,AM,Industrial,4.15,21.93,21.78,35.1,25.6,170400,241.51,Alto
2017,1,2017-01-01,Norte,PA,Público,12.82,47.21,64.46,148.8,27.1,316123,364.68,Baixo
2017,1,2017-01-01,Norte,PA,Residencial,10.76,42.94,21.98,199.1,21.0,659855,92.29,Médio
2017,1,2017-01-01,Norte,RO,Público,13.14,47.9,45.67,91.1,25.3,643098,408.75,Crítico
2017,1,2017-01-01,Norte,TO,Público,37.18,23.33,61.15,284.2,28.6,4732639,83.54,Médio
2017,1,2017-01-01,Nordeste,BA,Público,21.29,54.41,76.75,87.6,23.4,4584054,109.39,Médio
2017,1,2017-01-01,Nordeste,BA,Público,21.85,14.1,41.21,92.3,28.5,5757986,314.4,Crítico
2017,1,2017-01-01,Nordeste,PE,Agrícola,32.88,41.04,11.52,108.6,27.4,2446431,130.83,Alto
2017,1,2017-01-01,Nordeste,PE,Público,4.87,51.34,15.93,62.2,19.8,4083229,444.23,Médio
2017,1,2017-01-01,Nordeste,CE,Agrícola,22.99,23.31,25.71,113.1,31.1,721749,313.51,Baixo
2017,1,2017-01-01,Nordeste,CE,Comercial,21.86,54.31,12.54,125.3,21.6,4434425,237.25,Crítico
2017,1,2017-01-01,Nordeste,MA,Industrial,10.57,23.25,99.71,137.9,27.2,3866855,83.86,Crítico
2017,1,2017-01-01,Nordeste,PB,Industrial,13.76,34.26,66.64,120.1,24.1,2517328,110.74,Baixo
2017,1,2017-01-01,Centro-Oeste,DF,Industrial,26.38,12.31,73.14,86.1,29.9,3896743,255.74,Médio
2017,1,2017-01-01,Centro-Oeste,GO,Comercial,28.45,31.77,38.62,56.7,23.8,4369717,152.0,Médio
2017,1,2017-01-01,Centro-Oeste,GO,Agrícola,32.45,34.01,32.36,111.0,28.4,5598547,229.14,Médio
2017,1,2017-01-01,Centro-Oeste,MT,Residencial,13.82,18.85,77.35,128.8,26.5,277213,286.96,Crítico
2017,1,2017-01-01,Centro-Oeste,MS,Residencial,13.2,27.59,46.84,128.1,20.2,1021820,440.65,Crítico
2017,1,2017-01-01,Sudeste,SP,Industrial,3.97,20.1,25.11,141.7,28.5,4128195,319.81,Crítico
2017,1,2017-01-01,Sudeste,SP,Agrícola,38.41,9.08,60.68,165.9,28.2,5523769,188.47,Alto
2017,1,2017-01-01,Sudeste,SP,Comercial,33.48,43.99,10.15,125.0,24.0,5097214,82.47,Alto
2017,1,2017-01-01,Sudeste,RJ,Residencial,30.79,20.32,64.49,113.8,28.3,2297950,375.52,Baixo
2017,1,2017-01-01,Sudeste,RJ,Público,5.78,7.69,81.04,218.9,24.1,5854186,197.18,Crítico
2017,1,2017-01-01,Sudeste,RJ,Residencial,27.01,30.46,29.52,83.1,30.8,262422,217.96,Médio
2017,1,2017-01-01,Sudeste,RJ,Industrial,13.52,28.3,32.19,94.7,22.9,3995131,393.88,Médio
2017,1,2017-01-01,Sudeste,MG,Comercial,16.4,40.5,16.87,244.5,28.2,1583662,117.9,Alto
2017,1,2017-01-01,Sudeste,MG,Industrial,6.1,53.56,33.95,23.4,25.0,3906617,258.66,Médio
2017,1,2017-01-01,Sudeste,MG,Residencial,17.48,47.66,35.47,160.2,31.0,4717420,219.17,Alto
2017,1,2017-01-01,Sudeste,ES,Residencial,29.64,6.98,74.68,88.2,26.2,1358493,84.52,Alto
2017,1,2017-01-01,Sudeste,ES,Industrial,32.09,31.42,81.16,28.4,21.2,5173495,428.15,Alto
2017,1,2017-01-01,Sudeste,ES,Industrial,24.46,36.34,23.64,110.0,20.9,1119940,187.84,Médio
2017,1,2017-01-01,Sul,PR,Comercial,29.84,27.96,93.24,74.1,18.0,1736880,203.99,Médio
2017,1,2017-01-01,Sul,PR,Industrial,31.9,5.41,72.69,100.3,26.1,5601141,162.99,Alto
2017,1,2017-01-01,Sul,SC,Residencial,27.4,9.28,65.5,74.7,24.8,1763618,394.02,Alto
2017,1,2017-01-01,Sul,SC,Comercial,27.75,23.74,35.44,65.0,30.6,3659190,167.51,Baixo
2017,1,2017-01-01,Sul,RS,Público,6.86,38.77,92.41,121.3,25.2,1539020,407.36,Baixo
2017,1,2017-01-01,Sul,RS,Público,26.94,20.96,71.23,240.9,23.3,5841246,160.16,Crítico
2017,2,2017-02-01,Norte,AM,Industrial,35.53,43.75,78.78,118.1,21.2,3067812,268.8,Alto
2017,2,2017-02-01,Norte,PA,Industrial,6.2,53.54,64.22,47.6,24.0,5431403,271.41,Baixo
2017,2,2017-02-01,Norte,PA,Industrial,23.77,20.37,77.63,61.4,25.5,5886353,245.6,Médio
2017,2,2017-02-01,Norte,RO,Público,18.23,35.23,5.83,27.6,22.2,1120839,232.73,Baixo
2017,2,2017-02-01,Norte,TO,Residencial,6.91,13.7,69.89,16.8,22.6,3242228,382.64,Médio
2017,2,2017-02-01,Nordeste,BA,Agrícola,2.06,41.03,71.03,61.9,28.3,4698105,335.69,Médio
2017,2,2017-02-01,Nordeste,BA,Agrícola,8.78,50.09,58.33,144.2,27.0,2653882,215.83,Médio
2017,2,2017-02-01,Nordeste,PE,Industrial,20.88,14.94,38.63,68.7,30.8,2711370,445.44,Baixo
2017,2,2017-02-01,Nordeste,PE,Público,30.08,26.24,68.25,75.1,18.8,4703919,216.66,Crítico
2017,2,2017-02-01,Nordeste,CE,Público,22.1,51.44,38.05,62.9,27.6,3510562,294.69,Médio
2017,2,2017-02-01,Nordeste,CE,Industrial,39.68,46.18,47.99,61.8,27.7,1891182,283.39,Crítico
2017,2,2017-02-01,Nordeste,MA,Comercial,4.4,25.66,35.27,153.2,27.0,2321531,416.48,Alto
2017,2,2017-02-01,Nordeste,PB,Agrícola,27.01,5.58,99.12,86.5,21.4,857824,345.17,Baixo
2017,2,2017-02-01,Centro-Oeste,DF,Comercial,13.4,17.16,27.45,38.3,23.0,296402,440.28,Alto
2017,2,2017-02-01,Centro-Oeste,GO,Industrial,36.7,37.79,27.83,52.3,26.7,2468552,200.35,Médio
2017,2,2017-02-01,Centro-Oeste,GO,Residencial,13.69,46.66,10.68,59.1,25.1,4974491,399.76,Médio
2017,2,2017-02-01,Centro-Oeste,MT,Comercial,24.44,46.22,40.88,100.7,26.4,2440026,433.85,Crítico
2017,2,2017-02-01,Centro-Oeste,MS,Residencial,27.87,30.92,19.1,108.5,33.6,4620202,121.68,Crítico
2017,2,2017-02-01,Sudeste,SP,Público,9.4,45.97,93.99,107.5,26.5,1585947,288.53,Baixo
2017,2,2017-02-01,Sudeste,SP,Agrícola,31.98,9.71,67.48,90.1,26.6,2642309,400.6,Médio
2017,2,2017-02-01,Sudeste,SP,Público,9.1,25.87,70.19,71.7,29.8,5965569,262.39,Médio
2017,2,2017-02-01,Sudeste,RJ,Público,7.18,44.53,44.83,67.5,25.5,1309732,165.46,Alto
2017,2,2017-02-01,Sudeste,RJ,Comercial,26.59,25.81,22.83,329.7,28.0,1283733,445.16,Baixo
2017,2,2017-02-01,Sudeste,RJ,Público,26.59,27.4,44.92,186.6,26.3,3259863,228.54,Alto
2017,2,2017-02-01,Sudeste,RJ,Comercial,21.58,37.02,67.85,115.4,32.6,1822204,277.79,Alto
2017,2,2017-02-01,Sudeste,MG,Comercial,20.56,15.98,36.08,166.6,28.2,517601,324.85,Alto
2017,2,2017-02-01,Sudeste,MG,Industrial,23.42,12.54,18.03,48.3,19.8,612788,233.59,Baixo
2017,2,2017-02-01,Sudeste,MG,Industrial,7.42,33.46,9.08,26.2,24.5,3357354,328.24,Crítico
2017,2,2017-02-01,Sudeste,ES,Comercial,3.19,15.0,87.5,112.6,23.5,4231337,298.99,Médio
2017,2,2017-02-01,Sudeste,ES,Industrial,34.19,43.73,19.87,26.3,26.7,1986986,227.38,Baixo
2017,2,2017-02-01,Sudeste,ES,Comercial,12.89,23.91,71.21,66.0,32.0,2916258,362.82,Médio
2017,2,2017-02-01,Sul,PR,Público,11.83,24.58,19.34,100.6,28.3,4715090,223.78,Baixo
2017,2,2017-02-01,Sul,PR,Comercial,20.41,20.78,70.56,44.1,21.4,185986,208.22,Alto
2017,2,2017-02-01,Sul,SC,Público,3.44,5.66,49.99,97.0,33.2,4790589,244.36,Alto
2017,2,2017-02-01,Sul,SC,Agrícola,39.07,45.66,32.88,176.7,22.3,4661675,165.99,Baixo
2017,2,2017-02-01,Sul,RS,Público,39.05,25.61,79.39,91.5,29.3,2045520,94.95,Alto
2017,2,2017-02-01,Sul,RS,Comercial,14.97,37.07,29.4,59.5,25.2,800792,429.51,Médio
2017,3,2017-03-01,Norte,AM,Comercial,37.05,25.84,77.88,125.1,31.4,3623001,357.35,Baixo
2017,3,2017-03-01,Norte,PA,Comercial,11.36,37.56,85.57,114.5,27.8,4875459,200.45,Baixo
2017,3,2017-03-01,Norte,PA,Industrial,3.56,53.51,61.34,38.7,18.7,5380782,262.09,Crítico
2017,3,2017-03-01,Norte,RO,Industrial,27.25,26.3,30.36,52.4,28.0,954563,424.81,Alto
2017,3,2017-03-01,Norte,TO,Industrial,37.91,30.27,23.44,116.0,27.7,2267177,221.0,Crítico
2017,3,2017-03-01,Nordeste,BA,Agrícola,35.36,42.56,56.36,115.0,20.9,1221585,123.84,Alto
2017,3,2017-03-01,Nordeste,BA,Público,3.44,13.95,77.07,165.1,25.6,4360568,355.19,Alto
2017,3,2017-03-01,Nordeste,PE,Público,22.42,18.12,11.25,103.8,23.5,2382208,355.71,Alto
2017,3,2017-03-01,Nordeste,PE,Industrial,36.59,22.55,79.8,84.7,23.6,4158561,86.6,Médio
2017,3,2017-03-01,Nordeste,CE,Público,3.4,31.84,21.05,135.4,25.9,1575608,330.82,Baixo
2017,3,2017-03-01,Nordeste,CE,Industrial,28.89,41.81,80.32,160.9,20.9,2008506,166.76,Médio
2017,3,2017-03-01,Nordeste,MA,Comercial,18.3,50.7,70.82,137.3,29.8,1743606,152.18,Crítico
2017,3,2017-03-01,Nordeste,PB,Industrial,21.58,42.73,21.29,24.1,21.5,1684700,410.73,Baixo
2017,3,2017-03-01,Centro-Oeste,DF,Residencial,6.6,27.15,43.37,324.6,26.0,4231242,362.03,Médio
2017,3,2017-03-01,Centro-Oeste,GO,Agrícola,19.64,20.96,45.71,69.3,22.4,1680069,413.86,Crítico
2017,3,2017-03-01,Centro-Oeste,GO,Residencial,12.12,12.48,94.15,137.0,28.5,3428731,162.1,Médio
2017,3,2017-03-01,Centro-Oeste,MT,Público,19.77,6.71,5.24,66.6,25.7,212131,374.48,Médio
2017,3,2017-03-01,Centro-Oeste,MS,Público,6.25,23.31,92.31,55.7,23.0,4857359,253.94,Crítico
2017,3,2017-03-01,Sudeste,SP,Público,27.98,20.57,97.42,73.9,21.5,5051502,402.58,Médio
2017,3,2017-03-01,Sudeste,SP,Comercial,23.95,16.07,54.72,61.9,27.1,3863565,106.0,Alto
2017,3,2017-03-01,Sudeste,SP,Industrial,31.76,5.82,26.57,24.1,24.3,2509867,236.84,Médio
2017,3,2017-03-01,Sudeste,RJ,Agrícola,8.88,18.76,84.42,116.8,26.4,3504859,345.61,Alto
2017,3,2017-03-01,Sudeste,RJ,Comercial,8.12,33.47,53.12,82.0,30.5,1961241,111.7,Alto
2017,3,2017-03-01,Sudeste,RJ,Agrícola,35.43,50.15,23.63,182.5,18.5,5062960,151.18,Crítico
2017,3,2017-03-01,Sudeste,RJ,Residencial,30.74,32.01,17.68,74.7,23.4,2222225,269.33,Crítico
2017,3,2017-03-01,Sudeste,MG,Industrial,24.68,41.81,32.68,52.3,23.0,1719923,137.98,Médio
2017,3,2017-03-01,Sudeste,MG,Público,30.64,14.35,57.15,138.9,29.8,3587918,104.26,Crítico
2017,3,2017-03-01,Sudeste,MG,Público,22.09,34.16,21.53,89.6,27.5,2636258,353.81,Crítico
2017,3,2017-03-01,Sudeste,ES,Público,3.65,19.45,81.05,64.3,24.7,1213371,431.1,Médio
2017,3,2017-03-01,Sudeste,ES,Residencial,6.1,29.56,25.65,24.0,25.4,5212936,112.07,Baixo
2017,3,2017-03-01,Sudeste,ES,Comercial,14.2,44.16,27.78,146.6,23.4,3717116,446.48,Alto
2017,3,2017-03-01,Sul,PR,Agrícola,35.5,23.37,29.67,70.1,23.0,4414673,435.61,Baixo
2017,3,2017-03-01,Sul,PR,Público,39.32,45.59,71.03,132.4,19.1,686244,161.22,Médio
2017,3,2017-03-01,Sul,SC,Industrial,20.49,28.74,57.68,86.0,27.9,2738730,286.15,Alto
2017,3,2017-03-01,Sul,SC,Comercial,31.74,24.24,15.82,51.8,27.4,3601331,92.9,Baixo
2017,3,2017-03-01,Sul,RS,Agrícola,21.21,54.87,69.38,130.9,26.4,2555128,346.51,Médio
2017,3,2017-03-01,Sul,RS,Industrial,14.66,30.52,95.47,141.9,28.5,4084418,310.45,Baixo
2017,4,2017-04-01,Norte,AM,Agrícola,31.06,44.07,63.74,246.5,33.3,5293549,351.28,Crítico
2017,4,2017-04-01,Norte,PA,Público,25.57,6.2,28.27,136.8,25.1,503128,161.42,Alto
2017,4,2017-04-01,Norte,PA,Agrícola,23.33,38.1,75.94,62.5,25.6,5705565,390.01,Crítico
2017,4,2017-04-01,Norte,RO,Agrícola,21.81,43.91,12.0,46.1,25.3,2071750,324.72,Médio
2017,4,2017-04-01,Norte,TO,Residencial,9.41,16.0,10.33,147.8,22.9,4687077,112.37,Crítico
2017,4,2017-04-01,Nordeste,BA,Público,23.71,13.01,78.27,146.1,24.3,2917603,188.57,Médio
2017,4,2017-04-01,Nordeste,BA,Industrial,24.87,9.72,13.64,60.4,27.1,138883,282.23,Baixo
2017,4,2017-04-01,Nordeste,PE,Agrícola,38.33,46.7,32.76,107.0,23.2,4169072,348.74,Crítico
2017,4,2017-04-01,Nordeste,PE,Comercial,39.88,20.77,89.81,177.8,25.7,4519618,380.94,Crítico
2017,4,2017-04-01,Nordeste,CE,Residencial,6.37,42.81,82.02,46.7,27.6,5899189,102.23,Baixo
2017,4,2017-04-01,Nordeste,CE,Industrial,23.3,5.35,93.62,116.4,28.9,1462672,164.24,Crítico
2017,4,2017-04-01,Nordeste,MA,Industrial,24.52,48.24,63.75,77.4,24.7,4028689,146.65,Crítico
2017,4,2017-04-01,Nordeste,PB,Comercial,10.26,23.38,24.53,36.0,31.5,4738467,439.82,Alto
2017,4,2017-04-01,Centro-Oeste,DF,Comercial,19.52,36.58,74.85,17.8,18.6,647880,240.2,Crítico
2017,4,2017-04-01,Centro-Oeste,GO,Público,37.01,51.3,15.75,120.2,28.4,4381760,162.03,Médio
2017,4,2017-04-01,Centro-Oeste,GO,Industrial,11.19,9.27,79.54,50.5,25.5,2203505,376.98,Baixo
2017,4,2017-04-01,Centro-Oeste,MT,Industrial,12.53,22.21,55.96,88.0,28.2,4115372,215.27,Alto
2017,4,2017-04-01,Centro-Oeste,MS,Residencial,7.39,22.6,24.07,411.7,25.9,1801911,320.73,Médio
2017,4,2017-04-01,Sudeste,SP,Agrícola,5.47,49.5,34.16,130.0,26.8,3239695,438.69,Baixo
2017,4,2017-04-01,Sudeste,SP,Industrial,20.87,22.49,39.84,100.6,21.6,2511844,118.87,Alto
2017,4,2017-04-01,Sudeste,SP,Industrial,18.19,11.12,79.95,90.4,27.7,951455,296.32,Alto
2017,4,2017-04-01,Sudeste,RJ,Agrícola,22.94,30.13,76.23,84.5,32.0,1998572,391.05,Baixo
2017,4,2017-04-01,Sudeste,RJ,Industrial,17.55,27.18,51.84,58.7,26.6,1964025,281.46,Crítico
2017,4,2017-04-01,Sudeste,RJ,Público,12.1,20.14,13.39,70.8,24.5,1212114,312.27,Alto
2017,4,2017-04-01,Sudeste,RJ,Comercial,8.62,51.69,53.11,105.3,25.4,3019973,106.04,Médio
2017,4,2017-04-01,Sudeste,MG,Agrícola,31.46,54.24,71.66,54.5,30.6,4846772,431.2,Médio
2017,4,2017-04-01,Sudeste,MG,Agrícola,8.48,30.35,36.49,223.4,28.4,2415133,244.76,Médio
2017,4,2017-04-01,Sudeste,MG,Residencial,30.33,21.99,56.44,89.8,23.1,4375076,121.33,Baixo
2017,4,2017-04-01,Sudeste,ES,Público,4.6,31.69,57.38,80.4,28.6,3540983,345.58,Médio
2017,4,2017-04-01,Sudeste,ES,Comercial,17.39,50.74,90.86,196.2,24.6,1761078,357.87,Médio
2017,4,2017-04-01,Sudeste,ES,Agrícola,32.02,37.3,39.65,147.4,33.1,849018,388.83,Crítico
2017,4,2017-04-01,Sul,PR,Agrícola,2.05,52.49,76.98,113.0,28.0,3287643,138.57,Baixo
2017,4,2017-04-01,Sul,PR,Residencial,19.51,28.78,23.09,185.7,23.6,5887298,425.24,Crítico
2017,4,2017-04-01,Sul,SC,Público,11.76,26.77,13.42,79.2,23.4,3050047,181.08,Médio
2017,4,2017-04-01,Sul,SC,Agrícola,28.51,51.02,57.98,78.6,25.2,3592125,252.18,Crítico
2017,4,2017-04-01,Sul,RS,Público,16.18,7.81,76.01,149.1,25.6,5751296,169.95,Baixo
2017,4,2017-04-01,Sul,RS,Residencial,19.21,26.1,90.25,85.9,28.5,3283894,273.5,Baixo
2017,5,2017-05-01,Norte,AM,Residencial,18.91,32.22,32.46,102.0,29.0,1506894,250.11,Baixo
2017,5,2017-05-01,Norte,PA,Comercial,21.69,39.61,43.05,29.9,24.0,1125696,393.32,Crítico
2017,5,2017-05-01,Norte,PA,Agrícola,31.47,13.01,95.44,121.6,23.8,3552796,439.42,Médio
2017,5,2017-05-01,Norte,RO,Industrial,33.07,22.93,68.75,142.7,21.4,2005621,395.18,Crítico
2017,5,2017-05-01,Norte,TO,Residencial,17.65,30.51,12.49,46.4,25.2,4840803,339.96,Alto
2017,5,2017-05-01,Nordeste,BA,Residencial,7.01,10.66,38.7,172.5,30.3,5395947,173.22,Médio
2017,5,2017-05-01,Nordeste,BA,Industrial,13.29,33.39,54.31,6.9,27.6,615199,161.92,Baixo
2017,5,2017-05-01,Nordeste,PE,Público,6.07,52.71,71.78,380.8,29.8,2559500,266.19,Baixo
2017,5,2017-05-01,Nordeste,PE,Agrícola,13.89,38.68,27.3,144.9,25.8,824703,320.97,Crítico
2017,5,2017-05-01,Nordeste,CE,Agrícola,8.12,41.68,42.35,49.1,22.6,2562795,408.37,Baixo
2017,5,2017-05-01,Nordeste,CE,Agrícola,11.9,38.06,22.82,71.0,28.7,4064806,401.19,Médio
2017,5,2017-05-01,Nordeste,MA,Industrial,5.78,21.09,35.98,264.7,21.0,1920142,243.31,Baixo
2017,5,2017-05-01,Nordeste,PB,Residencial,16.89,35.87,88.51,66.8,25.3,1857579,84.19,Baixo
2017,5,2017-05-01,Centro-Oeste,DF,Público,14.13,43.8,60.99,23.1,27.2,2362446,283.41,Alto
2017,5,2017-05-01,Centro-Oeste,GO,Público,13.15,51.59,90.81,71.8,22.0,935542,114.33,Baixo
2017,5,2017-05-01,Centro-Oeste,GO,Industrial,10.73,37.04,81.26,166.2,27.4,4223207,321.85,Crítico
2017,5,2017-05-01,Centro-Oeste,MT,Comercial,14.48,17.3,81.97,52.2,26.7,2503060,219.16,Baixo
2017,5,2017-05-01,Centro-Oeste,MS,Residencial,2.93,43.58,37.15,82.8,24.0,772556,270.96,Médio
2017,5,2017-05-01,Sudeste,SP,Residencial,23.9,22.83,15.52,168.3,27.5,3113038,231.96,Baixo
2017,5,2017-05-01,Sudeste,SP,Residencial,22.64,48.67,72.26,68.3,26.9,1960772,414.01,Baixo
2017,5,2017-05-01,Sudeste,SP,Público,19.17,25.68,50.2,49.1,20.1,4977180,214.4,Alto
2017,5,2017-05-01,Sudeste,RJ,Agrícola,18.0,34.79,76.81,119.7,26.0,4169342,202.6,Crítico
2017,5,2017-05-01,Sudeste,RJ,Residencial,31.21,36.19,44.4,170.1,26.0,717981,434.49,Médio
2017,5,2017-05-01,Sudeste,RJ,Agrícola,30.98,16.85,42.77,61.9,27.8,728143,104.89,Crítico
2017,5,2017-05-01,Sudeste,RJ,Comercial,32.69,51.31,15.48,118.6,22.5,228820,409.87,Médio
2017,5,2017-05-01,Sudeste,MG,Agrícola,17.91,13.35,15.3,147.7,22.5,1553755,301.51,Médio
2017,5,2017-05-01,Sudeste,MG,Público,25.54,27.87,58.34,78.8,27.5,1200547,304.83,Baixo
2017,5,2017-05-01,Sudeste,MG,Agrícola,36.78,27.88,96.02,120.9,26.8,3744119,241.65,Crítico
2017,5,2017-05-01,Sudeste,ES,Agrícola,24.39,47.95,52.4,126.8,23.0,5734545,271.38,Médio
2017,5,2017-05-01,Sudeste,ES,Industrial,17.84,21.63,25.13,104.5,24.6,1672960,399.87,Crítico
2017,5,2017-05-01,Sudeste,ES,Residencial,3.64,37.1,97.23,69.5,25.8,3544729,231.59,Alto
2017,5,2017-05-01,Sul,PR,Público,22.88,26.0,48.94,129.2,28.8,1982051,159.45,Alto
2017,5,2017-05-01,Sul,PR,Agrícola,28.2,33.19,32.11,66.8,28.8,4734360,234.65,Crítico
2017,5,2017-05-01,Sul,SC,Agrícola,18.41,5.01,58.06,68.2,28.4,3899587,376.73,Baixo
2017,5,2017-05-01,Sul,SC,Industrial,34.85,51.43,47.73,74.1,22.6,371489,409.38,Alto
2017,5,2017-05-01,Sul,RS,Industrial,33.07,40.21,18.15,96.6,19.9,5694618,322.52,Crítico
2017,5,2017-05-01,Sul,RS,Industrial,20.67,9.12,79.24,126.3,23.2,1441284,385.96,Médio
2017,6,2017-06-01,Norte,AM,Agrícola,11.68,10.6,37.88,82.7,24.3,1237391,368.36,Crítico
2017,6,2017-06-01,Norte,PA,Residencial,2.2,23.64,11.26,101.9,22.6,3914769,185.43,Alto
2017,6,2017-06-01,Norte,PA,Público,17.72,40.28,80.48,94.1,25.7,4187916,160.96,Baixo
2017,6,2017-06-01,Norte,RO,Residencial,12.53,21.13,14.72,116.7,23.8,1074760,401.14,Alto
2017,6,2017-06-01,Norte,TO,Agrícola,25.61,14.93,93.43,90.6,27.5,3704694,135.09,Baixo
2017,6,2017-06-01,Nordeste,BA,Público,22.45,14.54,67.09,315.1,22.7,1795991,426.06,Baixo
2017,6,2017-06-01,Nordeste,BA,Industrial,31.8,43.69,74.81,55.6,22.2,2216886,92.23,Crítico
2017,6,2017-06-01,Nordeste,PE,Público,6.15,27.73,59.39,36.3,24.1,1767409,210.65,Médio
2017,6,2017-06-01,Nordeste,PE,Agrícola,9.4,34.5,93.64,18.5,23.5,5451327,155.78,Crítico
2017,6,2017-06-01,Nordeste,CE,Agrícola,26.3,38.51,52.68,46.6,25.3,2359763,307.56,Médio
2017,6,2017-06-01,Nordeste,CE,Agrícola,10.51,43.71,77.16,219.0,30.2,5869060,171.15,Médio
2017,6,2017-06-01,Nordeste,MA,Comercial,6.86,18.66,11.41,119.1,26.8,4060498,300.18,Baixo
2017,6,2017-06-01,Nordeste,PB,Comercial,13.89,24.68,98.36,57.2,25.7,2800160,141.41,Médio
2017,6,2017-06-01,Centro-Oeste,DF,Residencial,15.22,54.4,56.81,162.4,20.4,2497325,291.63,Médio
2017,6,2017-06-01,Centro-Oeste,GO,Residencial,16.8,30.06,88.19,203.4,23.7,4573867,261.3,Médio
2017,6,2017-06-01,Centro-Oeste,GO,Industrial,27.61,24.73,70.68,95.4,22.5,1641741,204.8,Médio
2017,6,2017-06-01,Centro-Oeste,MT,Público,2.35,19.34,33.4,155.1,28.1,780568,208.2,Alto
2017,6,2017-06-01,Centro-Oeste,MS,Residencial,6.6,43.49,19.45,116.7,28.4,3535787,181.21,Médio
2017,6,2017-06-01,Sudeste,SP,Público,4.19,54.99,61.07,109.1,25.4,2996526,411.26,Crítico
2017,6,2017-06-01,Sudeste,SP,Comercial,35.89,45.17,84.64,126.3,23.1,5539605,118.2,Baixo
2017,6,2017-06-01,Sudeste,SP,Agrícola,34.41,54.55,23.05,48.6,29.1,3436486,135.3,Alto
2017,6,2017-06-01,Sudeste,RJ,Residencial,27.0,7.92,53.73,188.9,26.0,2850486,98.79,Médio
2017,6,2017-06-01,Sudeste,RJ,Público,35.63,26.15,34.4,149.3,32.2,4202837,383.1,Baixo
2017,6,2017-06-01,Sudeste,RJ,Residencial,17.23,16.86,49.8,155.9,26.2,3607144,201.11,Crítico
2017,6,2017-06-01,Sudeste,RJ,Residencial,39.72,18.91,28.02,86.5,30.0,467627,165.06,Baixo
2017,6,2017-06-01,Sudeste,MG,Comercial,5.93,17.54,62.17,31.1,22.6,3100194,371.92,Crítico
2017,6,2017-06-01,Sudeste,MG,Público,32.6,45.06,54.6,62.3,23.4,247565,182.05,Baixo
2017,6,2017-06-01,Sudeste,MG,Público,38.88,12.83,61.89,206.0,27.8,5590752,181.51,Crítico
2017,6,2017-06-01,Sudeste,ES,Público,27.54,41.94,5.65,178.4,28.6,4694148,207.84,Crítico
2017,6,2017-06-01,Sudeste,ES,Residencial,31.08,43.54,25.68,151.5,26.2,2313295,351.71,Médio
2017,6,2017-06-01,Sudeste,ES,Industrial,21.72,48.91,76.25,191.5,22.9,4269280,392.93,Baixo
2017,6,2017-06-01,Sul,PR,Residencial,16.94,53.66,68.48,223.4,31.4,825712,194.03,Médio
2017,6,2017-06-01,Sul,PR,Comercial,25.62,20.77,43.76,104.8,26.3,3400173,83.08,Médio
2017,6,2017-06-01,Sul,SC,Comercial,29.26,29.18,29.75,71.0,22.1,395487,81.33,Crítico
2017,6,2017-06-01,Sul,SC,Comercial,27.64,27.65,34.83,172.2,23.3,5582888,344.33,Crítico
2017,6,2017-06-01,Sul,RS,Industrial,23.24,42.17,67.43,147.0,26.3,2159189,414.09,Crítico
2017,6,2017-06-01,Sul,RS,Residencial,31.18,47.97,16.59,192.6,25.3,533151,225.01,Baixo
2017,7,2017-07-01,Norte,AM,Industrial,19.76,33.61,82.03,67.7,25.4,418591,266.85,Crítico
2017,7,2017-07-01,Norte,PA,Industrial,17.74,29.51,26.72,103.7,27.0,477895,145.29,Crítico
2017,7,2017-07-01,Norte,PA,Público,28.36,48.69,44.4,63.8,22.3,3938161,248.3,Baixo
2017,7,2017-07-01,Norte,RO,Público,14.55,19.71,77.52,145.1,25.8,1666977,447.64,Alto
2017,7,2017-07-01,Norte,TO,Comercial,18.08,11.15,89.23,200.1,26.4,3588217,103.65,Baixo
2017,7,2017-07-01,Nordeste,BA,Comercial,33.18,33.48,65.71,180.6,26.2,4814811,83.09,Alto
2017,7,2017-07-01,Nordeste,BA,Residencial,18.39,12.99,45.76,101.5,29.4,3571842,80.87,Alto
2017,7,2017-07-01,Nordeste,PE,Residencial,23.09,14.62,44.94,59.4,23.4,5033280,196.84,Alto
2017,7,2017-07-01,Nordeste,PE,Público,6.44,9.75,96.32,106.7,34.3,5138151,99.69,Baixo
2017,7,2017-07-01,Nordeste,CE,Comercial,3.58,30.38,17.59,47.7,27.0,5268030,396.94,Baixo
2017,7,2017-07-01,Nordeste,CE,Agrícola,27.66,53.15,36.25,70.5,28.3,2059631,196.09,Crítico
2017,7,2017-07-01,Nordeste,MA,Residencial,24.9,10.42,81.0,186.1,27.2,226195,418.82,Crítico
2017,7,2017-07-01,Nordeste,PB,Residencial,4.58,15.51,11.18,64.7,27.5,1914594,343.01,Baixo
2017,7,2017-07-01,Centro-Oeste,DF,Comercial,28.68,46.82,30.66,73.7,24.9,5342379,241.11,Alto
2017,7,2017-07-01,Centro-Oeste,GO,Público,5.58,20.84,6.39,168.1,29.9,2260747,284.04,Médio
2017,7,2017-07-01,Centro-Oeste,GO,Agrícola,12.94,9.13,91.19,95.7,23.8,5185082,401.16,Baixo
2017,7,2017-07-01,Centro-Oeste,MT,Público,15.69,39.11,55.36,126.3,23.6,4251874,436.39,Crítico
2017,7,2017-07-01,Centro-Oeste,MS,Residencial,10.1,38.96,40.11,61.7,29.6,816071,81.75,Alto
2017,7,2017-07-01,Sudeste,SP,Comercial,10.76,18.81,63.57,48.9,25.4,5535393,214.65,Baixo
2017,7,2017-07-01,Sudeste,SP,Residencial,36.2,14.45,50.48,87.4,27.6,4513559,109.3,Baixo
2017,7,2017-07-01,Sudeste,SP,Residencial,15.3,20.55,32.04,121.6,27.3,4246459,257.47,Baixo
2017,7,2017-07-01,Sudeste,RJ,Público,27.86,40.02,52.9,85.4,26.8,5221046,180.9,Alto
2017,7,2017-07-01,Sudeste,RJ,Comercial,15.68,44.25,79.02,64.7,27.2,3983820,239.85,Alto
2017,7,2017-07-01,Sudeste,RJ,Residencial,17.69,5.47,44.49,153.6,23.8,4752250,345.9,Alto
2017,7,2017-07-01,Sudeste,RJ,Residencial,22.46,16.85,37.38,81.0,23.5,4761977,215.5,Baixo
2017,7,2017-07-01,Sudeste,MG,Comercial,9.1,15.84,54.11,84.7,25.8,5491252,395.43,Alto
2017,7,2017-07-01,Sudeste,MG,Residencial,33.11,36.57,28.77,70.5,25.4,3802006,380.36,Alto
2017,7,2017-07-01,Sudeste,MG,Residencial,36.54,29.65,54.68,60.6,20.5,404298,159.13,Crítico
2017,7,2017-07-01,Sudeste,ES,Agrícola,22.28,47.38,47.17,104.1,23.7,4466917,410.37,Médio
2017,7,2017-07-01,Sudeste,ES,Residencial,38.42,14.86,14.49,63.8,23.5,474669,132.37,Médio
2017,7,2017-07-01,Sudeste,ES,Residencial,5.55,15.31,96.2,98.1,23.0,2068254,164.2,Crítico
2017,7,2017-07-01,Sul,PR,Comercial,14.02,8.45,71.71,53.3,22.6,5910008,336.31,Alto
2017,7,2017-07-01,Sul,PR,Agrícola,3.18,29.22,20.63,73.5,22.7,950682,428.74,Baixo
2017,7,2017-07-01,Sul,SC,Agrícola,25.96,18.82,94.86,129.7,27.2,3361143,239.17,Alto
2017,7,2017-07-01,Sul,SC,Industrial,24.84,18.82,69.3,342.0,25.1,297356,125.99,Médio
2017,7,2017-07-01,Sul,RS,Público,26.1,37.46,55.79,193.3,24.9,5468818,236.55,Baixo
2017,7,2017-07-01,Sul,RS,Agrícola,11.7,26.56,60.69,175.5,22.4,2363253,110.33,Crítico
2017,8,2017-08-01,Norte,AM,Agrícola,17.41,41.62,25.87,83.2,27.8,2413285,311.37,Baixo
2017,8,2017-08-01,Norte,PA,Comercial,23.0,18.95,78.44,15.4,29.1,2263428,445.09,Alto
2017,8,2017-08-01,Norte,PA,Industrial,5.26,34.47,94.06,106.6,25.0,4986455,169.35,Médio
2017,8,2017-08-01,Norte,RO,Industrial,2.76,30.37,9.4,63.0,16.7,1921669,136.77,Baixo
2017,8,2017-08-01,Norte,TO,Agrícola,11.01,11.14,11.09,110.4,25.9,5143333,181.37,Crítico
2017,8,2017-08-01,Nordeste,BA,Agrícola,38.05,45.16,27.23,143.9,29.0,935684,98.13,Médio
2017,8,2017-08-01,Nordeste,BA,Agrícola,20.31,17.33,88.54,202.9,25.2,5596253,312.61,Alto
2017,8,2017-08-01,Nordeste,PE,Comercial,13.93,50.19,67.82,172.4,26.0,293736,288.75,Médio
2017,8,2017-08-01,Nordeste,PE,Público,29.18,32.05,25.14,197.3,26.8,993136,199.86,Médio
2017,8,2017-08-01,Nordeste,CE,Público,13.74,38.62,17.69,41.4,28.3,5080500,159.44,Alto
2017,8,2017-08-01,Nordeste,CE,Público,22.83,26.5,69.82,99.0,24.1,2499345,150.02,Médio
2017,8,2017-08-01,Nordeste,MA,Público,34.96,48.43,70.08,86.2,27.8,2372225,184.45,Alto
2017,8,2017-08-01,Nordeste,PB,Agrícola,6.74,47.76,10.43,95.1,24.0,5298333,218.44,Crítico
2017,8,2017-08-01,Centro-Oeste,DF,Industrial,12.0,49.9,48.6,74.2,25.9,2068593,325.18,Alto
2017,8,2017-08-01,Centro-Oeste,GO,Agrícola,11.29,20.93,55.34,73.7,21.8,1815306,324.11,Médio
2017,8,2017-08-01,Centro-Oeste,GO,Agrícola,22.29,35.3,32.95,104.9,23.4,4941500,339.68,Alto
2017,8,2017-08-01,Centro-Oeste,MT,Público,2.71,30.94,98.69,67.6,26.2,1435063,448.26,Crítico
2017,8,2017-08-01,Centro-Oeste,MS,Agrícola,38.76,43.41,74.29,163.7,27.8,5052773,278.82,Médio
2017,8,2017-08-01,Sudeste,SP,Industrial,32.39,34.47,70.02,149.6,26.1,658926,368.82,Alto
2017,8,2017-08-01,Sudeste,SP,Industrial,6.09,12.51,92.54,37.5,26.7,3899405,420.51,Crítico
2017,8,2017-08-01,Sudeste,SP,Residencial,21.03,47.86,14.09,189.0,25.0,3895217,182.75,Crítico
2017,8,2017-08-01,Sudeste,RJ,Agrícola,34.76,16.28,82.23,61.8,32.9,1688807,190.62,Baixo
2017,8,2017-08-01,Sudeste,RJ,Comercial,30.89,35.54,73.54,112.1,28.8,1598983,191.71,Baixo
2017,8,2017-08-01,Sudeste,RJ,Público,27.69,5.44,18.68,258.1,27.6,2791279,332.4,Crítico
2017,8,2017-08-01,Sudeste,RJ,Agrícola,17.61,8.98,14.66,88.4,27.3,2315109,392.75,Alto
2017,8,2017-08-01,Sudeste,MG,Comercial,5.23,38.76,24.05,88.3,20.6,5185384,176.0,Baixo
2017,8,2017-08-01,Sudeste,MG,Agrícola,24.85,6.12,58.16,136.5,24.9,1878557,165.47,Crítico
2017,8,2017-08-01,Sudeste,MG,Público,16.15,8.17,44.55,37.8,30.1,505412,412.41,Alto
2017,8,2017-08-01,Sudeste,ES,Comercial,23.09,5.98,73.16,129.1,23.4,728866,393.24,Médio
2017,8,2017-08-01,Sudeste,ES,Comercial,13.23,54.22,9.2,140.4,31.9,1652210,196.02,Médio
2017,8,2017-08-01,Sudeste,ES,Industrial,31.14,25.31,41.7,81.3,26.0,1018922,204.86,Médio
2017,8,2017-08-01,Sul,PR,Industrial,10.83,30.05,27.35,213.0,30.1,4992174,442.33,Médio
2017,8,2017-08-01,Sul,PR,Industrial,6.33,24.63,75.06,57.1,28.6,5958545,220.53,Médio
2017,8,2017-08-01,Sul,SC,Público,3.92,32.86,85.91,66.7,26.1,4362004,268.93,Médio
2017,8,2017-08-01,Sul,SC,Residencial,7.77,29.98,23.8,143.7,30.7,2854840,207.15,Médio
2017,8,2017-08-01,Sul,RS,Industrial,6.6,39.38,75.55,253.5,25.5,4656022,251.81,Crítico
2017,8,2017-08-01,Sul,RS,Público,16.42,52.38,80.65,141.9,27.5,862923,260.3,Baixo
2017,9,2017-09-01,Norte,AM,Residencial,16.59,48.56,40.41,87.2,27.1,5914478,323.89,Alto
2017,9,2017-09-01,Norte,PA,Industrial,28.39,10.13,10.11,266.3,25.8,1061439,416.85,Crítico
2017,9,2017-09-01,Norte,PA,Agrícola,36.92,39.16,82.69,115.1,28.5,4609740,411.86,Alto
2017,9,2017-09-01,Norte,RO,Agrícola,2.41,8.26,69.57,143.6,23.0,2940164,332.6,Médio
2017,9,2017-09-01,Norte,TO,Residencial,2.98,36.39,54.01,52.4,21.2,5045906,166.53,Alto
2017,9,2017-09-01,Nordeste,BA,Comercial,24.79,27.92,51.49,61.4,19.6,4596793,144.2,Médio
2017,9,2017-09-01,Nordeste,BA,Comercial,9.66,35.68,47.49,131.1,28.4,1845851,278.32,Baixo
2017,9,2017-09-01,Nordeste,PE,Agrícola,38.02,37.88,19.56,39.7,23.8,1705134,263.15,Alto
2017,9,2017-09-01,Nordeste,PE,Residencial,16.32,33.51,77.06,34.4,22.1,5561794,385.08,Crítico
2017,9,2017-09-01,Nordeste,CE,Público,11.44,24.1,17.76,36.3,25.9,3093020,404.83,Baixo
2017,9,2017-09-01,Nordeste,CE,Comercial,7.74,54.88,29.55,106.4,25.0,5418534,367.55,Alto
2017,9,2017-09-01,Nordeste,MA,Agrícola,13.07,54.27,44.94,15.9,23.1,5171794,320.82,Crítico
2017,9,2017-09-01,Nordeste,PB,Público,33.56,48.58,34.27,62.5,24.1,3042973,272.35,Alto
2017,9,2017-09-01,Centro-Oeste,DF,Residencial,22.94,38.81,64.6,79.1,22.2,4914846,379.48,Baixo
2017,9,2017-09-01,Centro-Oeste,GO,Agrícola,35.31,20.66,68.24,69.8,25.6,5663719,100.0,Médio
2017,9,2017-09-01,Centro-Oeste,GO,Residencial,38.72,43.77,32.71,104.1,19.1,5941760,107.81,Crítico
2017,9,2017-09-01,Centro-Oeste,MT,Agrícola,10.9,9.22,53.38,85.2,27.0,2565631,261.11,Crítico
2017,9,2017-09-01,Centro-Oeste,MS,Residencial,9.41,51.01,93.53,68.3,22.1,1344514,212.2,Crítico
2017,9,2017-09-01,Sudeste,SP,Agrícola,19.33,44.07,84.33,72.5,24.1,4319234,163.84,Crítico
2017,9,2017-09-01,Sudeste,SP,Industrial,37.03,7.24,57.66,74.4,25.9,2912970,296.56,Baixo
2017,9,2017-09-01,Sudeste,SP,Agrícola,26.6,25.37,72.2,67.9,29.8,3010793,270.38,Baixo
2017,9,2017-09-01,Sudeste,RJ,Comercial,12.89,12.47,59.21,18.6,22.8,1446090,349.59,Baixo
2017,9,2017-09-01,Sudeste,RJ,Comercial,19.72,19.95,60.65,71.7,24.9,2769470,332.62,Alto
2017,9,2017-09-01,Sudeste,RJ,Agrícola,2.96,13.31,42.52,220.2,19.6,506139,395.09,Alto
2017,9,2017-09-01,Sudeste,RJ,Comercial,21.22,16.59,79.26,176.3,31.1,4331268,321.11,Crítico
2017,9,2017-09-01,Sudeste,MG,Residencial,34.59,13.51,49.91,97.1,24.5,537586,113.44,Alto
2017,9,2017-09-01,Sudeste,MG,Público,14.98,20.48,70.23,94.0,21.6,4214674,262.68,Crítico
2017,9,2017-09-01,Sudeste,MG,Público,20.2,34.69,92.82,66.6,27.1,3259160,89.12,Alto
2017,9,2017-09-01,Sudeste,ES,Comercial,9.42,41.96,57.99,91.3,28.0,2229768,378.02,Baixo
2017,9,2017-09-01,Sudeste,ES,Residencial,33.35,46.54,99.46,77.7,21.2,3611682,283.1,Crítico
2017,9,2017-09-01,Sudeste,ES,Agrícola,10.76,32.2,76.5,169.7,17.9,5707378,180.68,Crítico
2017,9,2017-09-01,Sul,PR,Público,33.89,44.75,97.42,65.1,27.2,1519296,258.11,Crítico
2017,9,2017-09-01,Sul,PR,Agrícola,29.66,6.59,80.64,359.9,27.7,5710862,270.74,Crítico
2017,9,2017-09-01,Sul,SC,Comercial,25.96,52.9,98.37,77.1,26.6,3313699,386.7,Crítico
2017,9,2017-09-01,Sul,SC,Comercial,31.08,21.2,13.66,114.6,27.5,4249830,311.88,Médio
2017,9,2017-09-01,Sul,RS,Agrícola,25.91,35.54,17.56,108.0,24.5,366227,106.55,Baixo
2017,9,2017-09-01,Sul,RS,Industrial,4.46,39.3,97.83,20.5,28.9,365871,398.72,Crítico
2017,10,2017-10-01,Norte,AM,Industrial,30.95,44.2,43.3,60.6,22.0,5393344,204.47,Alto
2017,10,2017-10-01,Norte,PA,Residencial,17.31,52.47,32.01,171.4,22.6,849189,290.36,Alto
2017,10,2017-10-01,Norte,PA,Público,38.28,12.43,71.74,72.3,22.7,4986212,422.92,Crítico
2017,10,2017-10-01,Norte,RO,Residencial,6.24,46.46,15.25,124.6,26.2,4144324,360.61,Baixo
2017,10,2017-10-01,Norte,TO,Agrícola,7.0,42.9,21.11,35.3,26.3,4559861,88.42,Baixo
2017,10,2017-10-01,Nordeste,BA,Comercial,6.26,19.57,49.18,65.1,29.3,1753008,170.13,Médio
2017,10,2017-10-01,Nordeste,BA,Público,7.11,47.53,18.99,15.1,26.1,5100939,152.22,Alto
2017,10,2017-10-01,Nordeste,PE,Residencial,28.46,34.83,12.79,100.7,22.8,3799104,124.0,Baixo
2017,10,2017-10-01,Nordeste,PE,Comercial,8.34,50.99,59.18,64.4,29.8,207642,109.88,Médio
2017,10,2017-10-01,Nordeste,CE,Público,20.19,11.71,85.46,61.3,24.2,3664881,158.07,Médio
2017,10,2017-10-01,Nordeste,CE,Industrial,9.36,15.09,47.88,89.0,28.7,3063332,405.12,Baixo
2017,10,2017-10-01,Nordeste,MA,Industrial,29.96,9.73,13.87,76.6,25.3,5914280,123.09,Baixo
2017,10,2017-10-01,Nordeste,PB,Comercial,3.94,21.53,37.51,122.0,22.7,2185990,393.7,Crítico
2017,10,2017-10-01,Centro-Oeste,DF,Agrícola,25.96,47.9,33.2,135.6,26.8,5212045,82.32,Médio
2017,10,2017-10-01,Centro-Oeste,GO,Comercial,37.01,50.7,31.75,132.5,30.5,5563585,417.06,Médio
2017,10,2017-10-01,Centro-Oeste,GO,Público,11.62,29.81,40.46,119.2,21.9,122452,362.28,Baixo
2017,10,2017-10-01,Centro-Oeste,MT,Industrial,7.54,20.34,45.82,114.8,25.9,1546292,134.3,Alto
2017,10,2017-10-01,Centro-Oeste,MS,Industrial,23.35,5.1,55.27,85.8,27.2,3876882,326.92,Baixo
2017,10,2017-10-01,Sudeste,SP,Industrial,39.04,37.99,36.14,107.3,28.2,954870,245.11,Alto
2017,10,2017-10-01,Sudeste,SP,Comercial,10.91,16.38,94.27,107.5,28.7,1535461,272.52,Baixo
2017,10,2017-10-01,Sudeste,SP,Público,33.8,41.01,78.64,45.8,27.8,4286575,335.72,Alto
2017,10,2017-10-01,Sudeste,RJ,Industrial,32.34,14.57,80.13,106.2,30.6,2458854,296.33,Médio
2017,10,2017-10-01,Sudeste,RJ,Comercial,12.24,44.31,72.23,372.8,24.6,2353548,320.82,Baixo
2017,10,2017-10-01,Sudeste,RJ,Agrícola,8.56,18.17,32.58,176.2,31.7,4556201,299.41,Crítico
2017,10,2017-10-01,Sudeste,RJ,Industrial,18.2,38.13,17.23,93.8,27.3,4890082,347.96,Médio
2017,10,2017-10-01,Sudeste,MG,Comercial,30.17,54.09,8.28,102.8,26.4,5609195,273.24,Alto
2017,10,2017-10-01,Sudeste,MG,Residencial,31.62,9.73,84.01,58.9,27.2,1140466,394.72,Alto
2017,10,2017-10-01,Sudeste,MG,Agrícola,31.26,52.88,9.08,63.5,28.7,3829892,305.6,Crítico
2017,10,2017-10-01,Sudeste,ES,Residencial,14.9,39.34,93.0,74.0,25.0,4858910,118.79,Crítico
2017,10,2017-10-01,Sudeste,ES,Residencial,20.6,16.04,21.68,153.3,26.4,375529,132.36,Baixo
2017,10,2017-10-01,Sudeste,ES,Industrial,7.56,20.3,72.42,103.8,25.0,5231078,342.87,Alto
2017,10,2017-10-01,Sul,PR,Residencial,13.18,37.11,27.96,38.9,32.3,5562693,383.17,Crítico
2017,10,2017-10-01,Sul,PR,Industrial,29.46,38.77,44.73,118.6,24.6,5289257,308.1,Baixo
2017,10,2017-10-01,Sul,SC,Industrial,6.03,37.08,65.24,22.6,26.3,1873819,418.43,Alto
2017,10,2017-10-01,Sul,SC,Comercial,32.66,14.95,65.21,32.0,26.6,3235128,163.83,Crítico
2017,10,2017-10-01,Sul,RS,Agrícola,36.9,14.87,52.12,74.0,30.5,182253,94.03,Baixo
2017,10,2017-10-01,Sul,RS,Residencial,39.64,15.47,56.83,98.9,28.6,3319100,321.32,Crítico
2017,11,2017-11-01,Norte,AM,Agrícola,9.08,27.79,46.51,57.2,30.1,905532,275.98,Alto
2017,11,2017-11-01,Norte,PA,Agrícola,15.11,7.68,31.17,81.8,25.3,3831300,254.47,Médio
2017,11,2017-11-01,Norte,PA,Público,5.57,25.8,94.3,124.2,25.5,1266890,218.42,Crítico
2017,11,2017-11-01,Norte,RO,Público,2.23,10.91,41.46,68.7,28.2,4561968,272.75,Baixo
2017,11,2017-11-01,Norte,TO,Residencial,6.97,47.1,51.09,105.5,28.9,5042262,135.22,Médio
2017,11,2017-11-01,Nordeste,BA,Comercial,22.48,37.27,78.9,57.0,22.7,2152989,358.72,Baixo
2017,11,2017-11-01,Nordeste,BA,Público,21.22,27.68,53.97,67.6,24.4,2515890,244.94,Baixo
2017,11,2017-11-01,Nordeste,PE,Público,11.01,28.77,21.16,334.8,26.1,4880887,309.97,Médio
2017,11,2017-11-01,Nordeste,PE,Agrícola,38.99,37.4,82.24,201.9,23.6,1648264,270.66,Crítico
2017,11,2017-11-01,Nordeste,CE,Público,38.79,32.17,93.33,184.0,27.2,2247986,338.74,Alto
2017,11,2017-11-01,Nordeste,CE,Agrícola,28.24,9.82,78.76,65.8,27.8,5192546,404.11,Alto
2017,11,2017-11-01,Nordeste,MA,Comercial,29.77,23.45,94.93,104.9,28.1,4180026,154.78,Baixo
2017,11,2017-11-01,Nordeste,PB,Comercial,37.81,46.45,90.53,41.6,27.1,5211840,268.62,Médio
2017,11,2017-11-01,Centro-Oeste,DF,Comercial,9.97,46.33,21.65,38.2,26.4,3147534,449.05,Médio
2017,11,2017-11-01,Centro-Oeste,GO,Agrícola,28.78,29.97,83.22,113.8,22.9,2814546,380.91,Médio
2017,11,2017-11-01,Centro-Oeste,GO,Industrial,35.71,12.99,75.99,124.9,28.7,4302389,246.27,Médio
2017,11,2017-11-01,Centro-Oeste,MT,Agrícola,7.58,46.99,70.41,75.8,23.3,3324484,230.37,Alto
2017,11,2017-11-01,Centro-Oeste,MS,Público,7.1,46.64,35.78,144.0,31.3,1981276,92.35,Crítico
2017,11,2017-11-01,Sudeste,SP,Residencial,3.1,8.02,33.25,244.2,34.9,3993159,387.72,Alto
2017,11,2017-11-01,Sudeste,SP,Residencial,10.27,23.82,21.61,153.5,31.6,5250994,355.18,Crítico
2017,11,2017-11-01,Sudeste,SP,Residencial,29.99,30.19,15.44,55.8,27.0,1139781,147.28,Baixo
2017,11,2017-11-01,Sudeste,RJ,Agrícola,4.78,34.03,39.86,86.3,33.0,4230814,314.76,Alto
2017,11,2017-11-01,Sudeste,RJ,Público,37.33,49.0,35.04,54.6,23.4,2923672,207.75,Alto
2017,11,2017-11-01,Sudeste,RJ,Agrícola,26.5,35.49,41.11,63.6,30.4,5228652,439.17,Baixo
2017,11,2017-11-01,Sudeste,RJ,Residencial,5.34,13.25,16.93,68.2,24.4,385796,89.63,Baixo
2017,11,2017-11-01,Sudeste,MG,Público,10.56,46.48,42.02,68.4,22.9,2249821,332.83,Baixo
2017,11,2017-11-01,Sudeste,MG,Comercial,13.67,5.36,45.18,153.2,27.8,4096491,333.82,Alto
2017,11,2017-11-01,Sudeste,MG,Comercial,37.34,45.82,67.35,196.3,28.7,1443411,406.56,Baixo
2017,11,2017-11-01,Sudeste,ES,Público,32.65,22.02,8.88,101.3,24.6,364831,207.11,Médio
2017,11,2017-11-01,Sudeste,ES,Público,21.42,33.48,79.86,93.3,23.8,4377858,238.27,Médio
2017,11,2017-11-01,Sudeste,ES,Residencial,33.64,39.15,98.65,31.1,27.2,5864806,274.25,Médio
2017,11,2017-11-01,Sul,PR,Industrial,3.06,26.39,62.74,67.0,27.2,1093534,342.21,Crítico
2017,11,2017-11-01,Sul,PR,Comercial,22.71,54.16,8.72,40.1,25.2,2540101,443.74,Baixo
2017,11,2017-11-01,Sul,SC,Público,2.25,48.88,6.8,96.5,30.0,2030383,81.33,Baixo
2017,11,2017-11-01,Sul,SC,Residencial,28.57,25.46,87.94,198.9,25.1,5279810,122.99,Médio
2017,11,2017-11-01,Sul,RS,Industrial,36.27,21.39,22.71,156.2,26.9,1433928,342.84,Crítico
2017,11,2017-11-01,Sul,RS,Comercial,21.75,22.25,57.11,186.9,22.5,2779607,351.4,Médio
2017,12,2017-12-01,Norte,AM,Industrial,23.1,40.9,16.12,127.8,30.1,5135759,117.43,Baixo
2017,12,2017-12-01,Norte,PA,Comercial,4.84,17.61,44.89,7.6,19.0,5515898,268.68,Médio
2017,12,2017-12-01,Norte,PA,Público,11.78,31.91,49.03,24.7,29.7,839208,441.44,Alto
2017,12,2017-12-01,Norte,RO,Industrial,5.28,33.34,69.4,184.2,30.0,2225874,381.77,Alto
2017,12,2017-12-01,Norte,TO,Agrícola,29.37,52.74,91.93,175.3,26.4,1792336,96.3,Crítico
2017,12,2017-12-01,Nordeste,BA,Público,34.8,38.58,28.81,271.8,25.7,1367902,321.46,Médio
2017,12,2017-12-01,Nordeste,BA,Residencial,4.03,20.92,55.81,126.3,26.4,1961605,376.59,Médio
2017,12,2017-12-01,Nordeste,PE,Comercial,26.89,20.11,19.67,86.4,25.5,5358943,350.22,Alto
2017,12,2017-12-01,Nordeste,PE,Público,22.25,29.56,33.29,107.8,25.4,1919502,418.89,Médio
2017,12,2017-12-01,Nordeste,CE,Industrial,3.17,19.55,64.21,212.5,28.8,4721940,140.7,Médio
2017,12,2017-12-01,Nordeste,CE,Público,27.76,35.06,44.47,185.1,24.6,523165,441.96,Alto
2017,12,2017-12-01,Nordeste,MA,Industrial,4.53,11.04,61.22,53.1,24.0,3315872,330.07,Alto
2017,12,2017-12-01,Nordeste,PB,Comercial,5.45,50.67,6.1,118.9,28.2,3090435,232.61,Baixo
2017,12,2017-12-01,Centro-Oeste,DF,Residencial,4.68,52.77,29.19,183.0,24.9,3090814,82.74,Alto
2017,12,2017-12-01,Centro-Oeste,GO,Residencial,2.37,30.37,47.16,56.4,24.5,737749,232.05,Crítico
2017,12,2017-12-01,Centro-Oeste,GO,Agrícola,9.19,53.3,87.46,135.7,23.3,115490,322.39,Baixo
2017,12,2017-12-01,Centro-Oeste,MT,Comercial,37.73,53.21,10.06,131.6,28.9,107579,393.85,Crítico
2017,12,2017-12-01,Centro-Oeste,MS,Agrícola,24.16,38.58,27.44,63.0,22.9,3314945,257.8,Médio
2017,12,2017-12-01,Sudeste,SP,Agrícola,35.36,20.97,16.68,135.7,28.1,2912184,234.93,Médio
2017,12,2017-12-01,Sudeste,SP,Residencial,22.77,48.03,99.28,89.6,25.7,2920440,113.14,Médio
2017,12,2017-12-01,Sudeste,SP,Público,3.81,32.98,94.02,28.0,24.5,192484,271.65,Baixo
2017,12,2017-12-01,Sudeste,RJ,Residencial,35.48,36.72,80.9,8.0,25.4,1415022,223.82,Baixo
2017,12,2017-12-01,Sudeste,RJ,Público,29.1,53.78,26.81,115.5,24.1,4328716,321.05,Crítico
2017,12,2017-12-01,Sudeste,RJ,Público,32.34,20.69,38.89,24.2,30.5,1590568,339.73,Médio
2017,12,2017-12-01,Sudeste,RJ,Residencial,33.31,12.6,63.19,153.1,25.0,5607831,187.6,Médio
2017,12,2017-12-01,Sudeste,MG,Agrícola,24.72,11.22,72.76,85.3,29.0,3852392,418.53,Crítico
2017,12,2017-12-01,Sudeste,MG,Agrícola,39.6,28.48,27.4,51.0,26.9,4190176,198.31,Baixo
2017,12,2017-12-01,Sudeste,MG,Residencial,37.82,49.26,27.92,95.6,28.7,1639328,222.38,Baixo
2017,12,2017-12-01,Sudeste,ES,Residencial,23.29,44.27,51.76,73.5,21.3,2972423,427.96,Médio
2017,12,2017-12-01,Sudeste,ES,Industrial,22.35,6.0,36.91,73.9,24.3,315986,143.92,Médio
2017,12,2017-12-01,Sudeste,ES,Comercial,8.2,12.43,36.78,86.3,29.4,928630,364.32,Alto
2017,12,2017-12-01,Sul,PR,Público,15.45,35.24,21.33,141.3,28.7,571189,365.6,Crítico
2017,12,2017-12-01,Sul,PR,Residencial,34.58,54.29,24.81,106.7,25.6,222870,140.67,Alto
2017,12,2017-12-01,Sul,SC,Comercial,24.11,33.57,16.55,39.6,27.3,3951511,221.47,Alto
2017,12,2017-12-01,Sul,SC,Industrial,37.33,48.69,55.7,57.6,24.8,1500457,151.79,Crítico
2017,12,2017-12-01,Sul,RS,Público,32.74,13.04,20.25,145.0,27.1,4596756,414.44,Médio
2017,12,2017-12-01,Sul,RS,Público,21.62,49.06,79.37,89.2,28.9,4245909,175.79,Alto
2018,1,2018-01-01,Norte,AM,Industrial,13.51,43.89,96.44,154.2,25.7,3249386,229.12,Baixo
2018,1,2018-01-01,Norte,PA,Comercial,26.71,36.22,32.17,128.0,27.3,2983344,235.13,Crítico
2018,1,2018-01-01,Norte,PA,Agrícola,13.43,29.14,24.63,64.4,25.6,2233546,329.02,Crítico
2018,1,2018-01-01,Norte,RO,Industrial,17.74,39.99,87.92,63.4,27.7,3753755,401.42,Alto
2018,1,2018-01-01,Norte,TO,Industrial,28.1,46.6,64.28,68.6,30.3,4687680,173.91,Alto
2018,1,2018-01-01,Nordeste,BA,Residencial,27.79,8.04,87.6,132.6,26.6,576384,235.27,Alto
2018,1,2018-01-01,Nordeste,BA,Agrícola,35.3,37.21,12.42,191.0,27.5,4587174,295.21,Alto
2018,1,2018-01-01,Nordeste,PE,Industrial,23.89,41.15,7.74,70.3,29.0,3084088,383.62,Alto
2018,1,2018-01-01,Nordeste,PE,Comercial,35.44,21.47,61.75,160.2,23.6,336673,410.25,Baixo
2018,1,2018-01-01,Nordeste,CE,Agrícola,26.51,23.97,76.26,62.9,26.9,5585491,344.19,Alto
2018,1,2018-01-01,Nordeste,CE,Agrícola,18.47,49.54,91.47,155.2,24.3,2314144,332.25,Crítico
2018,1,2018-01-01,Nordeste,MA,Residencial,29.05,31.13,5.76,99.9,20.5,5859460,374.84,Baixo
2018,1,2018-01-01,Nordeste,PB,Comercial,31.57,25.95,20.56,45.3,27.7,3147987,447.91,Médio
2018,1,2018-01-01,Centro-Oeste,DF,Agrícola,2.1,44.77,99.95,134.9,25.2,2726182,119.07,Crítico
2018,1,2018-01-01,Centro-Oeste,GO,Comercial,34.07,35.73,7.14,131.7,25.6,5695596,275.91,Alto
2018,1,2018-01-01,Centro-Oeste,GO,Residencial,9.79,48.7,29.49,27.6,23.2,1063116,423.6,Alto
2018,1,2018-01-01,Centro-Oeste,MT,Agrícola,7.45,53.81,11.37,85.9,26.7,2174078,128.05,Médio
2018,1,2018-01-01,Centro-Oeste,MS,Comercial,31.67,36.57,48.28,49.3,23.7,1592080,125.27,Crítico
2018,1,2018-01-01,Sudeste,SP,Público,21.29,33.98,31.12,84.1,30.5,3430708,379.09,Crítico
2018,1,2018-01-01,Sudeste,SP,Industrial,26.34,43.18,74.77,106.5,16.2,5608861,258.91,Crítico
2018,1,2018-01-01,Sudeste,SP,Residencial,10.91,19.81,18.46,137.6,25.4,4142897,387.52,Crítico
2018,1,2018-01-01,Sudeste,RJ,Industrial,27.78,32.36,36.13,207.0,28.7,2074633,93.4,Crítico
2018,1,2018-01-01,Sudeste,RJ,Industrial,15.31,39.12,25.18,169.2,25.8,1094139,231.1,Crítico
2018,1,2018-01-01,Sudeste,RJ,Industrial,24.0,42.23,41.55,189.2,26.8,1640824,388.02,Baixo
2018,1,2018-01-01,Sudeste,RJ,Agrícola,23.1,48.34,43.86,113.5,28.6,4068817,431.58,Alto
2018,1,2018-01-01,Sudeste,MG,Comercial,23.6,21.25,67.41,15.6,31.6,2847039,224.9,Alto
2018,1,2018-01-01,Sudeste,MG,Público,38.18,20.56,25.92,126.0,23.7,2783870,339.8,Alto
2018,1,2018-01-01,Sudeste,MG,Industrial,37.85,42.6,44.69,195.1,20.6,4151011,202.67,Alto
2018,1,2018-01-01,Sudeste,ES,Residencial,36.73,17.0,95.75,243.4,32.1,357864,198.53,Baixo
2018,1,2018-01-01,Sudeste,ES,Residencial,39.19,34.08,6.64,63.8,23.9,5217186,81.27,Crítico
2018,1,2018-01-01,Sudeste,ES,Comercial,5.26,5.92,12.19,280.4,27.2,5025492,325.41,Médio
2018,1,2018-01-01,Sul,PR,Agrícola,8.98,31.32,16.39,217.9,29.1,417872,155.47,Alto
2018,1,2018-01-01,Sul,PR,Residencial,26.25,47.94,40.0,36.6,28.7,4101786,440.48,Médio
2018,1,2018-01-01,Sul,SC,Industrial,21.7,35.13,10.07,87.9,29.1,4968618,92.23,Baixo
2018,1,2018-01-01,Sul,SC,Público,15.91,52.72,93.18,92.5,21.2,5543001,188.22,Baixo
2018,1,2018-01-01,Sul,RS,Público,27.52,6.65,76.22,132.1,23.5,4587087,217.49,Crítico
2018,1,2018-01-01,Sul,RS,Comercial,9.47,6.72,93.18,155.9,30.7,3656783,238.05,Baixo
2018,2,2018-02-01,Norte,AM,Industrial,5.13,45.38,99.86,92.1,26.3,4777984,163.49,Crítico
2018,2,2018-02-01,Norte,PA,Industrial,22.98,5.31,40.64,78.5,25.1,4162430,174.26,Alto
2018,2,2018-02-01,Norte,PA,Residencial,22.1,24.07,17.66,96.8,22.6,2773476,382.82,Alto
2018,2,2018-02-01,Norte,RO,Residencial,37.42,5.88,77.22,145.8,23.9,3698029,124.61,Alto
2018,2,2018-02-01,Norte,TO,Público,10.92,30.85,58.69,169.3,26.4,1532496,154.38,Crítico
2018,2,2018-02-01,Nordeste,BA,Comercial,26.87,26.88,27.51,125.9,26.7,3147483,220.83,Médio
2018,2,2018-02-01,Nordeste,BA,Comercial,5.1,35.7,38.17,115.9,25.1,2141566,172.06,Médio
2018,2,2018-02-01,Nordeste,PE,Industrial,8.93,28.47,99.61,123.2,27.1,2328261,237.79,Alto
2018,2,2018-02-01,Nordeste,PE,Comercial,26.29,34.53,20.23,149.2,29.3,510056,200.53,Crítico
2018,2,2018-02-01,Nordeste,CE,Comercial,36.94,23.66,45.0,113.4,23.9,3847016,292.97,Crítico
2018,2,2018-02-01,Nordeste,CE,Comercial,26.26,12.35,86.05,144.7,25.0,1800916,272.72,Alto
2018,2,2018-02-01,Nordeste,MA,Industrial,39.49,43.75,59.26,103.0,26.6,3626936,183.71,Médio
2018,2,2018-02-01,Nordeste,PB,Residencial,19.23,6.02,60.61,45.9,27.3,4613108,297.56,Alto
2018,2,2018-02-01,Centro-Oeste,DF,Comercial,22.94,16.92,68.81,206.5,22.5,5967435,101.13,Médio
2018,2,2018-02-01,Centro-Oeste,GO,Público,27.96,36.36,86.13,111.2,30.0,5477173,150.29,Crítico
2018,2,2018-02-01,Centro-Oeste,GO,Agrícola,18.33,15.3,72.84,218.1,28.2,152613,171.58,Médio
2018,2,2018-02-01,Centro-Oeste,MT,Comercial,28.24,34.1,19.24,73.0,26.5,1789352,246.21,Médio
2018,2,2018-02-01,Centro-Oeste,MS,Comercial,39.85,28.51,20.14,52.3,29.1,4302908,419.58,Crítico
2018,2,2018-02-01,Sudeste,SP,Público,22.2,31.15,15.59,133.9,27.2,159036,246.29,Alto
2018,2,2018-02-01,Sudeste,SP,Agrícola,31.82,12.77,51.89,222.8,25.8,3438899,234.82,Crítico
2018,2,2018-02-01,Sudeste,SP,Comercial,14.86,51.92,52.14,29.3,22.3,1265496,306.01,Alto
2018,2,2018-02-01,Sudeste,RJ,Residencial,23.91,21.12,83.57,140.5,27.0,330078,215.1,Baixo
2018,2,2018-02-01,Sudeste,RJ,Agrícola,27.53,55.0,52.99,82.4,24.3,246909,291.66,Alto
2018,2,2018-02-01,Sudeste,RJ,Público,21.7,28.79,95.14,15.4,25.3,2466310,205.9,Crítico
2018,2,2018-02-01,Sudeste,RJ,Público,13.86,37.08,11.8,65.7,18.5,4017513,373.38,Crítico
2018,2,2018-02-01,Sudeste,MG,Agrícola,13.7,10.96,45.49,152.4,24.1,1649001,292.82,Alto
2018,2,2018-02-01,Sudeste,MG,Comercial,9.59,18.05,83.93,77.9,25.6,3102957,433.06,Baixo
2018,2,2018-02-01,Sudeste,MG,Industrial,2.22,40.0,89.93,151.4,27.6,5791471,163.93,Crítico
2018,2,2018-02-01,Sudeste,ES,Agrícola,11.11,53.56,92.42,118.5,26.5,3552025,144.13,Médio
2018,2,2018-02-01,Sudeste,ES,Agrícola,30.45,21.63,60.96,125.9,26.2,4307592,447.28,Crítico
2018,2,2018-02-01,Sudeste,ES,Comercial,15.05,50.01,22.38,87.0,23.2,746064,411.59,Baixo
2018,2,2018-02-01,Sul,PR,Público,16.9,45.28,68.58,104.1,27.3,4801761,327.46,Crítico
2018,2,2018-02-01,Sul,PR,Comercial,14.56,8.38,61.17,109.6,24.6,3041144,257.18,Baixo
2018,2,2018-02-01,Sul,SC,Comercial,31.31,41.73,42.22,44.4,25.0,2358216,445.32,Baixo
2018,2,2018-02-01,Sul,SC,Público,6.02,29.09,7.17,158.6,24.0,4861218,82.24,Alto
2018,2,2018-02-01,Sul,RS,Agrícola,24.73,41.17,72.51,95.4,23.2,2365892,375.69,Crítico
2018,2,2018-02-01,Sul,RS,Público,32.43,15.17,42.78,61.7,25.5,5625835,315.32,Crítico
2018,3,2018-03-01,Norte,AM,Industrial,15.98,24.0,96.88,137.1,23.3,306491,124.23,Crítico
2018,3,2018-03-01,Norte,PA,Residencial,16.11,8.99,12.28,116.6,29.5,357228,160.11,Médio
2018,3,2018-03-01,Norte,PA,Agrícola,15.58,36.79,82.94,92.3,26.2,1108165,91.03,Baixo
2018,3,2018-03-01,Norte,RO,Público,17.76,34.77,49.91,9.5,27.6,1769371,434.17,Crítico
2018,3,2018-03-01,Norte,TO,Residencial,25.29,30.3,38.56,58.0,25.1,1646724,385.01,Médio
2018,3,2018-03-01,Nordeste,BA,Residencial,22.64,34.97,46.12,140.2,29.2,5379699,318.54,Crítico
2018,3,2018-03-01,Nordeste,BA,Agrícola,2.07,22.93,14.33,95.1,29.6,4333645,322.86,Médio
2018,3,2018-03-01,Nordeste,PE,Público,36.98,31.71,40.81,141.7,30.7,2105837,226.69,Baixo
2018,3,2018-03-01,Nordeste,PE,Agrícola,3.43,22.61,76.8,105.5,24.3,5652027,415.83,Alto
2018,3,2018-03-01,Nordeste,CE,Público,12.43,37.6,39.44,56.2,26.9,2736654,208.59,Baixo
2018,3,2018-03-01,Nordeste,CE,Residencial,20.42,51.33,40.48,49.1,28.5,1494122,118.39,Alto
2018,3,2018-03-01,Nordeste,MA,Comercial,19.97,39.64,37.52,115.4,23.0,4431612,360.49,Crítico
2018,3,2018-03-01,Nordeste,PB,Comercial,22.11,52.53,37.57,70.1,19.2,841901,351.61,Alto
2018,3,2018-03-01,Centro-Oeste,DF,Público,29.55,32.92,66.03,54.0,27.0,4847873,233.57,Baixo
2018,3,2018-03-01,Centro-Oeste,GO,Agrícola,19.7,20.9,84.62,209.8,26.6,1436751,278.83,Alto
2018,3,2018-03-01,Centro-Oeste,GO,Residencial,17.95,20.41,71.17,185.1,29.3,2781539,190.91,Alto
2018,3,2018-03-01,Centro-Oeste,MT,Industrial,14.07,24.75,80.21,101.0,23.5,4154409,433.67,Médio
2018,3,2018-03-01,Centro-Oeste,MS,Público,7.12,19.15,58.77,60.0,23.3,288114,352.85,Baixo
2018,3,2018-03-01,Sudeste,SP,Residencial,14.69,24.7,31.91,115.5,19.9,3582999,178.62,Alto
2018,3,2018-03-01,Sudeste,SP,Industrial,23.84,31.88,58.3,93.2,24.3,512266,200.43,Crítico
2018,3,2018-03-01,Sudeste,SP,Industrial,20.05,7.04,82.31,40.5,29.4,1792725,325.82,Médio
2018,3,2018-03-01,Sudeste,RJ,Público,37.55,16.17,97.41,107.2,27.5,1472987,92.26,Alto
2018,3,2018-03-01,Sudeste,RJ,Industrial,13.77,41.76,33.27,75.5,26.3,387362,401.56,Crítico
2018,3,2018-03-01,Sudeste,RJ,Comercial,21.46,15.36,22.76,9.9,30.2,3336705,163.8,Baixo
2018,3,2018-03-01,Sudeste,RJ,Comercial,39.33,46.99,8.1,91.0,24.3,561531,371.05,Médio
2018,3,2018-03-01,Sudeste,MG,Residencial,22.91,27.65,84.9,130.1,29.2,5485075,81.64,Alto
2018,3,2018-03-01,Sudeste,MG,Público,28.05,50.9,51.96,74.7,27.0,4967335,340.41,Médio
2018,3,2018-03-01,Sudeste,MG,Agrícola,4.41,17.59,54.29,31.5,22.9,3251833,214.14,Baixo
2018,3,2018-03-01,Sudeste,ES,Industrial,30.42,10.07,40.77,80.2,24.6,4268012,85.67,Crítico
2018,3,2018-03-01,Sudeste,ES,Residencial,21.64,37.32,54.43,58.0,32.1,2120830,94.78,Crítico
2018,3,2018-03-01,Sudeste,ES,Agrícola,31.71,42.81,37.17,222.1,31.2,2777041,269.34,Baixo
2018,3,2018-03-01,Sul,PR,Público,34.14,5.01,66.57,87.0,21.8,3200936,436.88,Baixo
2018,3,2018-03-01,Sul,PR,Agrícola,20.51,21.31,32.82,99.6,31.1,4568128,286.99,Baixo
2018,3,2018-03-01,Sul,SC,Residencial,32.85,43.52,5.22,68.6,29.6,3530518,435.36,Alto
2018,3,2018-03-01,Sul,SC,Industrial,29.83,23.49,92.73,84.8,25.9,4703315,139.16,Baixo
2018,3,2018-03-01,Sul,RS,Comercial,35.13,44.61,50.56,54.5,23.3,2768143,256.32,Médio
2018,3,2018-03-01,Sul,RS,Público,14.79,21.11,5.67,115.6,26.6,665038,442.28,Crítico
2018,4,2018-04-01,Norte,AM,Agrícola,9.96,48.95,76.76,45.4,23.1,3067133,159.22,Médio
2018,4,2018-04-01,Norte,PA,Público,19.85,28.52,43.09,130.4,25.4,5815691,239.78,Crítico
2018,4,2018-04-01,Norte,PA,Industrial,12.38,9.43,64.41,69.6,24.7,4947946,254.9,Baixo
2018,4,2018-04-01,Norte,RO,Comercial,37.95,36.55,36.55,151.2,24.9,2649106,284.6,Alto
2018,4,2018-04-01,Norte,TO,Comercial,23.72,6.29,25.66,91.6,30.0,4418283,93.73,Baixo
2018,4,2018-04-01,Nordeste,BA,Industrial,29.06,8.67,46.61,133.2,23.5,3711562,367.64,Alto
2018,4,2018-04-01,Nordeste,BA,Comercial,15.98,27.62,81.85,86.0,24.6,3258440,234.77,Alto
2018,4,2018-04-01,Nordeste,PE,Público,39.64,46.5,8.52,213.4,23.0,5622180,364.84,Alto
2018,4,2018-04-01,Nordeste,PE,Industrial,17.21,17.22,67.59,23.7,25.8,1755156,172.43,Alto
2018,4,2018-04-01,Nordeste,CE,Industrial,29.5,8.94,75.86,118.7,27.2,4536148,128.59,Alto
2018,4,2018-04-01,Nordeste,CE,Industrial,34.12,48.76,64.17,127.3,32.0,3644980,224.09,Baixo
2018,4,2018-04-01,Nordeste,MA,Industrial,13.49,54.87,87.59,113.9,20.2,3017454,442.3,Alto
2018,4,2018-04-01,Nordeste,PB,Residencial,35.93,52.97,17.21,55.0,22.2,3693788,94.15,Crítico
2018,4,2018-04-01,Centro-Oeste,DF,Comercial,9.97,49.46,6.23,166.2,24.6,2583594,423.32,Baixo
2018,4,2018-04-01,Centro-Oeste,GO,Residencial,27.89,51.38,13.19,154.4,25.9,3886907,405.1,Alto
2018,4,2018-04-01,Centro-Oeste,GO,Comercial,26.61,23.76,64.54,90.6,29.4,1211946,253.01,Baixo
2018,4,2018-04-01,Centro-Oeste,MT,Público,5.29,52.0,8.16,70.7,21.6,5759479,231.46,Alto
2018,4,2018-04-01,Centro-Oeste,MS,Residencial,34.61,14.23,5.16,102.5,26.1,2299549,230.67,Crítico
2018,4,2018-04-01,Sudeste,SP,Industrial,17.06,9.28,89.5,190.5,25.5,232082,202.41,Crítico
2018,4,2018-04-01,Sudeste,SP,Agrícola,19.22,54.15,48.68,59.5,28.7,1792778,293.88,Alto
2018,4,2018-04-01,Sudeste,SP,Público,26.67,24.61,94.43,92.1,25.8,518944,96.0,Crítico
2018,4,2018-04-01,Sudeste,RJ,Comercial,38.44,7.53,32.79,46.2,23.4,5880704,231.52,Alto
2018,4,2018-04-01,Sudeste,RJ,Público,34.3,40.68,46.6,153.1,29.9,5047973,419.92,Médio
2018,4,2018-04-01,Sudeste,RJ,Público,22.11,42.25,63.76,44.8,29.8,3170753,251.4,Crítico
2018,4,2018-04-01,Sudeste,RJ,Comercial,2.56,37.04,65.63,93.6,22.8,263312,279.36,Alto
2018,4,2018-04-01,Sudeste,MG,Industrial,35.33,43.35,25.58,51.6,27.8,2714684,88.91,Médio
2018,4,2018-04-01,Sudeste,MG,Residencial,29.15,19.94,89.76,62.7,30.6,4711352,325.76,Crítico
2018,4,2018-04-01,Sudeste,MG,Agrícola,21.68,49.81,31.8,64.2,25.9,1066750,319.22,Médio
2018,4,2018-04-01,Sudeste,ES,Comercial,32.92,40.29,10.28,115.5,25.4,2474148,136.77,Alto
2018,4,2018-04-01,Sudeste,ES,Industrial,13.64,47.72,35.86,28.4,22.4,5253186,419.38,Crítico
2018,4,2018-04-01,Sudeste,ES,Público,21.71,6.96,50.23,144.5,25.1,1247437,336.78,Médio
2018,4,2018-04-01,Sul,PR,Industrial,12.58,15.59,93.03,48.3,24.2,443754,346.64,Baixo
2018,4,2018-04-01,Sul,PR,Industrial,25.61,32.71,15.33,123.3,27.0,377834,141.61,Baixo
2018,4,2018-04-01,Sul,SC,Industrial,35.42,40.92,18.61,198.3,31.1,618474,113.03,Crítico
2018,4,2018-04-01,Sul,SC,Industrial,37.38,47.62,36.25,205.5,25.1,4068311,402.17,Crítico
2018,4,2018-04-01,Sul,RS,Industrial,9.68,12.71,29.31,61.6,33.1,5785817,285.78,Médio
2018,4,2018-04-01,Sul,RS,Residencial,38.3,44.49,88.82,192.0,26.1,5259048,238.48,Médio
2018,5,2018-05-01,Norte,AM,Agrícola,6.24,52.33,46.78,132.6,29.9,1212042,382.98,Crítico
2018,5,2018-05-01,Norte,PA,Agrícola,37.89,31.06,33.43,150.5,27.0,2581726,392.01,Baixo
2018,5,2018-05-01,Norte,PA,Industrial,15.02,54.82,90.52,152.4,24.8,5939467,377.9,Alto
2018,5,2018-05-01,Norte,RO,Comercial,8.91,53.95,99.92,136.0,29.5,4022987,444.47,Baixo
2018,5,2018-05-01,Norte,TO,Industrial,2.53,35.76,54.3,68.9,28.8,4644885,225.77,Crítico
2018,5,2018-05-01,Nordeste,BA,Residencial,35.76,19.07,90.96,59.9,30.4,5285676,321.04,Baixo
2018,5,2018-05-01,Nordeste,BA,Agrícola,15.84,13.5,92.06,146.7,22.2,3655709,102.92,Baixo
2018,5,2018-05-01,Nordeste,PE,Industrial,24.76,51.63,71.77,90.7,21.8,3258007,396.61,Crítico
2018,5,2018-05-01,Nordeste,PE,Agrícola,19.81,51.75,24.38,116.5,18.4,187067,399.79,Alto
2018,5,2018-05-01,Nordeste,CE,Comercial,7.13,34.23,18.57,82.3,22.0,3354705,350.49,Baixo
2018,5,2018-05-01,Nordeste,CE,Residencial,34.36,14.46,77.92,44.8,26.2,4867848,152.07,Médio
2018,5,2018-05-01,Nordeste,MA,Comercial,5.57,31.91,83.52,29.8,20.3,4319269,218.38,Alto
2018,5,2018-05-01,Nordeste,PB,Residencial,19.22,28.68,87.71,45.1,23.7,4170249,347.83,Baixo
2018,5,2018-05-01,Centro-Oeste,DF,Agrícola,7.91,18.15,74.51,80.5,21.9,2894214,143.79,Crítico
2018,5,2018-05-01,Centro-Oeste,GO,Agrícola,17.21,46.58,19.42,38.2,27.5,2638857,221.35,Baixo
2018,5,2018-05-01,Centro-Oeste,GO,Residencial,5.6,26.59,55.66,62.2,29.8,4619139,413.19,Baixo
2018,5,2018-05-01,Centro-Oeste,MT,Residencial,32.66,26.46,30.81,61.8,23.9,1350432,102.26,Baixo
2018,5,2018-05-01,Centro-Oeste,MS,Residencial,29.25,39.6,81.05,88.7,31.4,5379401,123.56,Baixo
2018,5,2018-05-01,Sudeste,SP,Residencial,37.91,8.19,31.6,55.2,27.1,2480412,132.32,Alto
2018,5,2018-05-01,Sudeste,SP,Comercial,9.8,11.35,81.49,72.1,28.2,1955711,268.43,Baixo
2018,5,2018-05-01,Sudeste,SP,Público,31.47,9.3,16.0,78.5,30.9,5010303,163.45,Médio
2018,5,2018-05-01,Sudeste,RJ,Residencial,6.9,20.26,11.79,75.2,25.7,1288794,184.46,Médio
2018,5,2018-05-01,Sudeste,RJ,Comercial,33.49,13.0,63.41,43.3,23.1,4754377,310.12,Alto
2018,5,2018-05-01,Sudeste,RJ,Comercial,21.45,24.3,67.73,120.1,26.4,1351654,80.66,Médio
2018,5,2018-05-01,Sudeste,RJ,Público,25.06,38.24,11.18,57.9,28.9,5084742,379.01,Médio
2018,5,2018-05-01,Sudeste,MG,Agrícola,27.07,17.83,41.17,44.3,27.6,816918,225.16,Médio
2018,5,2018-05-01,Sudeste,MG,Agrícola,4.42,20.63,29.35,305.1,23.8,4299475,302.21,Baixo
2018,5,2018-05-01,Sudeste,MG,Público,38.68,29.93,19.93,72.5,23.3,1767098,358.16,Baixo
2018,5,2018-05-01,Sudeste,ES,Agrícola,26.47,41.61,34.7,58.5,31.6,4336885,447.05,Crítico
2018,5,2018-05-01,Sudeste,ES,Residencial,37.2,9.53,99.59,207.4,27.2,4669043,109.28,Médio
2018,5,2018-05-01,Sudeste,ES,Público,11.46,40.6,89.79,221.9,28.0,1804558,398.14,Médio
2018,5,2018-05-01,Sul,PR,Público,33.21,17.66,67.1,156.0,23.0,1548705,357.31,Baixo
2018,5,2018-05-01,Sul,PR,Comercial,23.43,51.88,43.15,71.2,32.4,1255461,339.96,Crítico
2018,5,2018-05-01,Sul,SC,Comercial,7.37,33.13,21.03,41.5,25.7,5388427,124.33,Médio
2018,5,2018-05-01,Sul,SC,Agrícola,36.72,45.98,75.28,113.9,24.4,858876,322.42,Alto
2018,5,2018-05-01,Sul,RS,Público,21.31,37.91,16.36,72.3,24.5,924912,226.3,Médio
2018,5,2018-05-01,Sul,RS,Residencial,9.8,52.09,74.19,119.5,22.8,1825615,159.47,Médio
2018,6,2018-06-01,Norte,AM,Público,6.83,7.32,22.12,98.2,27.1,3281647,304.53,Crítico
2018,6,2018-06-01,Norte,PA,Agrícola,38.94,12.46,60.01,129.0,18.2,4369996,207.68,Crítico
2018,6,2018-06-01,Norte,PA,Comercial,3.32,20.19,24.5,138.9,30.0,902198,345.44,Crítico
2018,6,2018-06-01,Norte,RO,Industrial,28.54,51.46,62.17,39.5,28.0,5307498,198.26,Alto
2018,6,2018-06-01,Norte,TO,Industrial,35.02,41.9,54.04,206.8,27.8,2106037,350.98,Crítico
2018,6,2018-06-01,Nordeste,BA,Público,36.2,26.51,27.98,42.9,25.3,3178364,311.45,Crítico
2018,6,2018-06-01,Nordeste,BA,Agrícola,4.36,21.88,91.51,117.0,28.3,219175,219.7,Baixo
2018,6,2018-06-01,Nordeste,PE,Agrícola,8.79,14.85,89.59,33.1,24.1,5047838,94.54,Baixo
2018,6,2018-06-01,Nordeste,PE,Público,10.63,31.29,11.46,98.2,24.7,5472432,429.79,Alto
2018,6,2018-06-01,Nordeste,CE,Comercial,17.31,11.76,91.54,66.0,29.7,3878550,219.16,Médio
2018,6,2018-06-01,Nordeste,CE,Industrial,38.56,18.52,11.66,176.4,27.4,5605484,211.06,Baixo
2018,6,2018-06-01,Nordeste,MA,Comercial,26.1,21.34,34.5,103.0,25.9,4870892,257.88,Médio
2018,6,2018-06-01,Nordeste,PB,Industrial,22.15,36.67,14.55,87.9,24.1,561331,341.97,Médio
2018,6,2018-06-01,Centro-Oeste,DF,Industrial,9.46,53.78,81.48,85.7,26.5,4094141,143.48,Alto
2018,6,2018-06-01,Centro-Oeste,GO,Público,23.04,54.46,57.25,194.2,26.5,4046637,206.12,Baixo
2018,6,2018-06-01,Centro-Oeste,GO,Industrial,7.49,51.43,36.89,120.4,27.7,2702986,131.49,Alto
2018,6,2018-06-01,Centro-Oeste,MT,Comercial,24.94,7.89,78.87,49.0,18.3,4245879,371.8,Crítico
2018,6,2018-06-01,Centro-Oeste,MS,Industrial,17.36,20.35,40.67,123.0,31.3,316732,112.06,Médio
2018,6,2018-06-01,Sudeste,SP,Residencial,2.25,36.86,62.64,129.0,21.3,3064234,445.06,Alto
2018,6,2018-06-01,Sudeste,SP,Público,36.78,21.12,93.87,103.2,26.2,3870396,377.38,Baixo
2018,6,2018-06-01,Sudeste,SP,Público,27.68,23.71,10.32,136.8,34.6,956978,247.14,Alto
2018,6,2018-06-01,Sudeste,RJ,Residencial,6.23,51.75,26.41,141.5,33.7,5009935,301.74,Alto
2018,6,2018-06-01,Sudeste,RJ,Público,31.4,44.43,49.03,51.2,24.5,1613642,337.33,Baixo
2018,6,2018-06-01,Sudeste,RJ,Industrial,39.37,16.61,85.8,18.6,19.1,1658121,406.62,Alto
2018,6,2018-06-01,Sudeste,RJ,Industrial,8.6,15.95,49.17,80.2,28.9,5097840,90.31,Alto
2018,6,2018-06-01,Sudeste,MG,Comercial,13.93,24.93,82.16,33.5,25.1,3780480,142.9,Baixo
2018,6,2018-06-01,Sudeste,MG,Industrial,36.64,34.31,60.24,70.3,25.8,1089309,403.82,Crítico
2018,6,2018-06-01,Sudeste,MG,Industrial,23.21,53.16,45.76,132.1,23.9,303805,351.36,Médio
2018,6,2018-06-01,Sudeste,ES,Comercial,25.52,36.07,57.77,128.5,24.7,4576033,429.56,Baixo
2018,6,2018-06-01,Sudeste,ES,Residencial,14.25,23.82,13.46,85.1,22.5,3186918,358.83,Crítico
2018,6,2018-06-01,Sudeste,ES,Público,23.02,45.54,91.37,66.7,25.1,5430912,293.48,Médio
2018,6,2018-06-01,Sul,PR,Público,33.09,41.26,61.65,23.2,26.8,2451144,323.0,Crítico
2018,6,2018-06-01,Sul,PR,Público,16.49,6.29,64.26,92.8,22.2,5162748,322.95,Alto
2018,6,2018-06-01,Sul,SC,Agrícola,32.02,14.77,75.09,48.6,29.0,5973932,329.04,Alto
2018,6,2018-06-01,Sul,SC,Residencial,30.96,50.5,72.55,165.3,23.5,3659236,379.07,Baixo
2018,6,2018-06-01,Sul,RS,Residencial,17.46,22.24,62.36,134.4,18.2,3364040,264.06,Alto
2018,6,2018-06-01,Sul,RS,Residencial,26.91,31.12,49.24,152.1,25.0,2854804,317.72,Alto
2018,7,2018-07-01,Norte,AM,Industrial,22.0,52.17,87.89,105.2,26.4,3729366,265.83,Médio
2018,7,2018-07-01,Norte,PA,Agrícola,25.4,23.19,57.66,152.6,24.4,4234605,304.7,Médio
2018,7,2018-07-01,Norte,PA,Comercial,37.61,11.94,16.61,194.2,27.7,888417,377.46,Médio
2018,7,2018-07-01,Norte,RO,Comercial,37.21,11.66,41.57,100.7,29.2,1153331,430.01,Médio
2018,7,2018-07-01,Norte,TO,Agrícola,20.39,11.19,64.32,34.1,21.6,4041904,170.22,Crítico
2018,7,2018-07-01,Nordeste,BA,Agrícola,20.82,21.32,54.32,186.2,28.2,5663432,144.33,Crítico
2018,7,2018-07-01,Nordeste,BA,Industrial,38.6,51.17,18.71,124.9,21.5,3468986,373.53,Médio
2018,7,2018-07-01,Nordeste,PE,Industrial,11.95,7.15,28.06,56.7,22.3,4974577,305.5,Médio
2018,7,2018-07-01,Nordeste,PE,Público,8.21,11.29,49.62,129.3,27.3,980194,152.04,Crítico
2018,7,2018-07-01,Nordeste,CE,Público,31.78,16.85,27.05,55.6,25.2,1601477,238.22,Médio
2018,7,2018-07-01,Nordeste,CE,Comercial,39.52,7.5,86.89,161.1,24.8,394755,164.0,Baixo
2018,7,2018-07-01,Nordeste,MA,Residencial,32.85,40.99,58.33,62.8,23.5,4854585,417.7,Baixo
2018,7,2018-07-01,Nordeste,PB,Comercial,20.52,25.46,56.89,133.5,27.6,3425554,81.82,Médio
2018,7,2018-07-01,Centro-Oeste,DF,Agrícola,8.15,51.82,67.31,163.5,21.7,3564168,391.09,Baixo
2018,7,2018-07-01,Centro-Oeste,GO,Agrícola,22.65,46.23,18.16,60.9,25.8,643019,428.31,Baixo
2018,7,2018-07-01,Centro-Oeste,GO,Comercial,28.27,36.98,31.61,196.3,27.6,2467384,372.41,Baixo
2018,7,2018-07-01,Centro-Oeste,MT,Industrial,9.85,32.87,69.37,98.2,27.9,4716958,136.54,Baixo
2018,7,2018-07-01,Centro-Oeste,MS,Público,25.37,20.08,60.05,88.8,29.9,3304968,220.66,Baixo
2018,7,2018-07-01,Sudeste,SP,Industrial,13.29,52.94,59.11,85.0,29.1,2898359,197.04,Baixo
2018,7,2018-07-01,Sudeste,SP,Agrícola,33.69,45.09,81.23,116.4,24.0,3294493,445.54,Crítico
2018,7,2018-07-01,Sudeste,SP,Comercial,2.0,45.56,9.77,61.9,24.7,5355555,296.99,Crítico
2018,7,2018-07-01,Sudeste,RJ,Industrial,11.13,25.53,76.38,81.9,27.3,3999423,137.91,Crítico
2018,7,2018-07-01,Sudeste,RJ,Público,38.56,13.49,38.08,82.4,22.7,3647680,356.32,Alto
2018,7,2018-07-01,Sudeste,RJ,Agrícola,6.94,28.48,43.69,30.4,29.2,1397447,252.19,Baixo
2018,7,2018-07-01,Sudeste,RJ,Público,10.63,19.01,37.48,123.6,27.3,5701117,196.67,Crítico
2018,7,2018-07-01,Sudeste,MG,Agrícola,26.95,17.99,80.78,168.6,23.9,5151624,396.17,Médio
2018,7,2018-07-01,Sudeste,MG,Residencial,38.57,5.0,76.84,112.7,22.8,521198,218.57,Baixo
2018,7,2018-07-01,Sudeste,MG,Público,13.54,29.12,23.98,70.2,25.2,2135919,439.18,Baixo
2018,7,2018-07-01,Sudeste,ES,Residencial,7.56,54.86,97.29,136.2,26.1,5647328,96.04,Alto
2018,7,2018-07-01,Sudeste,ES,Industrial,20.98,22.9,53.62,88.5,23.4,4592231,387.73,Baixo
2018,7,2018-07-01,Sudeste,ES,Comercial,19.72,30.4,41.45,93.3,30.8,1393764,143.43,Crítico
2018,7,2018-07-01,Sul,PR,Industrial,38.65,50.35,47.17,59.2,22.2,3236648,236.11,Médio
2018,7,2018-07-01,Sul,PR,Comercial,39.46,30.92,29.52,80.2,32.5,5409176,303.95,Crítico
2018,7,2018-07-01,Sul,SC,Residencial,15.92,30.31,58.71,147.5,24.7,5642158,426.62,Médio
2018,7,2018-07-01,Sul,SC,Comercial,28.35,23.71,18.3,285.7,25.6,1595223,191.75,Médio
2018,7,2018-07-01,Sul,RS,Industrial,26.9,37.53,91.49,66.2,27.0,4321692,301.6,Médio
2018,7,2018-07-01,Sul,RS,Comercial,15.8,30.21,14.01,59.2,24.8,4816127,91.88,Médio
2018,8,2018-08-01,Norte,AM,Agrícola,9.12,39.27,10.47,129.2,30.1,1200898,346.8,Alto
2018,8,2018-08-01,Norte,PA,Residencial,26.93,7.98,44.61,182.0,27.3,2410271,148.29,Alto
2018,8,2018-08-01,Norte,PA,Comercial,23.02,12.21,49.52,128.0,29.0,2743950,333.49,Baixo
2018,8,2018-08-01,Norte,RO,Industrial,11.07,9.52,34.88,113.7,26.9,2634003,212.52,Alto
2018,8,2018-08-01,Norte,TO,Residencial,23.37,22.04,68.13,123.9,26.9,137197,107.07,Crítico
2018,8,2018-08-01,Nordeste,BA,Comercial,32.12,34.23,13.2,155.3,18.5,546046,127.97,Médio
2018,8,2018-08-01,Nordeste,BA,Residencial,19.87,48.89,10.74,88.7,21.2,1968670,413.47,Médio
2018,8,2018-08-01,Nordeste,PE,Comercial,4.97,48.73,48.09,251.4,22.5,5036290,405.56,Crítico
2018,8,2018-08-01,Nordeste,PE,Comercial,24.37,12.77,64.8,18.3,25.7,4921661,150.56,Médio
2018,8,2018-08-01,Nordeste,CE,Industrial,20.27,50.07,22.99,68.9,24.7,2227408,147.58,Médio
2018,8,2018-08-01,Nordeste,CE,Público,5.07,34.58,82.66,239.8,25.9,4848219,400.78,Baixo
2018,8,2018-08-01,Nordeste,MA,Agrícola,2.05,16.49,68.89,79.6,24.7,1982244,157.67,Crítico
2018,8,2018-08-01,Nordeste,PB,Industrial,31.22,37.72,88.41,92.5,27.6,5761669,417.24,Baixo
2018,8,2018-08-01,Centro-Oeste,DF,Público,7.92,33.99,95.97,114.6,30.7,420663,234.21,Médio
2018,8,2018-08-01,Centro-Oeste,GO,Industrial,34.11,46.44,51.29,40.6,26.1,4263418,241.8,Crítico
2018,8,2018-08-01,Centro-Oeste,GO,Comercial,10.88,50.14,17.0,63.2,25.3,5690818,226.86,Crítico
2018,8,2018-08-01,Centro-Oeste,MT,Industrial,6.71,12.75,62.9,88.8,27.0,1339188,441.7,Médio
2018,8,2018-08-01,Centro-Oeste,MS,Comercial,14.87,49.46,77.47,72.6,26.6,2383182,108.57,Alto
2018,8,2018-08-01,Sudeste,SP,Comercial,3.92,44.79,61.85,45.0,23.3,3416520,383.85,Baixo
2018,8,2018-08-01,Sudeste,SP,Comercial,4.99,29.47,37.71,74.1,26.8,5530672,238.63,Baixo
2018,8,2018-08-01,Sudeste,SP,Residencial,24.51,37.57,18.45,72.7,30.2,3997042,336.32,Baixo
2018,8,2018-08-01,Sudeste,RJ,Comercial,15.69,51.99,29.15,95.7,25.1,4531896,406.15,Crítico
2018,8,2018-08-01,Sudeste,RJ,Agrícola,38.69,54.34,24.88,66.7,22.7,2575774,379.97,Médio
2018,8,2018-08-01,Sudeste,RJ,Comercial,28.69,43.5,5.61,21.5,27.4,5268720,229.59,Crítico
2018,8,2018-08-01,Sudeste,RJ,Residencial,14.93,26.88,12.33,16.3,23.0,147971,318.15,Médio
2018,8,2018-08-01,Sudeste,MG,Comercial,4.9,20.88,87.06,120.0,27.4,4112522,385.15,Crítico
2018,8,2018-08-01,Sudeste,MG,Comercial,29.05,52.75,61.74,173.0,28.6,4357859,136.33,Crítico
2018,8,2018-08-01,Sudeste,MG,Agrícola,9.89,37.54,74.3,7.1,25.6,5357779,417.57,Alto
2018,8,2018-08-01,Sudeste,ES,Residencial,29.03,36.49,90.99,97.3,21.5,423147,286.19,Crítico
2018,8,2018-08-01,Sudeste,ES,Industrial,7.3,10.09,15.88,84.1,27.0,987311,395.42,Baixo
2018,8,2018-08-01,Sudeste,ES,Residencial,31.06,14.93,42.68,158.6,25.8,1832651,440.39,Baixo
2018,8,2018-08-01,Sul,PR,Agrícola,6.56,46.1,12.49,248.6,22.9,4353024,144.05,Alto
2018,8,2018-08-01,Sul,PR,Público,27.29,45.74,6.38,199.1,25.5,2131331,436.3,Crítico
2018,8,2018-08-01,Sul,SC,Comercial,23.61,36.51,54.42,190.0,27.8,1438466,169.36,Baixo
2018,8,2018-08-01,Sul,SC,Agrícola,16.19,50.14,43.53,157.5,22.1,1625308,342.0,Alto
2018,8,2018-08-01,Sul,RS,Agrícola,10.77,35.26,97.64,34.3,23.5,4480801,222.37,Médio
2018,8,2018-08-01,Sul,RS,Comercial,4.91,18.38,63.47,48.1,22.9,1598155,333.04,Alto
2018,9,2018-09-01,Norte,AM,Residencial,10.16,11.35,86.56,91.8,24.9,4718238,316.06,Baixo
2018,9,2018-09-01,Norte,PA,Público,2.74,24.3,52.42,152.8,25.1,1030403,336.36,Crítico
2018,9,2018-09-01,Norte,PA,Industrial,28.77,6.16,5.65,191.8,20.4,3607525,328.21,Alto
2018,9,2018-09-01,Norte,RO,Comercial,27.31,24.09,65.35,236.7,28.2,4791046,246.45,Alto
2018,9,2018-09-01,Norte,TO,Agrícola,12.26,41.83,18.28,42.9,24.7,5177549,395.99,Médio
2018,9,2018-09-01,Nordeste,BA,Residencial,14.47,30.96,7.65,179.0,25.7,1079692,356.64,Crítico
2018,9,2018-09-01,Nordeste,BA,Residencial,8.03,15.7,19.62,40.0,24.7,4576085,260.58,Alto
2018,9,2018-09-01,Nordeste,PE,Público,36.68,7.79,78.85,145.3,27.6,4797038,436.53,Alto
2018,9,2018-09-01,Nordeste,PE,Industrial,25.87,53.26,88.76,92.2,29.4,3724128,437.78,Crítico
2018,9,2018-09-01,Nordeste,CE,Comercial,16.29,27.25,77.58,57.3,24.1,3760656,289.96,Médio
2018,9,2018-09-01,Nordeste,CE,Comercial,32.99,33.04,97.5,259.1,30.5,811329,313.95,Médio
2018,9,2018-09-01,Nordeste,MA,Público,34.32,50.62,6.98,18.4,23.0,318073,421.51,Médio
2018,9,2018-09-01,Nordeste,PB,Comercial,4.75,30.53,22.53,94.2,26.9,1250144,270.48,Crítico
2018,9,2018-09-01,Centro-Oeste,DF,Comercial,30.7,33.52,38.65,321.5,25.2,3967426,411.74,Alto
2018,9,2018-09-01,Centro-Oeste,GO,Público,25.22,22.88,34.96,132.7,30.6,2598327,109.53,Alto
2018,9,2018-09-01,Centro-Oeste,GO,Industrial,15.16,53.81,89.33,56.4,28.1,1093239,136.26,Alto
2018,9,2018-09-01,Centro-Oeste,MT,Agrícola,13.51,53.13,53.48,66.5,22.7,2423286,268.63,Alto
2018,9,2018-09-01,Centro-Oeste,MS,Comercial,27.57,33.13,71.43,64.1,26.2,4566842,314.81,Crítico
2018,9,2018-09-01,Sudeste,SP,Público,13.26,52.35,19.09,87.6,27.8,513498,316.93,Alto
2018,9,2018-09-01,Sudeste,SP,Industrial,7.55,15.8,10.33,29.1,23.8,1250042,408.71,Alto
2018,9,2018-09-01,Sudeste,SP,Público,5.08,33.82,8.35,87.5,26.9,3706565,285.65,Crítico
2018,9,2018-09-01,Sudeste,RJ,Agrícola,36.17,30.7,5.11,69.9,26.3,3014577,246.8,Baixo
2018,9,2018-09-01,Sudeste,RJ,Residencial,2.26,48.62,47.32,120.9,29.3,5390900,109.82,Baixo
2018,9,2018-09-01,Sudeste,RJ,Público,13.4,22.6,10.53,123.7,19.9,4981606,179.54,Baixo
2018,9,2018-09-01,Sudeste,RJ,Comercial,8.36,10.56,12.48,151.5,25.0,4330018,377.24,Baixo
2018,9,2018-09-01,Sudeste,MG,Comercial,29.88,51.9,84.89,34.2,28.2,2820318,265.76,Baixo
2018,9,2018-09-01,Sudeste,MG,Público,15.56,22.85,70.09,78.3,28.6,4896271,105.39,Alto
2018,9,2018-09-01,Sudeste,MG,Agrícola,19.66,26.81,88.08,131.4,24.9,2894411,280.91,Baixo
2018,9,2018-09-01,Sudeste,ES,Comercial,9.83,44.51,84.19,176.9,28.0,4879658,120.65,Médio
2018,9,2018-09-01,Sudeste,ES,Público,9.0,28.89,38.92,115.6,27.1,4710890,296.48,Alto
2018,9,2018-09-01,Sudeste,ES,Comercial,16.77,14.63,72.6,118.8,28.3,3376854,264.77,Médio
2018,9,2018-09-01,Sul,PR,Residencial,27.57,51.41,96.04,109.9,28.0,1569087,437.0,Crítico
2018,9,2018-09-01,Sul,PR,Residencial,21.06,5.57,91.0,93.0,27.8,980126,315.15,Alto
2018,9,2018-09-01,Sul,SC,Agrícola,13.24,7.76,64.24,128.4,18.8,4456719,90.65,Baixo
2018,9,2018-09-01,Sul,SC,Agrícola,10.83,44.31,42.33,134.6,30.1,3046922,427.2,Baixo
2018,9,2018-09-01,Sul,RS,Industrial,29.01,35.37,44.11,226.5,26.7,5774804,168.0,Baixo
2018,9,2018-09-01,Sul,RS,Público,28.87,51.91,39.72,142.1,26.7,2581220,251.62,Crítico
2018,10,2018-10-01,Norte,AM,Agrícola,31.99,10.2,79.36,157.5,23.6,4708288,118.51,Baixo
2018,10,2018-10-01,Norte,PA,Público,35.64,6.32,19.4,158.7,25.4,717363,332.64,Alto
2018,10,2018-10-01,Norte,PA,Comercial,16.05,28.69,8.06,45.1,21.0,4936034,283.38,Médio
2018,10,2018-10-01,Norte,RO,Comercial,29.55,33.58,95.51,195.7,32.2,2202999,415.63,Médio
2018,10,2018-10-01,Norte,TO,Público,11.11,44.73,35.28,140.3,23.2,5624458,279.42,Baixo
2018,10,2018-10-01,Nordeste,BA,Residencial,34.94,46.93,94.97,136.3,24.7,1576565,165.78,Médio
2018,10,2018-10-01,Nordeste,BA,Industrial,7.6,37.75,36.06,68.5,25.3,1040243,382.37,Alto
2018,10,2018-10-01,Nordeste,PE,Comercial,15.13,39.81,11.76,144.1,34.4,5644022,271.9,Crítico
2018,10,2018-10-01,Nordeste,PE,Comercial,7.99,25.38,38.45,59.2,27.7,2102332,203.03,Médio
2018,10,2018-10-01,Nordeste,CE,Agrícola,27.53,46.46,97.6,68.3,25.0,2184341,359.04,Crítico
2018,10,2018-10-01,Nordeste,CE,Industrial,6.68,38.57,8.32,65.1,24.2,1425571,345.29,Baixo
2018,10,2018-10-01,Nordeste,MA,Comercial,16.28,48.31,20.85,51.1,26.6,4584578,104.73,Baixo
2018,10,2018-10-01,Nordeste,PB,Residencial,27.92,9.35,60.94,34.6,28.3,3866819,103.59,Alto
2018,10,2018-10-01,Centro-Oeste,DF,Agrícola,27.59,38.59,42.17,80.6,27.8,2967367,316.7,Crítico
2018,10,2018-10-01,Centro-Oeste,GO,Industrial,18.25,31.17,10.78,104.2,26.7,5967884,336.75,Baixo
2018,10,2018-10-01,Centro-Oeste,GO,Comercial,3.74,50.03,81.28,207.7,21.1,2106348,245.67,Crítico
2018,10,2018-10-01,Centro-Oeste,MT,Industrial,39.77,16.49,36.19,48.5,24.1,4850942,328.99,Baixo
2018,10,2018-10-01,Centro-Oeste,MS,Industrial,24.02,32.26,87.72,140.6,25.3,1996150,137.52,Médio
2018,10,2018-10-01,Sudeste,SP,Residencial,12.74,52.89,48.31,83.7,27.7,4031636,356.48,Crítico
2018,10,2018-10-01,Sudeste,SP,Comercial,39.57,49.83,90.7,54.6,27.3,606396,252.65,Crítico
2018,10,2018-10-01,Sudeste,SP,Público,19.31,32.72,22.04,74.6,21.9,2409890,121.95,Baixo
2018,10,2018-10-01,Sudeste,RJ,Residencial,10.09,52.1,41.17,157.9,29.4,4221861,304.99,Alto
2018,10,2018-10-01,Sudeste,RJ,Agrícola,4.39,29.99,55.51,102.3,31.1,1159212,305.3,Crítico
2018,10,2018-10-01,Sudeste,RJ,Público,23.12,7.21,38.27,37.9,32.0,5541616,140.53,Médio
2018,10,2018-10-01,Sudeste,RJ,Agrícola,32.05,50.14,57.51,118.6,29.2,3084933,406.93,Baixo
2018,10,2018-10-01,Sudeste,MG,Industrial,35.93,43.16,82.27,32.9,26.1,3356911,360.67,Médio
2018,10,2018-10-01,Sudeste,MG,Agrícola,39.92,29.06,88.38,57.6,28.9,3527587,155.34,Baixo
2018,10,2018-10-01,Sudeste,MG,Comercial,8.04,50.72,69.46,41.2,26.6,2196877,281.8,Baixo
2018,10,2018-10-01,Sudeste,ES,Comercial,20.93,16.24,23.38,59.1,32.0,3618482,181.45,Médio
2018,10,2018-10-01,Sudeste,ES,Residencial,9.37,18.7,8.61,36.8,25.9,505539,420.89,Crítico
2018,10,2018-10-01,Sudeste,ES,Industrial,22.62,5.59,75.53,183.6,20.8,2993309,377.54,Médio
2018,10,2018-10-01,Sul,PR,Agrícola,37.39,33.7,63.39,221.9,23.8,5014460,126.74,Baixo
2018,10,2018-10-01,Sul,PR,Comercial,31.37,38.5,62.3,349.8,32.4,2828811,269.61,Médio
2018,10,2018-10-01,Sul,SC,Público,20.93,38.19,72.36,225.5,23.6,3409753,218.52,Crítico
2018,10,2018-10-01,Sul,SC,Residencial,15.38,18.32,62.07,96.5,24.1,3127763,446.55,Crítico
2018,10,2018-10-01,Sul,RS,Comercial,27.45,44.16,27.36,102.0,21.6,1666873,363.46,Médio
2018,10,2018-10-01,Sul,RS,Comercial,8.71,17.27,91.77,160.2,22.6,3457151,94.94,Crítico
2018,11,2018-11-01,Norte,AM,Industrial,32.23,38.39,37.69,80.8,23.8,4698611,95.46,Alto
2018,11,2018-11-01,Norte,PA,Residencial,4.22,21.32,85.95,43.0,25.5,1421041,230.82,Alto
2018,11,2018-11-01,Norte,PA,Residencial,39.1,29.52,89.14,58.6,26.4,4132857,143.12,Crítico
2018,11,2018-11-01,Norte,RO,Residencial,22.24,25.14,37.58,91.5,25.4,1213129,449.32,Médio
2018,11,2018-11-01,Norte,TO,Comercial,9.95,14.06,85.26,181.9,25.9,2567042,319.99,Crítico
2018,11,2018-11-01,Nordeste,BA,Público,34.38,42.7,72.78,156.0,25.7,3677497,299.74,Baixo
2018,11,2018-11-01,Nordeste,BA,Agrícola,17.09,51.95,97.97,50.4,28.8,1114478,324.12,Médio
2018,11,2018-11-01,Nordeste,PE,Agrícola,27.97,24.72,43.85,95.8,26.4,2645447,168.4,Crítico
2018,11,2018-11-01,Nordeste,PE,Comercial,16.6,31.28,89.55,132.3,29.1,5521362,437.46,Médio
2018,11,2018-11-01,Nordeste,CE,Agrícola,31.79,33.13,44.42,135.9,29.0,2813492,85.45,Baixo
2018,11,2018-11-01,Nordeste,CE,Residencial,28.98,8.03,89.45,116.9,28.6,3360794,184.73,Baixo
2018,11,2018-11-01,Nordeste,MA,Industrial,2.36,33.21,70.52,79.3,33.3,3757536,414.86,Alto
2018,11,2018-11-01,Nordeste,PB,Residencial,34.65,36.22,80.35,91.9,29.7,5616322,223.86,Alto
2018,11,2018-11-01,Centro-Oeste,DF,Industrial,39.6,14.03,32.0,57.0,22.1,4729832,334.61,Crítico
2018,11,2018-11-01,Centro-Oeste,GO,Industrial,26.5,16.2,75.49,121.0,21.5,5761557,267.66,Alto
2018,11,2018-11-01,Centro-Oeste,GO,Comercial,37.79,21.85,69.77,30.4,29.7,3125951,239.88,Médio
2018,11,2018-11-01,Centro-Oeste,MT,Agrícola,23.52,41.33,83.28,62.1,24.5,4397787,88.03,Médio
2018,11,2018-11-01,Centro-Oeste,MS,Público,34.06,11.51,19.78,98.0,28.9,3515320,403.48,Alto
2018,11,2018-11-01,Sudeste,SP,Industrial,21.88,12.23,44.08,35.5,30.7,3895426,233.8,Médio
2018,11,2018-11-01,Sudeste,SP,Público,2.96,17.74,91.77,11.0,26.9,1203035,383.27,Alto
2018,11,2018-11-01,Sudeste,SP,Público,31.06,39.39,59.01,107.0,26.9,2450764,322.6,Crítico
2018,11,2018-11-01,Sudeste,RJ,Público,29.46,36.61,7.2,57.3,28.3,1879496,248.28,Médio
2018,11,2018-11-01,Sudeste,RJ,Residencial,37.2,12.12,29.56,37.2,27.4,1229126,209.62,Baixo
2018,11,2018-11-01,Sudeste,RJ,Público,28.5,21.56,32.22,44.9,19.8,3290493,123.28,Baixo
2018,11,2018-11-01,Sudeste,RJ,Agrícola,23.09,52.73,14.47,99.3,27.9,1403010,219.98,Baixo
2018,11,2018-11-01,Sudeste,MG,Público,16.18,31.59,37.77,86.9,27.1,4408239,301.5,Alto
2018,11,2018-11-01,Sudeste,MG,Industrial,18.91,41.13,95.92,68.5,20.9,3163594,111.78,Médio
2018,11,2018-11-01,Sudeste,MG,Público,38.23,54.31,79.58,33.1,21.6,2461806,407.01,Médio
2018,11,2018-11-01,Sudeste,ES,Agrícola,2.99,21.5,31.78,76.8,26.4,1733800,304.15,Crítico
2018,11,2018-11-01,Sudeste,ES,Industrial,4.43,53.38,15.0,144.3,29.4,4761518,321.18,Alto
2018,11,2018-11-01,Sudeste,ES,Industrial,7.4,30.65,45.48,67.8,25.5,4021209,138.25,Médio
2018,11,2018-11-01,Sul,PR,Residencial,36.21,10.03,59.56,150.8,26.9,4753376,313.19,Médio
2018,11,2018-11-01,Sul,PR,Agrícola,29.46,25.41,96.65,61.9,24.1,3350884,206.1,Crítico
2018,11,2018-11-01,Sul,SC,Comercial,9.82,13.17,17.0,82.4,24.0,4436265,410.1,Crítico
2018,11,2018-11-01,Sul,SC,Residencial,17.2,43.79,62.89,59.3,27.9,1314865,386.73,Baixo
2018,11,2018-11-01,Sul,RS,Residencial,27.06,36.57,94.38,107.8,25.3,273184,197.44,Alto
2018,11,2018-11-01,Sul,RS,Industrial,12.38,11.5,14.54,156.5,25.5,2274790,410.71,Baixo
2018,12,2018-12-01,Norte,AM,Público,16.11,25.22,58.68,78.0,23.6,2982051,439.93,Crítico
2018,12,2018-12-01,Norte,PA,Residencial,21.72,14.35,91.6,75.8,31.3,771340,373.99,Crítico
2018,12,2018-12-01,Norte,PA,Agrícola,34.09,28.32,94.28,86.3,27.6,570631,399.19,Alto
2018,12,2018-12-01,Norte,RO,Agrícola,11.0,12.04,82.68,303.1,26.3,5396793,236.45,Crítico
2018,12,2018-12-01,Norte,TO,Agrícola,7.29,28.16,69.53,336.7,29.0,1564357,367.26,Alto
2018,12,2018-12-01,Nordeste,BA,Industrial,22.9,11.26,53.49,159.7,23.3,3599357,181.09,Alto
2018,12,2018-12-01,Nordeste,BA,Residencial,35.59,47.79,97.68,108.2,23.9,4811597,307.09,Crítico
2018,12,2018-12-01,Nordeste,PE,Agrícola,19.64,34.15,83.4,49.9,26.5,455419,193.06,Médio
2018,12,2018-12-01,Nordeste,PE,Comercial,15.38,8.27,9.93,202.7,27.0,280533,236.72,Médio
2018,12,2018-12-01,Nordeste,CE,Agrícola,19.91,38.9,41.0,251.2,23.0,3057092,250.87,Alto
2018,12,2018-12-01,Nordeste,CE,Público,3.83,48.02,70.75,114.6,27.0,926031,421.91,Alto
2018,12,2018-12-01,Nordeste,MA,Agrícola,13.07,17.89,73.9,104.7,24.8,5694321,116.94,Baixo
2018,12,2018-12-01,Nordeste,PB,Industrial,29.34,48.26,61.71,100.8,19.7,1300735,414.5,Crítico
2018,12,2018-12-01,Centro-Oeste,DF,Comercial,7.73,12.26,16.93,48.3,28.0,2190784,275.39,Crítico
2018,12,2018-12-01,Centro-Oeste,GO,Residencial,9.9,5.55,91.82,112.8,27.3,2310942,216.29,Alto
2018,12,2018-12-01,Centro-Oeste,GO,Público,39.54,6.53,54.84,94.0,25.5,2027510,445.53,Crítico
2018,12,2018-12-01,Centro-Oeste,MT,Industrial,8.94,40.36,95.54,157.7,22.2,4732080,391.01,Crítico
2018,12,2018-12-01,Centro-Oeste,MS,Industrial,24.99,34.75,65.24,74.6,28.4,5983998,91.28,Crítico
2018,12,2018-12-01,Sudeste,SP,Agrícola,10.9,30.44,40.19,51.5,29.0,1683341,218.62,Crítico
2018,12,2018-12-01,Sudeste,SP,Residencial,12.55,46.62,83.46,30.3,30.0,1020633,312.47,Baixo
2018,12,2018-12-01,Sudeste,SP,Comercial,26.56,42.62,46.27,90.1,31.3,5241487,199.27,Baixo
2018,12,2018-12-01,Sudeste,RJ,Comercial,37.94,16.8,52.49,233.0,29.6,3296325,139.94,Alto
2018,12,2018-12-01,Sudeste,RJ,Comercial,10.68,42.14,52.94,56.3,21.2,5142191,93.83,Crítico
2018,12,2018-12-01,Sudeste,RJ,Residencial,13.55,8.44,99.46,55.0,26.5,2790272,116.27,Médio
2018,12,2018-12-01,Sudeste,RJ,Agrícola,39.44,13.25,24.52,23.3,25.4,5594514,282.95,Médio
2018,12,2018-12-01,Sudeste,MG,Comercial,31.8,40.34,68.38,41.0,22.2,510534,241.46,Alto
2018,12,2018-12-01,Sudeste,MG,Comercial,7.4,44.71,28.18,50.1,22.0,3655305,367.51,Médio
2018,12,2018-12-01,Sudeste,MG,Comercial,13.05,27.55,72.61,105.3,21.6,3044032,263.84,Crítico
2018,12,2018-12-01,Sudeste,ES,Industrial,21.64,17.21,95.79,74.6,26.3,4696123,293.33,Baixo
2018,12,2018-12-01,Sudeste,ES,Industrial,21.4,32.15,31.21,38.8,28.0,5998136,227.01,Crítico
2018,12,2018-12-01,Sudeste,ES,Residencial,27.57,6.59,62.07,146.6,26.1,5641920,196.62,Crítico
2018,12,2018-12-01,Sul,PR,Residencial,8.71,53.24,26.23,178.4,24.4,1212960,256.31,Alto
2018,12,2018-12-01,Sul,PR,Agrícola,35.08,45.5,45.03,198.2,32.6,725486,159.69,Médio
2018,12,2018-12-01,Sul,SC,Industrial,37.99,17.88,63.64,86.4,26.0,2945055,295.39,Baixo
2018,12,2018-12-01,Sul,SC,Industrial,22.57,19.73,78.74,184.6,25.6,280956,231.57,Crítico
2018,12,2018-12-01,Sul,RS,Residencial,7.72,8.47,76.54,88.2,22.0,853469,224.12,Alto
2018,12,2018-12-01,Sul,RS,Público,10.19,13.5,95.42,230.2,26.1,3068694,433.81,Médio
2019,1,2019-01-01,Norte,AM,Residencial,20.26,49.11,51.18,119.6,28.5,5831898,374.17,Crítico
2019,1,2019-01-01,Norte,PA,Público,20.9,13.59,76.18,45.6,24.5,3612869,441.06,Crítico
2019,1,2019-01-01,Norte,PA,Público,29.68,29.5,55.29,95.6,31.9,2360869,156.19,Alto
2019,1,2019-01-01,Norte,RO,Agrícola,19.31,26.71,74.24,100.0,24.9,1911556,185.96,Alto
2019,1,2019-01-01,Norte,TO,Agrícola,26.37,7.81,67.44,182.5,28.7,5347658,286.1,Médio
2019,1,2019-01-01,Nordeste,BA,Comercial,30.56,46.71,50.45,149.3,31.4,139891,237.47,Crítico
2019,1,2019-01-01,Nordeste,BA,Industrial,15.4,19.03,50.11,119.6,23.9,4127917,273.74,Alto
2019,1,2019-01-01,Nordeste,PE,Comercial,10.67,9.82,32.74,135.5,32.2,2433608,216.78,Alto
2019,1,2019-01-01,Nordeste,PE,Agrícola,37.79,24.48,19.81,91.0,29.1,1554477,268.82,Alto
2019,1,2019-01-01,Nordeste,CE,Residencial,29.87,51.57,48.1,188.5,25.9,5278899,243.22,Alto
2019,1,2019-01-01,Nordeste,CE,Industrial,8.64,46.14,61.36,20.0,26.5,2347820,363.43,Baixo
2019,1,2019-01-01,Nordeste,MA,Industrial,5.55,43.68,53.76,82.9,28.3,758656,168.93,Crítico
2019,1,2019-01-01,Nordeste,PB,Agrícola,37.22,25.57,70.38,294.4,27.9,1015821,423.39,Baixo
2019,1,2019-01-01,Centro-Oeste,DF,Residencial,30.69,24.5,76.19,120.5,28.4,3026319,160.03,Crítico
2019,1,2019-01-01,Centro-Oeste,GO,Comercial,7.74,25.04,52.91,171.5,26.1,4345896,203.33,Crítico
2019,1,2019-01-01,Centro-Oeste,GO,Público,21.56,42.38,75.63,99.2,21.7,5134606,289.58,Alto
2019,1,2019-01-01,Centro-Oeste,MT,Industrial,22.41,26.17,6.86,45.7,25.4,3294027,94.0,Médio
2019,1,2019-01-01,Centro-Oeste,MS,Público,18.44,30.12,27.17,51.4,23.9,3845443,297.02,Alto
2019,1,2019-01-01,Sudeste,SP,Industrial,20.37,42.44,71.13,80.0,27.6,4458299,232.93,Alto
2019,1,2019-01-01,Sudeste,SP,Industrial,37.82,47.02,11.41,69.9,26.6,3257344,257.11,Baixo
2019,1,2019-01-01,Sudeste,SP,Agrícola,29.18,53.03,62.24,138.7,26.5,4264007,403.77,Médio
2019,1,2019-01-01,Sudeste,RJ,Residencial,11.39,5.75,20.39,108.6,27.6,549107,173.91,Baixo
2019,1,2019-01-01,Sudeste,RJ,Agrícola,2.63,22.08,47.92,31.8,19.7,828625,129.36,Médio
2019,1,2019-01-01,Sudeste,RJ,Público,19.5,46.26,21.45,127.4,32.1,4392785,177.53,Baixo
2019,1,2019-01-01,Sudeste,RJ,Industrial,15.41,10.41,65.32,221.6,28.1,3142309,313.15,Alto
2019,1,2019-01-01,Sudeste,MG,Industrial,13.42,34.78,42.15,25.5,17.4,5073627,123.63,Baixo
2019,1,2019-01-01,Sudeste,MG,Residencial,14.97,31.74,91.71,195.2,23.9,3572525,94.83,Alto
2019,1,2019-01-01,Sudeste,MG,Residencial,31.76,39.88,55.28,164.5,28.8,3665543,310.73,Baixo
2019,1,2019-01-01,Sudeste,ES,Agrícola,31.63,6.45,60.51,41.8,26.9,3054414,290.26,Baixo
2019,1,2019-01-01,Sudeste,ES,Residencial,37.45,19.78,98.2,59.2,25.8,1032577,437.23,Crítico
2019,1,2019-01-01,Sudeste,ES,Industrial,8.23,23.6,69.98,77.1,27.4,2981153,244.18,Médio
2019,1,2019-01-01,Sul,PR,Agrícola,3.42,46.03,44.69,83.7,25.2,490167,198.96,Alto
2019,1,2019-01-01,Sul,PR,Agrícola,27.08,25.45,41.2,90.1,23.2,2683031,306.15,Alto
2019,1,2019-01-01,Sul,SC,Residencial,28.38,23.3,89.9,213.0,22.3,3760192,382.87,Crítico
2019,1,2019-01-01,Sul,SC,Comercial,33.06,9.34,48.53,157.8,23.1,165141,446.02,Crítico
2019,1,2019-01-01,Sul,RS,Agrícola,31.61,26.3,39.88,26.7,21.8,5669901,370.4,Médio
2019,1,2019-01-01,Sul,RS,Comercial,15.75,9.64,74.04,76.8,26.6,3291822,217.64,Crítico
2019,2,2019-02-01,Norte,AM,Público,3.44,22.44,84.89,100.6,27.5,4896936,197.79,Médio
2019,2,2019-02-01,Norte,PA,Comercial,17.1,7.41,61.72,94.8,25.3,4601635,279.78,Médio
2019,2,2019-02-01,Norte,PA,Industrial,33.55,16.03,79.39,321.6,20.8,4326555,407.45,Alto
2019,2,2019-02-01,Norte,RO,Agrícola,34.7,36.29,58.39,121.3,27.6,1052572,414.1,Crítico
2019,2,2019-02-01,Norte,TO,Agrícola,22.72,38.91,53.21,239.2,26.4,5112348,403.15,Médio
2019,2,2019-02-01,Nordeste,BA,Industrial,3.47,45.13,80.59,38.2,26.6,5656554,187.57,Médio
2019,2,2019-02-01,Nordeste,BA,Agrícola,28.78,31.66,85.15,63.7,18.6,3804988,228.06,Crítico
2019,2,2019-02-01,Nordeste,PE,Residencial,21.64,25.19,24.96,75.4,22.5,4572234,188.64,Crítico
2019,2,2019-02-01,Nordeste,PE,Residencial,26.57,41.1,15.3,179.1,22.4,5174534,155.65,Baixo
2019,2,2019-02-01,Nordeste,CE,Industrial,7.07,44.97,69.1,48.9,26.6,3080962,289.65,Baixo
2019,2,2019-02-01,Nordeste,CE,Público,38.98,38.42,16.15,172.5,22.9,4291699,177.05,Alto
2019,2,2019-02-01,Nordeste,MA,Industrial,25.34,17.34,19.33,143.6,24.5,133312,179.89,Baixo
2019,2,2019-02-01,Nordeste,PB,Residencial,24.12,43.23,74.15,52.6,24.4,789742,312.87,Médio
2019,2,2019-02-01,Centro-Oeste,DF,Público,33.47,44.12,11.84,69.3,25.1,4966606,292.5,Médio
2019,2,2019-02-01,Centro-Oeste,GO,Residencial,31.95,43.17,69.17,41.8,20.2,4268293,317.49,Baixo
2019,2,2019-02-01,Centro-Oeste,GO,Público,6.95,13.05,55.24,95.7,28.0,4004975,179.89,Baixo
2019,2,2019-02-01,Centro-Oeste,MT,Industrial,35.21,28.15,83.53,220.7,22.8,3862784,423.1,Médio
2019,2,2019-02-01,Centro-Oeste,MS,Residencial,19.73,12.69,21.85,44.1,20.1,2192707,232.84,Médio
2019,2,2019-02-01,Sudeste,SP,Comercial,12.2,30.2,37.21,145.1,29.5,866194,399.37,Médio
2019,2,2019-02-01,Sudeste,SP,Residencial,17.78,12.96,52.96,39.6,26.7,752879,187.5,Médio
2019,2,2019-02-01,Sudeste,SP,Agrícola,14.01,31.27,41.31,75.3,29.1,3012436,281.16,Crítico
2019,2,2019-02-01,Sudeste,RJ,Residencial,34.64,20.45,11.48,55.6,26.6,871019,407.19,Alto
2019,2,2019-02-01,Sudeste,RJ,Agrícola,21.9,14.1,41.12,208.8,23.4,3150134,151.36,Alto
2019,2,2019-02-01,Sudeste,RJ,Agrícola,17.59,38.59,71.3,104.3,21.9,324687,357.92,Médio
2019,2,2019-02-01,Sudeste,RJ,Industrial,20.28,37.11,94.81,65.0,32.2,3228803,86.04,Alto
2019,2,2019-02-01,Sudeste,MG,Agrícola,29.92,38.88,22.24,105.6,31.2,5834597,367.82,Crítico
2019,2,2019-02-01,Sudeste,MG,Industrial,13.48,12.9,88.08,100.3,20.7,5200945,161.84,Crítico
2019,2,2019-02-01,Sudeste,MG,Agrícola,2.97,27.91,37.12,83.1,26.4,2010255,187.92,Crítico
2019,2,2019-02-01,Sudeste,ES,Público,26.26,33.89,92.73,121.4,26.6,886728,113.04,Médio
2019,2,2019-02-01,Sudeste,ES,Público,30.65,7.69,92.74,173.2,27.5,5804296,261.07,Médio
2019,2,2019-02-01,Sudeste,ES,Comercial,29.08,31.77,73.54,65.1,21.1,1418102,80.3,Baixo
2019,2,2019-02-01,Sul,PR,Agrícola,33.07,46.49,12.61,80.0,18.0,5133900,120.53,Médio
2019,2,2019-02-01,Sul,PR,Agrícola,5.29,40.96,77.52,115.1,24.7,1381424,89.57,Crítico
2019,2,2019-02-01,Sul,SC,Comercial,21.07,15.65,79.73,204.2,25.1,1067731,432.89,Alto
2019,2,2019-02-01,Sul,SC,Público,12.51,12.41,81.82,62.2,23.9,1523653,129.2,Crítico
2019,2,2019-02-01,Sul,RS,Industrial,32.05,52.16,89.99,74.0,24.2,3654991,302.04,Baixo
2019,2,2019-02-01,Sul,RS,Industrial,9.64,38.49,21.1,68.3,19.2,1104639,297.61,Alto
2019,3,2019-03-01,Norte,AM,Industrial,36.26,23.25,98.12,41.3,20.5,138376,191.74,Alto
2019,3,2019-03-01,Norte,PA,Residencial,34.16,41.93,49.52,17.8,24.2,4791253,299.99,Baixo
2019,3,2019-03-01,Norte,PA,Industrial,19.19,23.14,25.87,43.4,20.9,764785,196.19,Alto
2019,3,2019-03-01,Norte,RO,Agrícola,23.5,14.81,71.08,309.3,27.2,1800374,261.92,Baixo
2019,3,2019-03-01,Norte,TO,Residencial,27.5,33.03,98.36,107.6,23.9,3942469,366.62,Crítico
2019,3,2019-03-01,Nordeste,BA,Público,15.51,52.43,83.12,108.8,25.1,3919886,312.45,Médio
2019,3,2019-03-01,Nordeste,BA,Industrial,6.63,38.97,74.98,33.8,26.5,4963776,151.58,Crítico
2019,3,2019-03-01,Nordeste,PE,Comercial,4.69,51.55,73.06,96.4,24.0,5325380,171.05,Médio
2019,3,2019-03-01,Nordeste,PE,Residencial,34.01,15.67,39.34,65.4,30.7,631984,177.23,Crítico
2019,3,2019-03-01,Nordeste,CE,Industrial,13.38,11.24,10.66,132.2,27.1,2896535,273.28,Crítico
2019,3,2019-03-01,Nordeste,CE,Industrial,25.97,52.4,19.06,62.2,23.1,2049759,160.0,Baixo
2019,3,2019-03-01,Nordeste,MA,Agrícola,12.13,29.24,78.46,139.6,21.7,5460078,435.88,Crítico
2019,3,2019-03-01,Nordeste,PB,Agrícola,37.94,49.25,75.99,160.7,25.1,1501335,280.79,Médio
2019,3,2019-03-01,Centro-Oeste,DF,Público,11.88,10.05,24.42,121.0,23.3,3336313,316.45,Crítico
2019,3,2019-03-01,Centro-Oeste,GO,Residencial,25.6,23.37,88.83,111.9,25.9,3580203,188.03,Alto
2019,3,2019-03-01,Centro-Oeste,GO,Comercial,4.03,11.76,35.77,89.3,29.9,1598859,331.46,Crítico
2019,3,2019-03-01,Centro-Oeste,MT,Comercial,27.16,20.96,88.56,166.5,25.3,1721909,317.27,Baixo
2019,3,2019-03-01,Centro-Oeste,MS,Agrícola,10.6,22.09,54.48,69.4,26.0,2421472,281.3,Crítico
2019,3,2019-03-01,Sudeste,SP,Residencial,2.77,54.52,28.81,139.3,28.4,5232816,106.91,Baixo
2019,3,2019-03-01,Sudeste,SP,Industrial,23.99,47.2,72.62,89.9,28.2,5175075,102.84,Crítico
2019,3,2019-03-01,Sudeste,SP,Comercial,33.5,20.66,25.28,124.9,28.7,129895,323.91,Baixo
2019,3,2019-03-01,Sudeste,RJ,Residencial,21.46,35.22,54.49,114.4,20.7,4647023,437.47,Crítico
2019,3,2019-03-01,Sudeste,RJ,Comercial,29.71,45.48,13.32,88.4,23.1,5271740,219.54,Crítico
2019,3,2019-03-01,Sudeste,RJ,Público,22.74,15.44,26.26,117.0,27.3,1423817,295.88,Alto
2019,3,2019-03-01,Sudeste,RJ,Agrícola,29.08,27.73,81.73,25.7,24.3,5998061,304.98,Alto
2019,3,2019-03-01,Sudeste,MG,Agrícola,27.51,5.61,70.36,44.9,26.7,3528442,302.39,Médio
2019,3,2019-03-01,Sudeste,MG,Público,30.68,52.17,57.65,41.1,32.0,5599444,441.17,Médio
2019,3,2019-03-01,Sudeste,MG,Público,6.74,43.12,83.74,137.7,24.0,3283687,220.82,Baixo
2019,3,2019-03-01,Sudeste,ES,Agrícola,27.1,26.22,82.2,60.6,26.8,1264895,328.62,Baixo
2019,3,2019-03-01,Sudeste,ES,Público,20.72,40.52,22.72,221.6,21.7,1926024,444.33,Crítico
2019,3,2019-03-01,Sudeste,ES,Comercial,8.19,12.07,28.55,101.9,26.2,3370465,408.89,Crítico
2019,3,2019-03-01,Sul,PR,Residencial,16.2,19.0,87.83,69.2,27.6,2233429,274.98,Médio
2019,3,2019-03-01,Sul,PR,Residencial,28.78,45.81,58.43,77.3,31.1,2189937,345.97,Médio
2019,3,2019-03-01,Sul,SC,Residencial,7.33,12.54,98.31,102.3,22.2,4174130,192.28,Médio
2019,3,2019-03-01,Sul,SC,Residencial,3.89,30.3,95.54,79.8,21.9,3347528,404.17,Médio
2019,3,2019-03-01,Sul,RS,Residencial,18.86,27.73,25.47,107.2,31.4,976393,183.15,Médio
2019,3,2019-03-01,Sul,RS,Comercial,2.79,21.26,94.92,103.9,23.7,1077897,447.05,Alto
2019,4,2019-04-01,Norte,AM,Público,14.96,51.8,16.2,137.1,26.3,2381135,421.04,Crítico
2019,4,2019-04-01,Norte,PA,Agrícola,10.35,31.97,12.84,77.7,29.3,4205046,346.32,Baixo
2019,4,2019-04-01,Norte,PA,Agrícola,29.89,25.55,80.82,191.9,28.8,3102558,294.94,Médio
2019,4,2019-04-01,Norte,RO,Comercial,9.11,50.09,85.78,65.3,24.1,3031799,137.33,Médio
2019,4,2019-04-01,Norte,TO,Residencial,16.36,37.22,9.27,175.3,30.8,1553979,309.18,Crítico
2019,4,2019-04-01,Nordeste,BA,Comercial,30.39,14.47,58.31,69.6,30.3,436231,317.27,Alto
2019,4,2019-04-01,Nordeste,BA,Comercial,36.25,18.57,9.74,113.5,20.8,1568888,180.17,Crítico
2019,4,2019-04-01,Nordeste,PE,Residencial,39.32,49.69,12.42,73.9,24.7,2926800,187.19,Crítico
2019,4,2019-04-01,Nordeste,PE,Comercial,33.31,38.91,49.34,127.8,24.2,2941740,427.2,Alto
2019,4,2019-04-01,Nordeste,CE,Residencial,14.47,24.17,93.83,99.0,24.7,2877246,447.22,Baixo
2019,4,2019-04-01,Nordeste,CE,Agrícola,8.66,31.05,79.98,179.5,28.5,2810052,217.26,Alto
2019,4,2019-04-01,Nordeste,MA,Comercial,14.43,20.23,56.1,81.6,25.7,4190446,328.85,Alto
2019,4,2019-04-01,Nordeste,PB,Agrícola,39.54,27.35,33.37,61.0,28.0,722355,237.82,Crítico
2019,4,2019-04-01,Centro-Oeste,DF,Residencial,22.14,19.84,84.84,118.2,23.6,684347,195.89,Médio
2019,4,2019-04-01,Centro-Oeste,GO,Industrial,20.88,51.86,96.84,103.8,25.7,2064474,230.95,Crítico
2019,4,2019-04-01,Centro-Oeste,GO,Industrial,15.5,36.51,18.18,32.8,32.5,473235,305.21,Baixo
2019,4,2019-04-01,Centro-Oeste,MT,Agrícola,26.38,12.93,55.84,67.2,26.3,111858,435.05,Crítico
2019,4,2019-04-01,Centro-Oeste,MS,Residencial,28.18,17.78,56.84,18.4,25.9,1379255,421.43,Alto
2019,4,2019-04-01,Sudeste,SP,Industrial,4.87,6.08,72.12,139.7,29.2,537553,265.81,Alto
2019,4,2019-04-01,Sudeste,SP,Público,39.99,37.26,21.43,104.7,27.3,5993694,280.14,Crítico
2019,4,2019-04-01,Sudeste,SP,Industrial,13.54,37.19,83.25,118.9,26.7,5502290,91.86,Alto
2019,4,2019-04-01,Sudeste,RJ,Industrial,24.93,26.12,90.49,107.6,21.8,281796,205.69,Crítico
2019,4,2019-04-01,Sudeste,RJ,Comercial,16.99,5.67,54.1,76.5,22.7,1461876,226.3,Crítico
2019,4,2019-04-01,Sudeste,RJ,Público,8.55,32.89,36.82,24.3,18.7,3068371,443.91,Baixo
2019,4,2019-04-01,Sudeste,RJ,Comercial,27.18,45.53,87.64,53.5,23.2,5651526,153.52,Médio
2019,4,2019-04-01,Sudeste,MG,Industrial,30.12,54.14,47.15,56.7,22.6,1107835,270.24,Médio
2019,4,2019-04-01,Sudeste,MG,Público,21.49,35.17,72.54,214.1,27.5,5954702,423.68,Baixo
2019,4,2019-04-01,Sudeste,MG,Industrial,34.97,35.82,12.98,109.4,28.4,4645293,202.12,Baixo
2019,4,2019-04-01,Sudeste,ES,Residencial,18.9,13.12,89.48,56.6,24.2,1769877,426.9,Médio
2019,4,2019-04-01,Sudeste,ES,Residencial,21.56,15.0,12.6,208.0,32.2,1393891,234.58,Baixo
2019,4,2019-04-01,Sudeste,ES,Industrial,3.03,53.21,6.8,64.8,27.2,210208,151.03,Alto
2019,4,2019-04-01,Sul,PR,Comercial,3.75,34.22,72.98,56.6,24.0,3231802,412.5,Médio
2019,4,2019-04-01,Sul,PR,Público,2.01,45.93,94.79,75.0,22.7,4459949,127.12,Alto
2019,4,2019-04-01,Sul,SC,Comercial,26.16,30.12,31.8,104.5,21.8,4399161,393.46,Alto
2019,4,2019-04-01,Sul,SC,Residencial,26.27,52.28,44.22,135.1,28.0,5502270,432.74,Crítico
2019,4,2019-04-01,Sul,RS,Residencial,2.16,15.2,29.08,37.7,22.9,3347869,411.77,Médio
2019,4,2019-04-01,Sul,RS,Comercial,37.24,15.53,96.99,111.5,24.5,2952203,186.5,Médio
2019,5,2019-05-01,Norte,AM,Comercial,38.31,13.88,5.66,92.2,23.0,2356566,229.46,Alto
2019,5,2019-05-01,Norte,PA,Industrial,12.46,26.04,33.51,101.3,22.5,4589111,152.1,Baixo
2019,5,2019-05-01,Norte,PA,Industrial,6.24,48.31,65.37,208.9,24.7,3170802,341.1,Crítico
2019,5,2019-05-01,Norte,RO,Industrial,11.97,44.19,66.03,81.6,19.6,4291231,240.19,Crítico
2019,5,2019-05-01,Norte,TO,Residencial,10.41,18.73,18.3,94.0,29.3,1529220,291.03,Baixo
2019,5,2019-05-01,Nordeste,BA,Residencial,36.71,10.78,34.11,89.4,29.6,747709,348.98,Crítico
2019,5,2019-05-01,Nordeste,BA,Comercial,3.71,40.75,32.43,206.7,24.6,5320197,421.46,Crítico
2019,5,2019-05-01,Nordeste,PE,Industrial,14.11,10.07,99.4,122.8,23.3,1004394,447.73,Médio
2019,5,2019-05-01,Nordeste,PE,Público,14.61,54.43,23.53,89.8,32.6,316351,251.38,Crítico
2019,5,2019-05-01,Nordeste,CE,Público,25.39,44.1,43.61,73.5,22.1,885706,321.49,Alto
2019,5,2019-05-01,Nordeste,CE,Industrial,15.54,14.17,45.23,38.8,23.2,3918376,191.3,Baixo
2019,5,2019-05-01,Nordeste,MA,Público,10.2,19.43,93.35,48.7,28.2,3678893,438.16,Baixo
2019,5,2019-05-01,Nordeste,PB,Agrícola,32.9,19.19,18.93,110.0,27.2,4506558,347.76,Médio
2019,5,2019-05-01,Centro-Oeste,DF,Público,33.21,39.57,46.14,108.3,20.4,3027848,351.48,Baixo
2019,5,2019-05-01,Centro-Oeste,GO,Agrícola,32.79,28.78,84.77,73.6,25.7,5711135,424.19,Alto
2019,5,2019-05-01,Centro-Oeste,GO,Industrial,23.43,25.97,23.13,78.6,29.0,2711378,285.5,Médio
2019,5,2019-05-01,Centro-Oeste,MT,Agrícola,25.43,43.3,43.0,154.4,27.6,2774005,84.8,Médio
2019,5,2019-05-01,Centro-Oeste,MS,Agrícola,15.85,20.09,13.43,100.8,35.0,4379783,133.58,Alto
2019,5,2019-05-01,Sudeste,SP,Agrícola,27.89,30.98,34.8,121.9,26.7,5378137,285.4,Baixo
2019,5,2019-05-01,Sudeste,SP,Industrial,15.02,5.95,63.24,135.2,24.3,3425264,389.48,Crítico
2019,5,2019-05-01,Sudeste,SP,Agrícola,34.5,16.89,51.67,82.8,26.8,115803,383.55,Médio
2019,5,2019-05-01,Sudeste,RJ,Público,29.29,24.8,31.99,80.5,26.7,960721,322.8,Alto
2019,5,2019-05-01,Sudeste,RJ,Comercial,32.94,38.15,70.41,65.7,24.3,3946846,246.08,Médio
2019,5,2019-05-01,Sudeste,RJ,Público,11.54,21.34,39.1,93.7,23.7,3617057,142.14,Médio
2019,5,2019-05-01,Sudeste,RJ,Agrícola,32.47,26.51,20.63,169.5,25.4,3113653,138.66,Baixo
2019,5,2019-05-01,Sudeste,MG,Industrial,4.33,22.64,21.23,97.6,21.5,4541529,241.05,Baixo
2019,5,2019-05-01,Sudeste,MG,Público,30.28,31.57,84.8,124.7,23.9,5186786,107.65,Baixo
2019,5,2019-05-01,Sudeste,MG,Agrícola,30.66,36.75,89.96,44.6,25.5,5182259,307.19,Baixo
2019,5,2019-05-01,Sudeste,ES,Comercial,39.2,32.6,80.5,120.6,21.5,2572268,226.92,Alto
2019,5,2019-05-01,Sudeste,ES,Público,32.88,44.26,36.7,65.7,24.1,874326,98.92,Médio
2019,5,2019-05-01,Sudeste,ES,Residencial,11.29,31.83,26.7,41.7,22.7,1290528,232.09,Alto
2019,5,2019-05-01,Sul,PR,Residencial,2.76,20.58,55.77,89.6,26.0,626638,415.99,Baixo
2019,5,2019-05-01,Sul,PR,Comercial,11.38,42.53,11.79,93.3,25.5,3921417,352.89,Baixo
2019,5,2019-05-01,Sul,SC,Industrial,39.5,36.19,9.74,92.6,20.1,1303459,261.11,Baixo
2019,5,2019-05-01,Sul,SC,Residencial,9.91,13.9,57.72,68.6,23.4,1475660,158.34,Baixo
2019,5,2019-05-01,Sul,RS,Comercial,17.07,29.7,65.01,198.4,27.3,3226276,310.82,Alto
2019,5,2019-05-01,Sul,RS,Industrial,9.22,9.83,57.48,62.3,24.6,1708047,412.39,Crítico
2019,6,2019-06-01,Norte,AM,Residencial,34.69,35.25,47.83,234.8,22.6,3044905,93.57,Alto
2019,6,2019-06-01,Norte,PA,Industrial,15.41,22.93,19.35,149.2,27.7,791526,296.11,Alto
2019,6,2019-06-01,Norte,PA,Agrícola,37.67,10.76,92.81,164.2,22.9,3279768,272.98,Médio
2019,6,2019-06-01,Norte,RO,Residencial,35.07,52.87,50.44,18.3,25.6,2733936,104.23,Baixo
2019,6,2019-06-01,Norte,TO,Residencial,26.74,33.61,77.6,47.8,19.4,5671934,292.88,Baixo
2019,6,2019-06-01,Nordeste,BA,Público,30.81,15.94,88.88,137.7,27.9,3493949,293.23,Alto
2019,6,2019-06-01,Nordeste,BA,Comercial,25.28,19.24,74.66,93.7,26.2,1702569,287.5,Crítico
2019,6,2019-06-01,Nordeste,PE,Industrial,35.63,14.5,39.5,15.4,26.7,5089300,436.04,Médio
2019,6,2019-06-01,Nordeste,PE,Comercial,33.29,12.29,35.73,60.9,25.4,3561563,268.12,Crítico
2019,6,2019-06-01,Nordeste,CE,Público,2.79,45.02,8.81,84.9,20.6,3152817,401.54,Crítico
2019,6,2019-06-01,Nordeste,CE,Industrial,10.53,18.64,17.79,99.4,31.2,4146892,263.31,Baixo
2019,6,2019-06-01,Nordeste,MA,Público,2.09,8.46,74.78,136.8,20.7,519010,381.23,Crítico
2019,6,2019-06-01,Nordeste,PB,Industrial,9.99,26.33,66.87,103.7,26.7,2211427,286.51,Crítico
2019,6,2019-06-01,Centro-Oeste,DF,Público,8.47,6.45,70.35,92.2,24.9,1687134,304.42,Alto
2019,6,2019-06-01,Centro-Oeste,GO,Residencial,35.99,33.24,79.0,64.7,24.8,4051607,89.89,Crítico
2019,6,2019-06-01,Centro-Oeste,GO,Agrícola,14.93,6.78,67.82,264.8,27.4,616902,219.73,Baixo
2019,6,2019-06-01,Centro-Oeste,MT,Industrial,28.98,52.09,73.49,79.5,25.4,3443046,222.92,Baixo
2019,6,2019-06-01,Centro-Oeste,MS,Industrial,30.1,25.47,47.89,81.9,25.7,4808783,176.59,Médio
2019,6,2019-06-01,Sudeste,SP,Agrícola,35.27,32.64,87.19,131.2,25.2,2892689,93.26,Crítico
2019,6,2019-06-01,Sudeste,SP,Industrial,31.75,31.41,73.63,109.5,29.7,2064411,228.84,Crítico
2019,6,2019-06-01,Sudeste,SP,Residencial,39.03,20.72,66.29,83.7,25.7,621672,383.65,Baixo
2019,6,2019-06-01,Sudeste,RJ,Comercial,17.65,6.82,95.66,94.0,28.3,5771699,86.53,Alto
2019,6,2019-06-01,Sudeste,RJ,Agrícola,14.61,11.25,82.24,55.6,25.4,2569441,361.53,Médio
2019,6,2019-06-01,Sudeste,RJ,Residencial,27.34,36.56,55.51,47.0,25.6,5461373,212.6,Crítico
2019,6,2019-06-01,Sudeste,RJ,Público,27.54,29.19,98.59,150.1,27.7,3768211,89.68,Baixo
2019,6,2019-06-01,Sudeste,MG,Público,23.6,8.27,85.06,124.6,32.3,3200534,258.82,Crítico
2019,6,2019-06-01,Sudeste,MG,Comercial,13.35,12.4,70.92,179.0,26.3,2612862,418.82,Médio
2019,6,2019-06-01,Sudeste,MG,Comercial,38.53,18.87,17.17,114.8,27.3,3039564,258.76,Baixo
2019,6,2019-06-01,Sudeste,ES,Agrícola,15.74,24.94,99.99,171.2,26.1,950375,158.28,Crítico
2019,6,2019-06-01,Sudeste,ES,Industrial,5.27,23.22,56.67,66.3,21.0,2322170,322.03,Baixo
2019,6,2019-06-01,Sudeste,ES,Residencial,22.1,5.7,18.3,134.8,22.0,1409007,184.59,Alto
2019,6,2019-06-01,Sul,PR,Agrícola,12.74,47.83,56.15,141.4,26.1,2658475,177.7,Alto
2019,6,2019-06-01,Sul,PR,Industrial,36.88,45.74,74.98,150.1,24.1,4871420,259.27,Médio
2019,6,2019-06-01,Sul,SC,Residencial,6.9,19.68,56.5,66.1,28.2,2215630,96.3,Baixo
2019,6,2019-06-01,Sul,SC,Comercial,32.86,23.12,87.11,79.2,25.4,1213256,209.46,Médio
2019,6,2019-06-01,Sul,RS,Comercial,29.85,20.79,59.56,114.3,26.6,2177342,255.05,Crítico
2019,6,2019-06-01,Sul,RS,Industrial,37.46,5.95,48.36,206.9,26.6,3564066,124.54,Médio
2019,7,2019-07-01,Norte,AM,Agrícola,14.54,50.72,77.46,86.8,23.2,5940064,413.32,Baixo
2019,7,2019-07-01,Norte,PA,Residencial,31.63,51.02,70.13,58.5,22.0,1093947,254.82,Alto
2019,7,2019-07-01,Norte,PA,Público,30.67,16.73,30.26,78.5,26.6,2353113,309.29,Baixo
2019,7,2019-07-01,Norte,RO,Residencial,21.99,46.94,23.93,46.4,27.7,208516,111.5,Médio
2019,7,2019-07-01,Norte,TO,Comercial,3.61,38.46,62.81,152.3,26.6,2956871,312.86,Médio
2019,7,2019-07-01,Nordeste,BA,Industrial,14.34,26.84,93.59,167.3,24.9,5643881,429.3,Alto
2019,7,2019-07-01,Nordeste,BA,Industrial,15.5,34.15,61.46,78.2,28.2,744767,268.91,Médio
2019,7,2019-07-01,Nordeste,PE,Residencial,4.56,8.13,16.46,43.9,26.2,1677841,148.71,Baixo
2019,7,2019-07-01,Nordeste,PE,Residencial,10.32,8.12,93.32,124.3,25.5,1462590,235.6,Baixo
2019,7,2019-07-01,Nordeste,CE,Agrícola,39.65,43.16,62.11,89.4,26.4,5867935,320.44,Baixo
2019,7,2019-07-01,Nordeste,CE,Comercial,26.9,30.16,25.96,78.7,26.5,4400176,129.16,Baixo
2019,7,2019-07-01,Nordeste,MA,Industrial,35.11,15.09,32.7,164.0,29.5,5278854,406.81,Baixo
2019,7,2019-07-01,Nordeste,PB,Agrícola,14.41,53.23,43.52,69.4,23.6,1261697,445.19,Crítico
2019,7,2019-07-01,Centro-Oeste,DF,Agrícola,34.78,22.24,26.05,110.1,24.4,4331417,337.45,Baixo
2019,7,2019-07-01,Centro-Oeste,GO,Industrial,37.87,32.35,51.79,191.6,22.5,2249575,228.3,Baixo
2019,7,2019-07-01,Centro-Oeste,GO,Agrícola,21.07,11.24,85.04,205.1,29.8,5874413,383.53,Médio
2019,7,2019-07-01,Centro-Oeste,MT,Agrícola,9.45,35.03,85.52,91.6,24.5,5035920,252.92,Alto
2019,7,2019-07-01,Centro-Oeste,MS,Residencial,16.56,13.73,54.05,59.3,23.1,2251229,166.73,Médio
2019,7,2019-07-01,Sudeste,SP,Residencial,19.99,39.67,56.24,66.7,24.7,1286805,222.67,Alto
2019,7,2019-07-01,Sudeste,SP,Comercial,34.62,18.48,45.72,238.0,18.9,2221202,99.33,Crítico
2019,7,2019-07-01,Sudeste,SP,Agrícola,31.81,16.07,6.21,80.3,26.6,1336950,305.75,Médio
2019,7,2019-07-01,Sudeste,RJ,Industrial,29.36,13.33,38.25,218.7,28.6,1184370,158.82,Baixo
2019,7,2019-07-01,Sudeste,RJ,Agrícola,6.9,49.0,10.16,71.9,28.0,1289632,191.31,Baixo
2019,7,2019-07-01,Sudeste,RJ,Agrícola,18.2,5.57,26.73,123.2,28.3,888324,201.08,Crítico
2019,7,2019-07-01,Sudeste,RJ,Residencial,6.7,49.98,97.44,90.9,23.9,4550029,163.78,Crítico
2019,7,2019-07-01,Sudeste,MG,Agrícola,31.57,40.78,79.56,135.5,30.5,1559152,265.87,Alto
2019,7,2019-07-01,Sudeste,MG,Industrial,39.39,33.25,27.09,215.6,27.2,3787906,284.81,Baixo
2019,7,2019-07-01,Sudeste,MG,Comercial,5.32,41.99,36.9,78.5,19.2,1934386,252.74,Baixo
2019,7,2019-07-01,Sudeste,ES,Residencial,35.57,33.47,19.42,138.3,27.7,4759686,84.3,Alto
2019,7,2019-07-01,Sudeste,ES,Público,32.4,6.76,73.55,22.2,29.0,3470912,419.91,Alto
2019,7,2019-07-01,Sudeste,ES,Comercial,20.39,29.16,81.22,141.2,25.3,3695776,197.31,Médio
2019,7,2019-07-01,Sul,PR,Público,16.72,54.8,80.8,29.7,27.8,1138665,428.41,Crítico
2019,7,2019-07-01,Sul,PR,Público,11.15,27.52,83.13,79.0,31.5,2449941,201.21,Baixo
2019,7,2019-07-01,Sul,SC,Comercial,34.8,30.23,74.41,85.9,22.5,3116585,384.89,Crítico
2019,7,2019-07-01,Sul,SC,Industrial,20.49,26.19,57.86,71.7,26.0,2924610,410.96,Alto
2019,7,2019-07-01,Sul,RS,Industrial,13.24,30.76,69.68,75.5,19.9,2644274,383.59,Médio
2019,7,2019-07-01,Sul,RS,Comercial,5.05,8.09,69.82,43.2,22.7,4842958,213.67,Crítico
2019,8,2019-08-01,Norte,AM,Agrícola,3.97,36.87,47.97,36.4,21.2,4436179,378.73,Alto
2019,8,2019-08-01,Norte,PA,Industrial,13.23,23.91,82.41,108.1,23.3,3994634,155.04,Alto
2019,8,2019-08-01,Norte,PA,Residencial,3.68,50.31,12.11,64.9,20.2,5368420,128.32,Alto
2019,8,2019-08-01,Norte,RO,Residencial,17.17,35.84,7.12,100.5,31.1,4114789,209.66,Médio
2019,8,2019-08-01,Norte,TO,Comercial,11.98,51.29,45.67,176.0,22.9,4715785,366.24,Baixo
2019,8,2019-08-01,Nordeste,BA,Industrial,14.36,46.89,76.65,95.6,28.1,5124385,130.1,Médio
2019,8,2019-08-01,Nordeste,BA,Público,37.8,47.45,39.92,103.0,24.6,4797449,124.4,Médio
2019,8,2019-08-01,Nordeste,PE,Industrial,18.87,18.07,50.58,130.5,27.2,1757349,328.6,Crítico
2019,8,2019-08-01,Nordeste,PE,Agrícola,7.77,15.2,9.32,52.3,27.8,4464734,81.08,Médio
2019,8,2019-08-01,Nordeste,CE,Residencial,17.06,26.09,17.32,128.2,26.5,4390782,340.45,Crítico
2019,8,2019-08-01,Nordeste,CE,Público,14.03,31.71,78.9,51.5,23.8,4108858,430.07,Alto
2019,8,2019-08-01,Nordeste,MA,Agrícola,14.76,21.38,30.62,101.8,26.1,3250156,445.61,Baixo
2019,8,2019-08-01,Nordeste,PB,Público,36.73,27.71,68.71,100.8,27.6,687659,84.73,Alto
2019,8,2019-08-01,Centro-Oeste,DF,Público,26.07,21.29,34.75,23.7,27.8,2027903,332.37,Baixo
2019,8,2019-08-01,Centro-Oeste,GO,Comercial,31.64,36.09,42.46,35.1,24.8,3675340,96.01,Alto
2019,8,2019-08-01,Centro-Oeste,GO,Comercial,24.01,30.26,20.1,90.6,24.0,4469392,253.7,Alto
2019,8,2019-08-01,Centro-Oeste,MT,Comercial,17.33,28.87,38.69,58.6,23.4,3805212,236.05,Baixo
2019,8,2019-08-01,Centro-Oeste,MS,Comercial,13.68,33.96,54.11,240.4,29.1,3656134,324.22,Médio
2019,8,2019-08-01,Sudeste,SP,Industrial,23.56,29.09,84.72,145.3,25.5,2258676,431.43,Baixo
2019,8,2019-08-01,Sudeste,SP,Industrial,8.11,21.53,63.58,88.9,24.3,4151591,313.75,Médio
2019,8,2019-08-01,Sudeste,SP,Agrícola,27.53,37.85,42.42,126.6,23.9,5133398,122.36,Crítico
2019,8,2019-08-01,Sudeste,RJ,Agrícola,19.32,39.38,79.56,58.3,30.3,5469886,303.9,Alto
2019,8,2019-08-01,Sudeste,RJ,Público,35.54,51.33,99.2,62.2,27.6,5318549,436.3,Alto
2019,8,2019-08-01,Sudeste,RJ,Agrícola,37.33,41.47,18.99,91.9,22.9,2565344,203.11,Alto
2019,8,2019-08-01,Sudeste,RJ,Residencial,34.66,27.07,22.06,47.7,23.5,1915392,201.32,Crítico
2019,8,2019-08-01,Sudeste,MG,Público,26.15,19.01,93.1,89.0,19.1,1837337,140.93,Alto
2019,8,2019-08-01,Sudeste,MG,Público,31.47,45.7,29.47,70.7,21.4,5214916,82.33,Médio
2019,8,2019-08-01,Sudeste,MG,Agrícola,7.47,13.37,63.03,58.5,24.0,3688901,434.03,Médio
2019,8,2019-08-01,Sudeste,ES,Agrícola,16.98,54.75,11.5,22.8,28.0,4881668,368.62,Alto
2019,8,2019-08-01,Sudeste,ES,Residencial,5.9,54.31,23.47,196.2,27.6,5240014,276.66,Alto
2019,8,2019-08-01,Sudeste,ES,Comercial,28.26,17.65,45.35,91.2,26.8,2460760,431.06,Baixo
2019,8,2019-08-01,Sul,PR,Residencial,37.19,35.57,21.04,59.0,22.9,171992,256.08,Alto
2019,8,2019-08-01,Sul,PR,Residencial,38.89,20.19,29.83,75.9,25.9,3259490,212.17,Crítico
2019,8,2019-08-01,Sul,SC,Agrícola,26.43,26.54,62.08,120.0,25.5,4801535,155.93,Baixo
2019,8,2019-08-01,Sul,SC,Industrial,34.83,17.3,45.72,73.5,25.5,1015417,386.45,Alto
2019,8,2019-08-01,Sul,RS,Residencial,37.13,44.36,70.17,89.2,28.5,4018906,162.0,Médio
2019,8,2019-08-01,Sul,RS,Residencial,4.96,33.38,85.2,151.6,26.2,3044849,430.61,Alto
2019,9,2019-09-01,Norte,AM,Agrícola,27.92,48.42,36.54,110.6,21.2,2562470,322.33,Médio
2019,9,2019-09-01,Norte,PA,Comercial,21.09,47.75,15.41,76.7,26.0,4237657,427.63,Alto
2019,9,2019-09-01,Norte,PA,Residencial,18.07,31.2,7.48,148.6,19.6,4746133,293.17,Baixo
2019,9,2019-09-01,Norte,RO,Agrícola,4.22,32.88,59.61,93.7,21.8,4183270,351.09,Crítico
2019,9,2019-09-01,Norte,TO,Residencial,37.29,19.86,23.09,73.7,26.7,1173083,171.48,Alto
2019,9,2019-09-01,Nordeste,BA,Agrícola,25.57,37.73,17.63,127.6,33.3,2922897,240.52,Médio
2019,9,2019-09-01,Nordeste,BA,Comercial,26.44,27.05,43.97,90.1,27.0,3809751,448.37,Baixo
2019,9,2019-09-01,Nordeste,PE,Público,39.46,47.07,20.4,32.8,22.2,125808,215.85,Alto
2019,9,2019-09-01,Nordeste,PE,Comercial,35.34,19.42,95.9,23.2,25.0,2508369,431.97,Baixo
2019,9,2019-09-01,Nordeste,CE,Industrial,38.82,43.72,83.92,132.5,22.6,3943841,176.8,Baixo
2019,9,2019-09-01,Nordeste,CE,Industrial,22.29,22.97,89.89,87.4,21.6,3102772,306.81,Médio
2019,9,2019-09-01,Nordeste,MA,Agrícola,20.53,26.18,67.65,51.3,23.9,3520391,432.18,Alto
2019,9,2019-09-01,Nordeste,PB,Industrial,7.71,53.21,61.18,71.3,24.4,2442081,399.73,Alto
2019,9,2019-09-01,Centro-Oeste,DF,Residencial,23.41,42.6,66.91,206.1,27.4,425507,336.08,Alto
2019,9,2019-09-01,Centro-Oeste,GO,Comercial,3.27,53.37,88.79,73.2,24.2,303570,265.03,Baixo
2019,9,2019-09-01,Centro-Oeste,GO,Comercial,24.08,15.64,63.83,131.3,25.1,2719725,373.19,Médio
2019,9,2019-09-01,Centro-Oeste,MT,Comercial,26.9,21.93,16.57,81.8,30.8,4579596,105.91,Alto
2019,9,2019-09-01,Centro-Oeste,MS,Comercial,33.46,52.74,63.83,100.6,26.9,1585592,120.62,Crítico
2019,9,2019-09-01,Sudeste,SP,Público,38.59,20.37,80.38,144.5,25.7,5243833,151.37,Crítico
2019,9,2019-09-01,Sudeste,SP,Comercial,5.61,49.18,30.13,108.7,27.2,962074,178.63,Baixo
2019,9,2019-09-01,Sudeste,SP,Industrial,13.8,12.59,30.46,103.4,29.6,5028566,284.41,Médio
2019,9,2019-09-01,Sudeste,RJ,Público,15.76,5.2,54.51,64.4,24.4,5824007,263.53,Alto
2019,9,2019-09-01,Sudeste,RJ,Residencial,34.12,36.07,88.72,171.0,25.0,3020993,448.8,Médio
2019,9,2019-09-01,Sudeste,RJ,Residencial,19.95,36.46,37.6,82.7,27.7,2913320,444.61,Alto
2019,9,2019-09-01,Sudeste,RJ,Comercial,18.4,26.41,42.66,46.0,24.2,2714215,354.94,Alto
2019,9,2019-09-01,Sudeste,MG,Público,24.66,42.69,5.29,56.8,31.4,1026403,89.46,Crítico
2019,9,2019-09-01,Sudeste,MG,Residencial,17.22,29.94,54.3,110.6,27.2,1891884,175.63,Baixo
2019,9,2019-09-01,Sudeste,MG,Agrícola,10.94,7.61,29.9,62.6,27.1,2465512,149.27,Alto
2019,9,2019-09-01,Sudeste,ES,Residencial,27.92,22.28,35.47,80.5,23.8,1241075,444.23,Baixo
2019,9,2019-09-01,Sudeste,ES,Industrial,18.91,43.08,92.62,105.7,21.3,4962519,289.73,Crítico
2019,9,2019-09-01,Sudeste,ES,Comercial,7.87,49.29,9.59,72.9,25.7,1740102,425.21,Alto
2019,9,2019-09-01,Sul,PR,Industrial,3.39,14.34,72.87,112.4,29.0,5387596,160.94,Crítico
2019,9,2019-09-01,Sul,PR,Público,31.72,40.95,31.11,30.2,28.0,4703539,123.99,Baixo
2019,9,2019-09-01,Sul,SC,Comercial,34.41,30.8,98.13,268.4,23.1,1152095,98.49,Alto
2019,9,2019-09-01,Sul,SC,Público,33.95,11.52,62.41,34.5,33.3,4172637,338.31,Médio
2019,9,2019-09-01,Sul,RS,Público,2.2,16.36,33.42,60.1,22.8,3357265,191.89,Alto
2019,9,2019-09-01,Sul,RS,Industrial,7.46,54.99,66.68,223.8,28.4,3506297,177.31,Alto
2019,10,2019-10-01,Norte,AM,Público,34.86,13.44,88.6,103.3,23.8,3740293,368.73,Médio
2019,10,2019-10-01,Norte,PA,Agrícola,22.99,50.74,32.23,69.5,26.2,1702282,332.54,Crítico
2019,10,2019-10-01,Norte,PA,Agrícola,32.83,42.24,82.94,76.8,23.9,4227952,323.21,Alto
2019,10,2019-10-01,Norte,RO,Residencial,25.25,37.08,57.15,116.3,26.3,5007956,150.84,Baixo
2019,10,2019-10-01,Norte,TO,Comercial,5.04,13.13,53.21,58.3,24.2,3298404,210.93,Baixo
2019,10,2019-10-01,Nordeste,BA,Público,30.24,15.3,28.97,46.7,26.1,4829348,96.17,Alto
2019,10,2019-10-01,Nordeste,BA,Comercial,24.07,39.13,13.38,76.0,30.4,4227324,348.26,Alto
2019,10,2019-10-01,Nordeste,PE,Público,16.79,27.9,64.42,142.6,18.6,2386019,401.33,Crítico
2019,10,2019-10-01,Nordeste,PE,Público,5.95,50.67,8.25,2.0,24.9,4860770,393.62,Alto
2019,10,2019-10-01,Nordeste,CE,Público,2.75,28.7,67.7,103.6,21.4,2460879,110.96,Médio
2019,10,2019-10-01,Nordeste,CE,Residencial,10.54,36.8,8.55,56.3,27.6,2089586,168.63,Alto
2019,10,2019-10-01,Nordeste,MA,Residencial,16.56,54.82,74.64,110.1,23.1,5509995,191.92,Crítico
2019,10,2019-10-01,Nordeste,PB,Público,10.16,48.02,83.45,45.2,30.4,3402010,160.15,Médio
2019,10,2019-10-01,Centro-Oeste,DF,Residencial,27.43,10.67,87.93,38.1,18.3,1410157,197.64,Crítico
2019,10,2019-10-01,Centro-Oeste,GO,Residencial,33.56,23.96,49.28,99.4,25.4,276276,139.55,Médio
2019,10,2019-10-01,Centro-Oeste,GO,Comercial,8.88,47.36,47.31,21.3,21.5,5563642,265.59,Baixo
2019,10,2019-10-01,Centro-Oeste,MT,Residencial,35.28,9.86,59.7,57.0,27.5,5876122,228.58,Médio
2019,10,2019-10-01,Centro-Oeste,MS,Público,17.78,12.83,76.76,88.8,24.8,1372726,81.2,Baixo
2019,10,2019-10-01,Sudeste,SP,Agrícola,10.63,50.9,41.2,181.9,23.5,1315889,189.38,Crítico
2019,10,2019-10-01,Sudeste,SP,Comercial,8.68,25.37,54.88,100.2,24.2,4041401,286.3,Alto
2019,10,2019-10-01,Sudeste,SP,Comercial,12.29,39.25,72.43,42.6,27.1,524392,240.59,Baixo
2019,10,2019-10-01,Sudeste,RJ,Agrícola,6.76,33.12,58.87,140.7,30.3,2375911,440.42,Médio
2019,10,2019-10-01,Sudeste,RJ,Residencial,39.84,36.69,68.15,130.5,23.1,4361832,413.86,Baixo
2019,10,2019-10-01,Sudeste,RJ,Industrial,7.55,19.92,76.85,20.8,20.8,773650,352.48,Baixo
2019,10,2019-10-01,Sudeste,RJ,Agrícola,32.87,37.43,6.81,128.0,24.7,2165988,145.97,Crítico
2019,10,2019-10-01,Sudeste,MG,Agrícola,9.57,30.43,13.26,178.8,25.0,442173,305.18,Crítico
2019,10,2019-10-01,Sudeste,MG,Agrícola,14.7,50.93,92.12,98.7,30.0,763986,284.13,Baixo
2019,10,2019-10-01,Sudeste,MG,Público,35.64,13.25,63.42,32.3,27.3,919225,317.28,Crítico
2019,10,2019-10-01,Sudeste,ES,Público,17.29,11.04,86.4,57.4,21.8,419031,314.49,Crítico
2019,10,2019-10-01,Sudeste,ES,Público,10.14,11.59,49.77,90.8,28.6,3491655,191.37,Baixo
2019,10,2019-10-01,Sudeste,ES,Agrícola,15.05,45.48,67.83,68.0,24.1,5975486,98.23,Médio
2019,10,2019-10-01,Sul,PR,Agrícola,37.79,49.48,91.22,68.3,26.3,1754070,100.35,Crítico
2019,10,2019-10-01,Sul,PR,Residencial,15.72,41.85,89.21,39.2,29.1,2878329,202.45,Baixo
2019,10,2019-10-01,Sul,SC,Industrial,25.36,41.05,19.9,43.6,23.2,948433,156.79,Baixo
2019,10,2019-10-01,Sul,SC,Agrícola,14.35,38.36,89.58,54.0,25.5,4989438,359.08,Crítico
2019,10,2019-10-01,Sul,RS,Agrícola,34.55,12.85,19.72,233.9,23.0,1151253,84.52,Médio
2019,10,2019-10-01,Sul,RS,Público,29.76,50.23,16.72,118.3,30.5,1051711,443.96,Alto
2019,11,2019-11-01,Norte,AM,Residencial,34.59,38.1,34.47,239.6,29.2,623576,96.36,Baixo
2019,11,2019-11-01,Norte,PA,Industrial,23.62,18.24,59.72,160.8,26.2,3731910,422.92,Crítico
2019,11,2019-11-01,Norte,PA,Agrícola,23.06,43.31,40.11,166.5,27.2,2517617,100.25,Alto
2019,11,2019-11-01,Norte,RO,Público,7.88,40.17,56.84,101.3,22.8,5107054,158.32,Alto
2019,11,2019-11-01,Norte,TO,Industrial,39.87,44.61,20.51,116.3,27.4,1627010,321.19,Médio
2019,11,2019-11-01,Nordeste,BA,Agrícola,36.06,44.24,29.32,114.8,26.6,5254009,153.28,Médio
2019,11,2019-11-01,Nordeste,BA,Agrícola,8.99,12.21,37.18,69.0,21.1,367727,391.09,Médio
2019,11,2019-11-01,Nordeste,PE,Agrícola,35.85,10.13,89.49,42.7,31.5,4682704,357.81,Crítico
2019,11,2019-11-01,Nordeste,PE,Comercial,13.67,42.65,93.79,106.0,33.3,2405639,319.34,Médio
2019,11,2019-11-01,Nordeste,CE,Público,28.59,20.05,22.36,113.4,27.9,4955695,356.01,Baixo
2019,11,2019-11-01,Nordeste,CE,Comercial,36.49,39.15,23.56,105.9,24.7,3650153,366.92,Médio
2019,11,2019-11-01,Nordeste,MA,Agrícola,20.33,16.17,7.72,96.9,23.7,5769012,315.25,Alto
2019,11,2019-11-01,Nordeste,PB,Residencial,6.76,11.33,78.27,201.1,24.5,5796898,233.01,Alto
2019,11,2019-11-01,Centro-Oeste,DF,Residencial,16.91,9.04,41.69,39.8,21.6,1402310,103.68,Baixo
2019,11,2019-11-01,Centro-Oeste,GO,Agrícola,21.81,15.41,84.71,126.2,24.3,3481590,153.88,Alto
2019,11,2019-11-01,Centro-Oeste,GO,Industrial,18.33,14.72,80.83,209.9,23.4,1809819,422.43,Baixo
2019,11,2019-11-01,Centro-Oeste,MT,Público,12.69,42.26,15.97,294.3,23.1,5068920,417.15,Crítico
2019,11,2019-11-01,Centro-Oeste,MS,Comercial,25.41,20.51,99.43,25.1,27.6,5822535,160.09,Médio
2019,11,2019-11-01,Sudeste,SP,Residencial,28.54,32.2,42.68,87.5,25.3,4861341,394.91,Médio
2019,11,2019-11-01,Sudeste,SP,Comercial,24.78,9.22,25.18,94.8,26.3,1504401,263.15,Baixo
2019,11,2019-11-01,Sudeste,SP,Industrial,33.29,7.88,96.31,74.6,23.1,5041405,246.69,Crítico
2019,11,2019-11-01,Sudeste,RJ,Público,8.19,43.0,9.53,186.6,26.6,5352543,192.09,Baixo
2019,11,2019-11-01,Sudeste,RJ,Residencial,38.8,49.84,33.84,134.0,30.9,1554209,386.04,Crítico
2019,11,2019-11-01,Sudeste,RJ,Residencial,6.73,46.25,85.23,42.6,26.6,1597802,217.13,Crítico
2019,11,2019-11-01,Sudeste,RJ,Industrial,29.86,28.28,59.08,112.3,30.0,2003289,197.47,Crítico
2019,11,2019-11-01,Sudeste,MG,Agrícola,19.55,8.52,50.04,13.4,25.1,3796555,316.31,Médio
2019,11,2019-11-01,Sudeste,MG,Industrial,22.89,44.35,51.68,247.1,22.8,5803686,190.24,Médio
2019,11,2019-11-01,Sudeste,MG,Público,18.75,42.46,55.82,65.6,25.7,4097342,146.26,Baixo
2019,11,2019-11-01,Sudeste,ES,Agrícola,26.95,23.8,76.67,19.2,26.6,4396596,349.97,Crítico
2019,11,2019-11-01,Sudeste,ES,Agrícola,8.04,7.86,55.5,103.0,25.4,3382476,162.58,Médio
2019,11,2019-11-01,Sudeste,ES,Agrícola,27.35,44.86,84.56,20.6,27.6,205215,423.44,Baixo
2019,11,2019-11-01,Sul,PR,Agrícola,4.19,9.92,71.42,77.6,28.3,2147519,219.47,Alto
2019,11,2019-11-01,Sul,PR,Público,19.82,41.66,21.57,201.4,25.3,4360889,84.56,Crítico
2019,11,2019-11-01,Sul,SC,Comercial,20.15,16.92,16.46,136.3,27.7,4464697,410.91,Baixo
2019,11,2019-11-01,Sul,SC,Industrial,4.27,29.66,33.97,79.1,28.0,2511246,255.63,Baixo
2019,11,2019-11-01,Sul,RS,Residencial,13.52,33.55,98.67,56.8,28.9,5635395,83.58,Baixo
2019,11,2019-11-01,Sul,RS,Comercial,11.22,32.54,90.89,113.8,26.7,1110071,189.86,Alto
2019,12,2019-12-01,Norte,AM,Residencial,28.75,18.19,81.88,138.7,21.3,5469975,182.53,Crítico
2019,12,2019-12-01,Norte,PA,Comercial,11.5,25.32,28.01,158.7,23.4,2883388,347.0,Crítico
2019,12,2019-12-01,Norte,PA,Público,19.94,8.52,37.65,154.9,20.4,3415580,284.35,Baixo
2019,12,2019-12-01,Norte,RO,Público,20.77,35.65,69.64,197.5,29.2,1688159,419.48,Alto
2019,12,2019-12-01,Norte,TO,Comercial,29.01,20.31,41.65,80.7,21.9,3399641,399.95,Alto
2019,12,2019-12-01,Nordeste,BA,Agrícola,10.7,23.96,60.58,168.3,27.4,620508,412.47,Crítico
2019,12,2019-12-01,Nordeste,BA,Industrial,7.06,22.5,64.62,51.0,29.7,3725585,202.44,Baixo
2019,12,2019-12-01,Nordeste,PE,Residencial,3.89,47.51,73.46,72.1,21.5,2604829,177.91,Alto
2019,12,2019-12-01,Nordeste,PE,Comercial,38.78,25.59,63.36,131.9,23.3,5749443,435.17,Alto
2019,12,2019-12-01,Nordeste,CE,Comercial,30.56,27.89,53.94,111.6,28.2,5725319,403.25,Médio
2019,12,2019-12-01,Nordeste,CE,Comercial,21.12,27.37,51.5,114.8,20.0,2723299,149.28,Crítico
2019,12,2019-12-01,Nordeste,MA,Industrial,39.65,50.11,43.59,135.7,24.7,4806751,98.73,Baixo
2019,12,2019-12-01,Nordeste,PB,Agrícola,3.73,52.16,18.66,95.0,23.7,5853475,269.9,Crítico
2019,12,2019-12-01,Centro-Oeste,DF,Industrial,14.92,47.51,60.28,117.0,24.6,1649772,104.39,Médio
2019,12,2019-12-01,Centro-Oeste,GO,Comercial,11.2,30.97,49.97,61.2,28.6,3374170,138.71,Baixo
2019,12,2019-12-01,Centro-Oeste,GO,Agrícola,13.17,32.94,47.34,20.6,27.8,1834830,121.58,Crítico
2019,12,2019-12-01,Centro-Oeste,MT,Agrícola,34.15,49.6,5.08,157.5,21.4,1181867,201.2,Baixo
2019,12,2019-12-01,Centro-Oeste,MS,Comercial,17.53,53.82,63.58,114.0,25.4,3473862,334.97,Baixo
2019,12,2019-12-01,Sudeste,SP,Industrial,39.62,32.82,94.32,113.7,25.3,3572979,431.79,Baixo
2019,12,2019-12-01,Sudeste,SP,Comercial,36.94,21.6,39.2,102.1,25.8,4917435,194.78,Alto
2019,12,2019-12-01,Sudeste,SP,Agrícola,18.32,11.9,87.19,99.2,18.5,1094716,237.79,Médio
2019,12,2019-12-01,Sudeste,RJ,Residencial,16.22,18.64,19.34,320.5,26.7,223355,410.67,Crítico
2019,12,2019-12-01,Sudeste,RJ,Público,37.97,13.47,73.26,61.6,28.3,1130948,416.15,Crítico
2019,12,2019-12-01,Sudeste,RJ,Público,39.52,13.26,63.1,84.2,25.1,4886871,328.83,Médio
2019,12,2019-12-01,Sudeste,RJ,Público,21.86,52.56,75.61,136.3,33.4,5983535,448.14,Médio
2019,12,2019-12-01,Sudeste,MG,Comercial,26.51,36.49,44.51,117.0,27.7,1521634,107.1,Alto
2019,12,2019-12-01,Sudeste,MG,Agrícola,29.71,31.74,76.37,104.9,28.4,102522,391.71,Alto
2019,12,2019-12-01,Sudeste,MG,Público,19.61,14.81,5.17,119.7,29.3,3820352,168.18,Crítico
2019,12,2019-12-01,Sudeste,ES,Comercial,25.31,13.22,42.19,150.7,22.3,938598,445.12,Alto
2019,12,2019-12-01,Sudeste,ES,Industrial,5.0,13.48,61.84,197.9,24.1,1000543,123.36,Alto
2019,12,2019-12-01,Sudeste,ES,Agrícola,27.72,53.95,90.64,38.4,24.9,5707926,331.2,Médio
2019,12,2019-12-01,Sul,PR,Industrial,29.93,27.46,46.12,46.7,22.4,1948794,204.08,Alto
2019,12,2019-12-01,Sul,PR,Agrícola,6.72,39.26,67.02,73.6,26.9,192406,108.16,Baixo
2019,12,2019-12-01,Sul,SC,Agrícola,22.8,12.52,31.1,219.5,23.0,5284899,429.0,Alto
2019,12,2019-12-01,Sul,SC,Comercial,12.61,7.06,15.43,70.8,27.8,4081578,355.06,Crítico
2019,12,2019-12-01,Sul,RS,Residencial,18.12,39.58,12.37,80.9,23.9,1609706,248.28,Baixo
2019,12,2019-12-01,Sul,RS,Industrial,25.77,47.03,48.2,83.5,25.2,3487240,430.61,Médio
2020,1,2020-01-01,Norte,AM,Público,30.21,45.1,58.59,35.3,30.8,4610831,193.65,Alto
2020,1,2020-01-01,Norte,PA,Público,15.4,22.29,84.63,60.9,29.2,4544447,356.64,Alto
2020,1,2020-01-01,Norte,PA,Residencial,17.66,7.59,18.34,166.1,29.4,516293,235.54,Baixo
2020,1,2020-01-01,Norte,RO,Comercial,24.36,35.99,46.92,102.4,24.0,3455380,328.21,Crítico
2020,1,2020-01-01,Norte,TO,Público,28.46,5.88,25.44,74.0,28.4,4496793,364.07,Alto
2020,1,2020-01-01,Nordeste,BA,Industrial,33.45,42.61,35.07,65.8,29.1,644569,172.19,Baixo
2020,1,2020-01-01,Nordeste,BA,Comercial,37.52,15.77,70.88,244.3,26.1,236655,449.74,Alto
2020,1,2020-01-01,Nordeste,PE,Residencial,8.41,40.06,33.41,137.5,26.4,5014952,304.64,Alto
2020,1,2020-01-01,Nordeste,PE,Público,19.14,47.44,82.44,53.0,24.4,889872,390.05,Crítico
2020,1,2020-01-01,Nordeste,CE,Industrial,16.16,32.89,30.27,11.9,28.0,1435673,212.61,Alto
2020,1,2020-01-01,Nordeste,CE,Comercial,17.22,22.65,90.42,44.8,27.7,1198753,290.46,Crítico
2020,1,2020-01-01,Nordeste,MA,Público,3.3,25.42,52.3,109.5,20.8,4210572,401.81,Baixo
2020,1,2020-01-01,Nordeste,PB,Comercial,11.34,8.59,11.45,77.3,26.7,1577984,183.83,Baixo
2020,1,2020-01-01,Centro-Oeste,DF,Agrícola,32.15,32.0,30.7,75.4,25.2,3988942,200.88,Médio
2020,1,2020-01-01,Centro-Oeste,GO,Comercial,25.15,34.67,96.57,106.1,26.0,4588142,115.42,Baixo
2020,1,2020-01-01,Centro-Oeste,GO,Residencial,17.43,34.85,27.38,140.5,27.7,5762363,220.91,Crítico
2020,1,2020-01-01,Centro-Oeste,MT,Residencial,10.34,49.22,12.39,48.3,23.3,2023931,210.13,Crítico
2020,1,2020-01-01,Centro-Oeste,MS,Residencial,39.48,18.87,84.41,59.1,28.3,600981,387.41,Crítico
2020,1,2020-01-01,Sudeste,SP,Comercial,37.69,19.58,85.79,133.8,23.5,4153783,299.92,Médio
2020,1,2020-01-01,Sudeste,SP,Residencial,5.04,46.39,96.07,85.5,20.6,1156352,440.49,Alto
2020,1,2020-01-01,Sudeste,SP,Público,23.69,24.66,37.54,57.1,26.4,4345484,268.69,Médio
2020,1,2020-01-01,Sudeste,RJ,Comercial,12.22,44.92,79.54,72.3,24.1,3908295,333.02,Baixo
2020,1,2020-01-01,Sudeste,RJ,Residencial,15.05,50.31,63.91,41.6,26.1,2022092,432.51,Médio
2020,1,2020-01-01,Sudeste,RJ,Residencial,22.54,43.23,80.93,90.2,30.1,3231114,127.47,Alto
2020,1,2020-01-01,Sudeste,RJ,Público,31.61,22.86,15.06,79.6,32.2,423754,389.41,Médio
2020,1,2020-01-01,Sudeste,MG,Residencial,29.91,42.75,63.72,194.7,21.8,3391945,226.75,Crítico
2020,1,2020-01-01,Sudeste,MG,Residencial,36.03,18.36,47.27,48.9,22.8,4501811,119.4,Baixo
2020,1,2020-01-01,Sudeste,MG,Industrial,13.87,40.09,95.76,91.9,22.1,3670860,357.65,Médio
2020,1,2020-01-01,Sudeste,ES,Residencial,38.6,7.7,36.67,173.8,23.3,1191933,148.79,Médio
2020,1,2020-01-01,Sudeste,ES,Agrícola,34.71,11.51,41.95,84.1,26.2,4371792,189.21,Médio
2020,1,2020-01-01,Sudeste,ES,Público,34.43,7.9,38.02,28.6,30.5,568489,190.51,Médio
2020,1,2020-01-01,Sul,PR,Residencial,15.19,15.9,26.15,58.8,24.0,340694,353.74,Médio
2020,1,2020-01-01,Sul,PR,Público,18.72,15.15,55.81,121.0,22.1,3852200,230.35,Alto
2020,1,2020-01-01,Sul,SC,Comercial,12.74,40.08,45.02,196.8,28.5,4844793,335.4,Médio
2020,1,2020-01-01,Sul,SC,Residencial,10.33,33.61,67.94,38.2,25.6,5078444,101.96,Médio
2020,1,2020-01-01,Sul,RS,Agrícola,20.3,50.92,93.91,143.6,28.5,2021738,415.05,Alto
2020,1,2020-01-01,Sul,RS,Comercial,7.23,18.33,83.65,47.0,28.2,1775034,124.17,Alto
2020,2,2020-02-01,Norte,AM,Comercial,22.16,6.75,78.33,99.5,31.9,5656146,156.99,Crítico
2020,2,2020-02-01,Norte,PA,Público,29.88,50.53,55.68,188.0,26.9,5976322,325.14,Alto
2020,2,2020-02-01,Norte,PA,Agrícola,16.74,11.7,48.81,181.4,26.2,5560426,183.31,Médio
2020,2,2020-02-01,Norte,RO,Residencial,11.03,50.74,29.36,60.5,25.5,583389,345.97,Médio
2020,2,2020-02-01,Norte,TO,Residencial,29.35,46.82,78.5,165.7,31.0,2625811,344.18,Crítico
2020,2,2020-02-01,Nordeste,BA,Residencial,16.87,44.62,45.72,57.5,33.5,3344950,436.06,Baixo
2020,2,2020-02-01,Nordeste,BA,Comercial,11.2,15.3,19.04,26.7,31.9,3744395,243.09,Baixo
2020,2,2020-02-01,Nordeste,PE,Residencial,22.78,42.23,60.45,58.6,28.4,5632612,418.04,Médio
2020,2,2020-02-01,Nordeste,PE,Industrial,25.46,42.28,78.35,68.9,28.8,2937691,199.39,Baixo
2020,2,2020-02-01,Nordeste,CE,Industrial,26.29,41.04,78.36,141.6,28.8,5558767,370.88,Alto
2020,2,2020-02-01,Nordeste,CE,Residencial,37.91,46.42,15.99,108.4,29.2,401816,364.64,Alto
2020,2,2020-02-01,Nordeste,MA,Agrícola,10.3,8.4,63.53,169.3,28.1,4481605,118.4,Crítico
2020,2,2020-02-01,Nordeste,PB,Público,24.27,30.83,83.71,117.2,23.1,161764,406.44,Baixo
2020,2,2020-02-01,Centro-Oeste,DF,Comercial,12.41,51.8,96.21,42.3,28.1,4906297,446.69,Médio
2020,2,2020-02-01,Centro-Oeste,GO,Público,17.72,35.3,39.74,114.5,27.5,5874443,149.56,Médio
2020,2,2020-02-01,Centro-Oeste,GO,Agrícola,26.05,54.73,17.33,191.4,25.0,2649818,415.51,Baixo
2020,2,2020-02-01,Centro-Oeste,MT,Residencial,29.93,28.58,67.47,47.3,28.7,5531555,312.35,Alto
2020,2,2020-02-01,Centro-Oeste,MS,Residencial,37.75,16.83,59.69,223.3,24.2,442771,256.93,Crítico
2020,2,2020-02-01,Sudeste,SP,Agrícola,24.47,29.71,68.35,37.8,22.1,3209820,142.33,Alto
2020,2,2020-02-01,Sudeste,SP,Industrial,32.96,10.45,66.31,16.0,26.5,5640060,440.33,Médio
2020,2,2020-02-01,Sudeste,SP,Residencial,32.14,9.09,78.26,102.4,24.9,4062478,217.97,Crítico
2020,2,2020-02-01,Sudeste,RJ,Agrícola,25.07,20.99,96.54,127.5,24.5,197393,349.09,Médio
2020,2,2020-02-01,Sudeste,RJ,Industrial,2.96,9.98,40.31,56.9,28.0,5722468,399.23,Médio
2020,2,2020-02-01,Sudeste,RJ,Residencial,3.83,21.81,76.24,70.2,24.6,205830,287.68,Médio
2020,2,2020-02-01,Sudeste,RJ,Residencial,10.29,33.12,93.0,112.8,30.9,4875376,219.21,Médio
2020,2,2020-02-01,Sudeste,MG,Industrial,39.26,7.37,37.03,72.5,20.5,2918990,108.67,Alto
2020,2,2020-02-01,Sudeste,MG,Agrícola,14.96,22.11,14.13,97.0,25.6,5450193,296.53,Baixo
2020,2,2020-02-01,Sudeste,MG,Residencial,29.87,8.22,28.64,126.5,22.5,4938952,220.62,Alto
2020,2,2020-02-01,Sudeste,ES,Residencial,9.75,24.3,21.21,25.3,25.2,3600163,414.87,Médio
2020,2,2020-02-01,Sudeste,ES,Público,9.46,43.68,49.58,69.7,23.5,5026437,204.56,Médio
2020,2,2020-02-01,Sudeste,ES,Industrial,6.75,15.17,91.29,39.0,30.2,3954954,114.27,Alto
2020,2,2020-02-01,Sul,PR,Público,15.38,34.55,98.77,78.0,28.2,5541311,248.53,Crítico
2020,2,2020-02-01,Sul,PR,Agrícola,2.01,40.87,92.24,195.7,25.4,619377,273.24,Médio
2020,2,2020-02-01,Sul,SC,Industrial,18.19,49.82,55.43,16.3,25.2,1137395,337.86,Crítico
2020,2,2020-02-01,Sul,SC,Residencial,11.31,16.28,14.9,66.6,25.4,4761021,130.99,Médio
2020,2,2020-02-01,Sul,RS,Comercial,20.07,28.44,87.65,20.9,27.7,2789210,275.7,Crítico
2020,2,2020-02-01,Sul,RS,Industrial,3.14,35.99,55.07,34.8,28.2,4426591,132.44,Alto
2020,3,2020-03-01,Norte,AM,Público,36.75,52.86,79.19,123.0,26.0,3441756,106.92,Baixo
2020,3,2020-03-01,Norte,PA,Residencial,22.16,45.27,13.97,100.0,25.7,4086211,399.29,Alto
2020,3,2020-03-01,Norte,PA,Residencial,38.36,49.64,45.43,100.9,26.2,4961378,421.87,Médio
2020,3,2020-03-01,Norte,RO,Agrícola,21.22,47.56,69.96,250.1,20.2,1409942,248.88,Médio
2020,3,2020-03-01,Norte,TO,Público,33.45,15.68,59.77,58.1,26.9,4730522,182.36,Baixo
2020,3,2020-03-01,Nordeste,BA,Residencial,37.11,45.75,40.05,99.4,27.6,5209110,365.58,Alto
2020,3,2020-03-01,Nordeste,BA,Público,14.52,54.83,91.28,156.0,20.5,376725,265.35,Crítico
2020,3,2020-03-01,Nordeste,PE,Público,4.53,54.36,38.9,251.2,24.7,710725,159.88,Crítico
2020,3,2020-03-01,Nordeste,PE,Comercial,12.2,25.95,14.28,130.6,30.0,3799013,446.25,Médio
2020,3,2020-03-01,Nordeste,CE,Residencial,20.15,41.7,23.9,72.9,26.2,4729001,97.02,Crítico
2020,3,2020-03-01,Nordeste,CE,Comercial,17.94,5.64,42.69,185.5,25.6,1484554,345.86,Crítico
2020,3,2020-03-01,Nordeste,MA,Comercial,29.82,14.09,78.46,21.2,23.7,5788122,124.49,Alto
2020,3,2020-03-01,Nordeste,PB,Residencial,36.61,37.97,28.59,59.1,28.4,4610097,258.42,Alto
2020,3,2020-03-01,Centro-Oeste,DF,Público,23.72,21.31,66.29,50.3,25.7,2442377,312.51,Crítico
2020,3,2020-03-01,Centro-Oeste,GO,Comercial,5.28,6.98,17.26,80.9,27.3,1442178,324.96,Baixo
2020,3,2020-03-01,Centro-Oeste,GO,Residencial,35.15,23.59,97.09,65.7,26.6,3445314,249.47,Baixo
2020,3,2020-03-01,Centro-Oeste,MT,Público,23.59,21.02,45.22,98.0,28.0,4001736,148.57,Baixo
2020,3,2020-03-01,Centro-Oeste,MS,Agrícola,12.11,53.95,45.74,57.5,27.5,3698218,325.78,Crítico
2020,3,2020-03-01,Sudeste,SP,Público,24.14,21.28,43.73,30.5,27.6,4376622,342.15,Baixo
2020,3,2020-03-01,Sudeste,SP,Público,25.11,51.16,26.32,89.6,29.3,4393729,325.75,Alto
2020,3,2020-03-01,Sudeste,SP,Comercial,19.27,40.19,90.14,89.9,24.6,1451409,137.82,Baixo
2020,3,2020-03-01,Sudeste,RJ,Residencial,22.79,45.85,17.97,28.8,21.4,147756,206.33,Alto
2020,3,2020-03-01,Sudeste,RJ,Industrial,20.93,28.02,40.16,73.4,29.5,5252488,196.83,Crítico
2020,3,2020-03-01,Sudeste,RJ,Industrial,11.78,39.57,77.95,179.3,25.3,4615246,89.82,Crítico
2020,3,2020-03-01,Sudeste,RJ,Comercial,19.68,26.99,7.3,80.5,27.0,5761714,96.15,Médio
2020,3,2020-03-01,Sudeste,MG,Comercial,4.5,26.34,55.74,186.2,27.8,584561,394.25,Médio
2020,3,2020-03-01,Sudeste,MG,Público,16.2,42.66,11.44,181.2,26.2,4161128,212.26,Médio
2020,3,2020-03-01,Sudeste,MG,Público,28.16,51.97,67.72,53.4,26.0,123416,181.91,Baixo
2020,3,2020-03-01,Sudeste,ES,Agrícola,21.32,22.65,84.8,90.3,28.6,4029715,410.46,Crítico
2020,3,2020-03-01,Sudeste,ES,Residencial,2.33,47.96,71.63,65.5,25.7,2090451,177.25,Médio
2020,3,2020-03-01,Sudeste,ES,Comercial,34.35,52.34,17.08,35.7,30.5,1749819,443.36,Alto
2020,3,2020-03-01,Sul,PR,Público,8.72,13.73,32.73,73.1,22.7,239584,193.61,Crítico
2020,3,2020-03-01,Sul,PR,Comercial,13.8,40.06,17.29,185.0,28.2,2467905,315.21,Baixo
2020,3,2020-03-01,Sul,SC,Residencial,13.93,40.4,15.28,127.0,24.7,333086,316.53,Baixo
2020,3,2020-03-01,Sul,SC,Residencial,37.82,52.86,82.29,159.3,24.1,108584,252.8,Baixo
2020,3,2020-03-01,Sul,RS,Público,36.33,38.06,56.94,136.7,29.8,2240192,273.44,Crítico
2020,3,2020-03-01,Sul,RS,Residencial,18.55,34.45,44.27,59.3,25.3,3930810,150.42,Médio
2020,4,2020-04-01,Norte,AM,Residencial,8.05,37.24,12.94,260.6,24.9,2366573,283.94,Crítico
2020,4,2020-04-01,Norte,PA,Agrícola,39.65,51.91,31.17,101.7,24.7,514671,421.96,Médio
2020,4,2020-04-01,Norte,PA,Industrial,29.14,20.21,31.06,139.7,21.8,1753965,328.28,Médio
2020,4,2020-04-01,Norte,RO,Comercial,33.47,52.84,72.83,44.2,22.8,5444355,328.85,Médio
2020,4,2020-04-01,Norte,TO,Agrícola,20.22,9.53,90.01,86.2,18.9,2215435,296.82,Alto
2020,4,2020-04-01,Nordeste,BA,Residencial,30.85,26.09,79.68,104.0,32.1,4110111,276.66,Alto
2020,4,2020-04-01,Nordeste,BA,Agrícola,9.37,25.62,94.89,66.0,35.5,920552,349.84,Médio
2020,4,2020-04-01,Nordeste,PE,Agrícola,17.53,48.27,20.73,56.9,27.1,4105739,98.39,Alto
2020,4,2020-04-01,Nordeste,PE,Comercial,26.83,41.04,28.06,66.2,21.6,2103044,279.91,Crítico
2020,4,2020-04-01,Nordeste,CE,Público,27.44,50.93,38.71,74.7,22.0,4269391,239.22,Médio
2020,4,2020-04-01,Nordeste,CE,Comercial,19.16,36.38,85.37,85.3,25.4,3654976,307.13,Baixo
2020,4,2020-04-01,Nordeste,MA,Comercial,21.64,9.99,21.97,11.8,22.8,2434068,383.65,Médio
2020,4,2020-04-01,Nordeste,PB,Agrícola,3.78,50.84,67.16,66.3,28.7,3255315,256.11,Alto
2020,4,2020-04-01,Centro-Oeste,DF,Agrícola,33.16,36.2,8.69,126.6,26.7,735411,306.58,Médio
2020,4,2020-04-01,Centro-Oeste,GO,Comercial,29.19,51.09,72.07,67.7,29.8,3985621,131.2,Médio
2020,4,2020-04-01,Centro-Oeste,GO,Público,14.14,15.06,71.46,207.6,25.2,457829,422.52,Crítico
2020,4,2020-04-01,Centro-Oeste,MT,Comercial,32.96,16.57,41.74,139.0,24.9,3525571,379.68,Médio
2020,4,2020-04-01,Centro-Oeste,MS,Residencial,25.4,13.81,70.67,159.1,30.1,5262770,386.72,Crítico
2020,4,2020-04-01,Sudeste,SP,Industrial,21.6,47.18,39.32,151.6,25.0,1770159,273.07,Médio
2020,4,2020-04-01,Sudeste,SP,Residencial,19.31,18.8,57.27,56.7,27.7,5954462,268.61,Baixo
2020,4,2020-04-01,Sudeste,SP,Residencial,24.25,49.81,31.94,18.2,25.0,4736058,185.89,Médio
2020,4,2020-04-01,Sudeste,RJ,Comercial,24.37,14.41,43.39,31.7,26.4,1101823,122.57,Alto
2020,4,2020-04-01,Sudeste,RJ,Residencial,20.29,33.82,21.08,38.5,25.8,3030370,445.45,Baixo
2020,4,2020-04-01,Sudeste,RJ,Residencial,13.36,24.19,20.44,58.0,24.1,1269193,445.33,Crítico
2020,4,2020-04-01,Sudeste,RJ,Agrícola,6.95,36.63,16.07,50.1,23.0,2574490,184.49,Baixo
2020,4,2020-04-01,Sudeste,MG,Comercial,37.33,11.19,41.71,11.7,22.7,2651373,125.13,Baixo
2020,4,2020-04-01,Sudeste,MG,Público,20.39,36.6,71.93,129.2,27.8,3022315,206.64,Crítico
2020,4,2020-04-01,Sudeste,MG,Comercial,29.87,20.39,36.31,381.3,23.5,3179671,401.52,Baixo
2020,4,2020-04-01,Sudeste,ES,Público,10.07,43.24,11.33,26.0,24.5,5658950,185.57,Alto
2020,4,2020-04-01,Sudeste,ES,Industrial,16.15,42.29,52.32,16.1,28.1,3885142,80.45,Baixo
2020,4,2020-04-01,Sudeste,ES,Comercial,14.24,28.43,33.0,50.8,32.0,2697521,201.95,Alto
2020,4,2020-04-01,Sul,PR,Comercial,31.83,7.02,41.19,96.8,26.8,3614165,360.63,Alto
2020,4,2020-04-01,Sul,PR,Público,8.0,19.81,29.51,277.9,25.0,353234,155.68,Baixo
2020,4,2020-04-01,Sul,SC,Residencial,9.64,41.29,19.52,20.2,27.2,430893,408.93,Alto
2020,4,2020-04-01,Sul,SC,Público,34.6,14.67,47.42,75.2,29.5,5984295,411.23,Alto
2020,4,2020-04-01,Sul,RS,Agrícola,29.2,52.7,89.77,65.4,29.2,5090113,261.77,Médio
2020,4,2020-04-01,Sul,RS,Público,11.16,6.4,52.09,259.4,30.7,4225916,340.67,Baixo
2020,5,2020-05-01,Norte,AM,Residencial,25.95,23.93,64.22,161.8,24.0,4814397,87.08,Médio
2020,5,2020-05-01,Norte,PA,Agrícola,25.47,29.94,45.87,76.3,27.0,459887,133.66,Baixo
2020,5,2020-05-01,Norte,PA,Industrial,27.16,33.68,99.47,60.3,28.8,1039142,202.95,Baixo
2020,5,2020-05-01,Norte,RO,Agrícola,33.58,29.79,64.33,133.8,24.4,5288114,260.86,Médio
2020,5,2020-05-01,Norte,TO,Industrial,32.87,46.35,56.79,114.9,20.2,5000376,169.09,Alto
2020,5,2020-05-01,Nordeste,BA,Comercial,16.45,15.21,70.17,99.0,20.6,3468298,372.19,Alto
2020,5,2020-05-01,Nordeste,BA,Público,35.32,15.12,18.71,75.7,27.8,3372960,262.67,Médio
2020,5,2020-05-01,Nordeste,PE,Agrícola,9.29,42.78,60.89,81.8,20.7,4497781,253.14,Médio
2020,5,2020-05-01,Nordeste,PE,Público,13.72,31.89,74.36,7.3,29.8,4562550,101.67,Crítico
2020,5,2020-05-01,Nordeste,CE,Comercial,27.39,36.79,93.68,185.4,24.7,3349901,124.56,Baixo
2020,5,2020-05-01,Nordeste,CE,Residencial,26.54,8.63,75.11,166.1,28.4,4308738,383.58,Alto
2020,5,2020-05-01,Nordeste,MA,Agrícola,36.63,30.4,99.73,128.1,31.9,2221751,334.65,Baixo
2020,5,2020-05-01,Nordeste,PB,Industrial,13.67,32.37,64.13,73.4,27.5,4411581,349.3,Baixo
2020,5,2020-05-01,Centro-Oeste,DF,Agrícola,6.22,16.43,98.06,163.6,29.1,969492,166.92,Médio
2020,5,2020-05-01,Centro-Oeste,GO,Comercial,5.74,35.65,97.65,120.9,23.7,2215144,86.54,Médio
2020,5,2020-05-01,Centro-Oeste,GO,Industrial,18.69,25.13,35.38,100.3,28.1,516915,221.61,Baixo
2020,5,2020-05-01,Centro-Oeste,MT,Residencial,20.17,22.11,56.81,92.8,29.6,3261748,446.19,Médio
2020,5,2020-05-01,Centro-Oeste,MS,Público,6.04,19.38,84.08,71.4,27.2,1786816,354.83,Baixo
2020,5,2020-05-01,Sudeste,SP,Residencial,34.33,52.31,94.57,165.5,19.1,1567702,123.59,Alto
2020,5,2020-05-01,Sudeste,SP,Comercial,28.04,52.97,25.08,133.4,27.2,1842984,115.18,Baixo
2020,5,2020-05-01,Sudeste,SP,Residencial,16.46,20.95,8.82,60.0,22.1,1880035,278.09,Médio
2020,5,2020-05-01,Sudeste,RJ,Público,6.8,34.4,70.23,68.8,25.1,3550009,190.35,Alto
2020,5,2020-05-01,Sudeste,RJ,Industrial,39.54,36.24,56.03,86.4,28.0,1851914,342.7,Alto
2020,5,2020-05-01,Sudeste,RJ,Comercial,18.53,9.45,76.34,34.9,23.5,2147357,253.02,Crítico
2020,5,2020-05-01,Sudeste,RJ,Agrícola,31.02,40.07,82.2,85.1,31.8,235352,409.71,Baixo
2020,5,2020-05-01,Sudeste,MG,Residencial,9.02,16.21,84.02,146.3,23.2,3260736,177.58,Baixo
2020,5,2020-05-01,Sudeste,MG,Agrícola,22.14,8.15,94.94,116.0,30.8,1694792,351.34,Crítico
2020,5,2020-05-01,Sudeste,MG,Público,30.31,17.73,79.1,76.6,26.4,2223768,87.13,Baixo
2020,5,2020-05-01,Sudeste,ES,Público,39.97,18.24,81.35,108.9,24.7,2526454,425.24,Alto
2020,5,2020-05-01,Sudeste,ES,Agrícola,24.98,25.17,39.08,157.1,27.0,4855825,188.55,Alto
2020,5,2020-05-01,Sudeste,ES,Industrial,27.19,8.22,73.93,48.7,23.7,166774,221.32,Crítico
2020,5,2020-05-01,Sul,PR,Industrial,31.35,45.63,50.85,72.9,28.9,3400110,256.98,Alto
2020,5,2020-05-01,Sul,PR,Agrícola,32.86,18.35,86.21,64.2,26.1,5195727,374.08,Crítico
2020,5,2020-05-01,Sul,SC,Comercial,9.87,27.72,42.49,123.1,26.1,2548074,386.38,Baixo
2020,5,2020-05-01,Sul,SC,Agrícola,12.3,24.42,47.27,69.7,26.9,356771,285.31,Médio
2020,5,2020-05-01,Sul,RS,Agrícola,12.33,18.26,18.35,49.5,22.9,3540304,160.85,Alto
2020,5,2020-05-01,Sul,RS,Residencial,11.99,11.57,21.34,58.5,23.6,1007249,119.18,Alto
2020,6,2020-06-01,Norte,AM,Industrial,34.71,10.37,18.72,86.5,25.6,2528610,216.98,Médio
2020,6,2020-06-01,Norte,PA,Industrial,16.82,9.58,20.3,104.5,22.2,3697927,152.52,Crítico
2020,6,2020-06-01,Norte,PA,Público,37.62,22.08,43.27,472.2,23.1,3713945,208.78,Crítico
2020,6,2020-06-01,Norte,RO,Industrial,12.28,34.94,99.79,40.4,26.0,5700164,158.9,Baixo
2020,6,2020-06-01,Norte,TO,Residencial,37.87,34.54,56.87,16.2,21.6,1065040,331.2,Alto
2020,6,2020-06-01,Nordeste,BA,Agrícola,27.24,44.5,11.18,74.1,27.5,1556085,238.79,Crítico
2020,6,2020-06-01,Nordeste,BA,Agrícola,14.27,22.33,92.11,160.2,28.8,102739,122.95,Crítico
2020,6,2020-06-01,Nordeste,PE,Público,13.34,8.65,63.49,180.7,26.3,2288088,203.36,Crítico
2020,6,2020-06-01,Nordeste,PE,Agrícola,30.89,28.38,73.19,174.3,22.3,4621540,402.47,Médio
2020,6,2020-06-01,Nordeste,CE,Comercial,27.26,22.98,22.73,102.9,25.0,807624,233.44,Baixo
2020,6,2020-06-01,Nordeste,CE,Público,30.93,54.96,95.68,151.6,29.9,135271,295.22,Médio
2020,6,2020-06-01,Nordeste,MA,Agrícola,28.22,17.19,49.97,35.4,26.8,1146076,326.43,Crítico
2020,6,2020-06-01,Nordeste,PB,Residencial,22.99,20.7,59.32,336.2,26.2,1877960,234.87,Baixo
2020,6,2020-06-01,Centro-Oeste,DF,Comercial,33.98,30.45,61.39,28.7,22.6,1435994,155.78,Baixo
2020,6,2020-06-01,Centro-Oeste,GO,Industrial,5.06,36.37,88.5,32.7,24.8,5880487,225.18,Crítico
2020,6,2020-06-01,Centro-Oeste,GO,Agrícola,30.81,45.81,22.7,83.8,22.3,3023203,329.14,Médio
2020,6,2020-06-01,Centro-Oeste,MT,Agrícola,37.77,50.78,64.15,90.4,20.9,377479,365.5,Médio
2020,6,2020-06-01,Centro-Oeste,MS,Comercial,20.19,45.28,16.28,169.0,25.5,2032113,427.2,Crítico
2020,6,2020-06-01,Sudeste,SP,Industrial,12.03,41.4,47.71,285.4,25.9,2045873,155.05,Crítico
2020,6,2020-06-01,Sudeste,SP,Comercial,37.84,40.24,27.82,186.6,25.5,5275240,320.39,Baixo
2020,6,2020-06-01,Sudeste,SP,Público,14.32,51.67,88.39,52.2,27.5,2463836,80.91,Médio
2020,6,2020-06-01,Sudeste,RJ,Público,13.59,50.95,30.45,95.3,27.7,2922370,434.12,Crítico
2020,6,2020-06-01,Sudeste,RJ,Industrial,2.57,25.79,99.8,165.0,30.1,3051295,259.65,Crítico
2020,6,2020-06-01,Sudeste,RJ,Público,33.28,26.12,55.77,111.4,26.7,1682160,219.65,Alto
2020,6,2020-06-01,Sudeste,RJ,Industrial,9.9,28.32,96.82,76.4,29.6,1811599,177.93,Crítico
2020,6,2020-06-01,Sudeste,MG,Industrial,24.81,27.82,38.03,211.0,25.6,2593054,213.8,Médio
2020,6,2020-06-01,Sudeste,MG,Público,31.36,52.74,46.04,57.7,27.4,2600593,280.6,Alto
2020,6,2020-06-01,Sudeste,MG,Público,3.35,32.26,81.69,86.3,24.6,2749955,187.68,Médio
2020,6,2020-06-01,Sudeste,ES,Industrial,11.48,43.7,50.47,168.6,22.2,4813703,143.88,Baixo
2020,6,2020-06-01,Sudeste,ES,Residencial,24.81,6.91,71.5,84.6,25.0,5193495,113.84,Baixo
2020,6,2020-06-01,Sudeste,ES,Público,39.56,20.08,29.3,177.4,23.8,4087640,163.26,Médio
2020,6,2020-06-01,Sul,PR,Industrial,3.32,32.07,16.67,132.2,26.4,587614,138.0,Crítico
2020,6,2020-06-01,Sul,PR,Comercial,6.66,20.1,14.59,153.4,30.4,5695114,82.38,Alto
2020,6,2020-06-01,Sul,SC,Público,28.89,38.42,10.04,96.9,29.4,2278765,186.05,Médio
2020,6,2020-06-01,Sul,SC,Público,32.59,12.73,42.77,233.6,25.9,1696152,261.85,Baixo
2020,6,2020-06-01,Sul,RS,Residencial,37.54,37.36,38.81,17.8,22.3,2767656,375.32,Médio
2020,6,2020-06-01,Sul,RS,Agrícola,33.03,5.27,75.73,132.2,24.8,5935835,217.65,Baixo
2020,7,2020-07-01,Norte,AM,Público,5.28,10.08,59.11,157.1,22.7,1071735,138.16,Alto
2020,7,2020-07-01,Norte,PA,Agrícola,28.21,11.03,71.01,151.2,25.6,4423526,397.96,Baixo
2020,7,2020-07-01,Norte,PA,Comercial,18.82,43.39,35.15,120.5,32.5,4884120,237.05,Crítico
2020,7,2020-07-01,Norte,RO,Agrícola,28.87,32.33,90.11,170.0,26.2,1242221,316.53,Crítico
2020,7,2020-07-01,Norte,TO,Público,26.01,41.39,32.94,121.3,31.4,5593605,227.38,Médio
2020,7,2020-07-01,Nordeste,BA,Agrícola,15.92,52.35,66.95,98.7,32.6,5984963,178.12,Baixo
2020,7,2020-07-01,Nordeste,BA,Comercial,2.52,16.63,72.64,159.6,23.9,1507113,229.41,Crítico
2020,7,2020-07-01,Nordeste,PE,Industrial,5.17,10.22,70.32,203.3,26.5,161805,388.32,Alto
2020,7,2020-07-01,Nordeste,PE,Público,39.06,19.97,17.18,68.5,24.5,4667430,283.68,Baixo
2020,7,2020-07-01,Nordeste,CE,Agrícola,21.67,34.67,68.58,140.8,26.7,1979084,409.04,Baixo
2020,7,2020-07-01,Nordeste,CE,Comercial,31.43,46.22,7.42,53.4,24.1,2918715,314.09,Crítico
2020,7,2020-07-01,Nordeste,MA,Residencial,28.24,52.24,41.88,179.9,25.0,900477,236.53,Baixo
2020,7,2020-07-01,Nordeste,PB,Residencial,31.21,24.31,91.11,119.0,29.3,5000924,156.75,Baixo
2020,7,2020-07-01,Centro-Oeste,DF,Industrial,34.99,9.75,40.36,52.7,28.0,5422377,260.56,Baixo
2020,7,2020-07-01,Centro-Oeste,GO,Industrial,7.83,30.81,50.75,52.4,26.9,3070193,257.38,Crítico
2020,7,2020-07-01,Centro-Oeste,GO,Agrícola,10.47,31.47,7.9,63.8,28.2,2873083,141.06,Alto
2020,7,2020-07-01,Centro-Oeste,MT,Público,27.59,50.0,12.34,71.1,21.2,4469454,94.59,Baixo
2020,7,2020-07-01,Centro-Oeste,MS,Residencial,23.95,50.36,76.7,66.8,27.0,717847,429.15,Alto
2020,7,2020-07-01,Sudeste,SP,Comercial,12.62,15.38,63.41,30.4,25.0,571403,401.67,Crítico
2020,7,2020-07-01,Sudeste,SP,Residencial,11.03,8.62,25.49,240.9,27.4,2323363,105.93,Alto
2020,7,2020-07-01,Sudeste,SP,Residencial,39.87,42.06,5.14,55.1,23.7,3179841,328.55,Baixo
2020,7,2020-07-01,Sudeste,RJ,Residencial,18.05,54.99,68.46,63.0,26.0,849233,164.24,Baixo
2020,7,2020-07-01,Sudeste,RJ,Agrícola,27.24,54.76,7.14,96.2,23.5,4506276,123.7,Baixo
2020,7,2020-07-01,Sudeste,RJ,Comercial,13.34,7.9,88.0,134.0,21.1,4339691,100.27,Baixo
2020,7,2020-07-01,Sudeste,RJ,Industrial,25.81,45.36,82.13,75.4,25.8,3222943,429.11,Crítico
2020,7,2020-07-01,Sudeste,MG,Público,25.81,40.63,37.33,91.2,31.5,5707618,339.32,Alto
2020,7,2020-07-01,Sudeste,MG,Residencial,30.82,39.61,5.17,212.7,26.8,828159,365.94,Alto
2020,7,2020-07-01,Sudeste,MG,Residencial,21.47,22.7,90.93,115.1,25.2,3260988,348.69,Baixo
2020,7,2020-07-01,Sudeste,ES,Residencial,26.21,23.51,62.51,78.6,30.0,1128362,351.28,Crítico
2020,7,2020-07-01,Sudeste,ES,Público,33.06,38.26,41.81,146.5,31.8,4572703,94.15,Baixo
2020,7,2020-07-01,Sudeste,ES,Comercial,39.36,47.88,91.72,65.1,30.2,679398,232.6,Baixo
2020,7,2020-07-01,Sul,PR,Comercial,3.95,52.19,34.95,40.2,27.4,2298743,381.01,Baixo
2020,7,2020-07-01,Sul,PR,Residencial,14.09,45.33,92.64,61.8,24.8,5361888,172.95,Crítico
2020,7,2020-07-01,Sul,SC,Comercial,36.63,18.8,36.14,125.8,26.7,2519865,192.74,Alto
2020,7,2020-07-01,Sul,SC,Comercial,2.21,30.79,15.28,49.4,24.3,4379563,191.61,Baixo
2020,7,2020-07-01,Sul,RS,Público,22.75,39.82,83.76,35.0,26.8,2373328,293.9,Crítico
2020,7,2020-07-01,Sul,RS,Industrial,13.94,38.24,40.48,74.1,28.7,2430359,174.63,Alto
2020,8,2020-08-01,Norte,AM,Industrial,36.18,7.97,93.86,83.8,21.5,1993343,226.68,Alto
2020,8,2020-08-01,Norte,PA,Agrícola,20.77,24.82,71.23,47.9,21.2,5322070,130.06,Crítico
2020,8,2020-08-01,Norte,PA,Comercial,7.07,43.58,96.24,185.1,30.4,5716425,87.12,Baixo
2020,8,2020-08-01,Norte,RO,Residencial,6.61,35.8,20.6,122.8,27.9,5239114,219.58,Alto
2020,8,2020-08-01,Norte,TO,Agrícola,28.61,40.44,40.24,59.5,25.4,1045989,223.14,Baixo
2020,8,2020-08-01,Nordeste,BA,Comercial,28.93,13.24,47.75,140.3,22.6,4644866,147.63,Médio
2020,8,2020-08-01,Nordeste,BA,Comercial,25.47,13.07,73.82,133.8,23.3,334645,101.99,Baixo
2020,8,2020-08-01,Nordeste,PE,Comercial,23.03,15.88,55.37,102.8,27.4,3913062,80.46,Médio
2020,8,2020-08-01,Nordeste,PE,Comercial,6.76,52.19,37.66,166.7,25.8,3686026,213.06,Médio
2020,8,2020-08-01,Nordeste,CE,Público,6.53,8.54,83.61,33.4,26.2,405150,123.56,Alto
2020,8,2020-08-01,Nordeste,CE,Agrícola,32.53,11.54,90.96,156.3,23.7,1947038,252.01,Baixo
2020,8,2020-08-01,Nordeste,MA,Público,24.51,11.33,35.1,101.1,20.8,2537973,175.15,Médio
2020,8,2020-08-01,Nordeste,PB,Comercial,32.83,39.68,30.9,157.7,27.4,5624745,254.62,Crítico
2020,8,2020-08-01,Centro-Oeste,DF,Residencial,37.66,29.83,17.32,94.0,28.3,1103458,314.93,Baixo
2020,8,2020-08-01,Centro-Oeste,GO,Público,6.71,24.94,72.85,170.7,20.3,1189390,102.57,Alto
2020,8,2020-08-01,Centro-Oeste,GO,Público,18.61,17.6,27.2,78.8,19.0,4619458,293.92,Baixo
2020,8,2020-08-01,Centro-Oeste,MT,Comercial,8.16,7.94,51.77,59.9,22.7,1457324,354.66,Alto
2020,8,2020-08-01,Centro-Oeste,MS,Público,30.99,26.79,23.61,9.8,24.9,2554604,252.68,Baixo
2020,8,2020-08-01,Sudeste,SP,Público,20.0,50.33,81.36,101.2,27.4,5429497,221.21,Médio
2020,8,2020-08-01,Sudeste,SP,Residencial,8.33,53.51,87.51,116.4,31.6,5993633,114.48,Alto
2020,8,2020-08-01,Sudeste,SP,Agrícola,27.79,16.93,73.28,114.1,27.4,5412810,185.07,Baixo
2020,8,2020-08-01,Sudeste,RJ,Agrícola,13.49,36.42,48.92,85.7,29.6,159056,332.75,Crítico
2020,8,2020-08-01,Sudeste,RJ,Agrícola,10.43,16.12,65.87,47.9,23.0,3859797,332.65,Médio
2020,8,2020-08-01,Sudeste,RJ,Agrícola,29.08,35.85,94.31,65.9,25.8,3892180,310.14,Alto
2020,8,2020-08-01,Sudeste,RJ,Comercial,22.43,9.9,58.68,151.0,26.9,208268,206.48,Médio
2020,8,2020-08-01,Sudeste,MG,Comercial,6.81,5.78,34.62,61.5,24.8,2803525,273.82,Médio
2020,8,2020-08-01,Sudeste,MG,Industrial,13.72,34.29,18.35,44.7,26.6,4947248,323.88,Alto
2020,8,2020-08-01,Sudeste,MG,Público,12.94,40.69,63.98,114.1,30.6,3146852,137.34,Baixo
2020,8,2020-08-01,Sudeste,ES,Residencial,13.13,21.77,55.95,56.2,28.1,1388480,231.64,Crítico
2020,8,2020-08-01,Sudeste,ES,Comercial,6.4,48.58,45.71,96.3,29.9,4478095,283.11,Crítico
2020,8,2020-08-01,Sudeste,ES,Industrial,16.72,51.09,74.24,105.8,24.9,1400235,243.44,Crítico
2020,8,2020-08-01,Sul,PR,Residencial,20.36,36.97,49.65,53.0,30.9,2532693,203.12,Médio
2020,8,2020-08-01,Sul,PR,Residencial,18.03,48.09,82.07,9.7,26.4,633568,201.43,Crítico
2020,8,2020-08-01,Sul,SC,Industrial,22.93,31.49,33.01,97.6,27.6,2216075,294.74,Crítico
2020,8,2020-08-01,Sul,SC,Residencial,24.83,8.2,20.32,69.6,24.9,744555,420.38,Médio
2020,8,2020-08-01,Sul,RS,Industrial,14.13,42.35,81.63,58.0,26.0,2645913,131.0,Médio
2020,8,2020-08-01,Sul,RS,Comercial,7.87,7.7,85.16,130.1,24.8,5049081,274.07,Alto
2020,9,2020-09-01,Norte,AM,Comercial,15.07,26.44,37.03,174.1,28.7,2470275,425.12,Médio
2020,9,2020-09-01,Norte,PA,Público,10.53,40.67,77.65,72.5,29.4,295512,345.17,Médio
2020,9,2020-09-01,Norte,PA,Comercial,10.51,15.65,16.75,241.2,25.3,2418971,301.12,Crítico
2020,9,2020-09-01,Norte,RO,Industrial,28.38,25.67,23.78,136.6,27.8,3842845,327.35,Médio
2020,9,2020-09-01,Norte,TO,Público,3.54,41.95,95.36,54.1,27.9,892334,330.09,Alto
2020,9,2020-09-01,Nordeste,BA,Público,38.17,26.62,40.0,58.8,28.3,4457173,248.72,Médio
2020,9,2020-09-01,Nordeste,BA,Comercial,23.01,37.29,9.74,31.8,24.2,5553373,187.24,Crítico
2020,9,2020-09-01,Nordeste,PE,Comercial,5.94,19.42,19.4,19.9,25.9,3614931,268.27,Baixo
2020,9,2020-09-01,Nordeste,PE,Residencial,29.42,38.62,18.7,81.3,28.1,1128971,306.69,Médio
2020,9,2020-09-01,Nordeste,CE,Industrial,24.66,50.57,89.86,177.2,25.1,4584621,346.68,Alto
2020,9,2020-09-01,Nordeste,CE,Comercial,32.18,24.06,44.88,33.5,23.7,4828084,263.49,Crítico
2020,9,2020-09-01,Nordeste,MA,Agrícola,29.25,28.7,20.87,19.9,28.2,944171,340.56,Médio
2020,9,2020-09-01,Nordeste,PB,Comercial,4.34,10.3,17.92,103.2,25.7,272014,156.62,Alto
2020,9,2020-09-01,Centro-Oeste,DF,Industrial,3.45,54.83,41.42,46.5,23.3,5969368,106.52,Crítico
2020,9,2020-09-01,Centro-Oeste,GO,Industrial,22.25,13.2,88.94,230.7,23.4,5531702,156.54,Baixo
2020,9,2020-09-01,Centro-Oeste,GO,Agrícola,37.19,32.6,93.79,110.1,26.5,881230,355.74,Médio
2020,9,2020-09-01,Centro-Oeste,MT,Residencial,2.02,23.48,77.04,128.8,26.6,3803295,336.65,Baixo
2020,9,2020-09-01,Centro-Oeste,MS,Industrial,34.67,7.21,72.93,54.8,26.0,5919280,418.78,Alto
2020,9,2020-09-01,Sudeste,SP,Residencial,24.59,10.94,75.83,315.9,29.6,1525523,142.36,Médio
2020,9,2020-09-01,Sudeste,SP,Industrial,22.54,27.1,97.38,147.0,26.1,1414689,333.34,Baixo
2020,9,2020-09-01,Sudeste,SP,Residencial,29.8,29.46,79.09,36.6,22.8,318815,131.43,Baixo
2020,9,2020-09-01,Sudeste,RJ,Agrícola,32.88,35.96,91.13,154.3,29.0,1732563,422.17,Crítico
2020,9,2020-09-01,Sudeste,RJ,Público,4.82,41.67,83.87,68.8,29.0,2403066,309.53,Baixo
2020,9,2020-09-01,Sudeste,RJ,Comercial,34.28,45.62,76.57,18.1,24.6,285768,126.72,Baixo
2020,9,2020-09-01,Sudeste,RJ,Residencial,13.56,12.66,98.92,60.2,28.8,5259265,235.31,Baixo
2020,9,2020-09-01,Sudeste,MG,Industrial,26.91,17.31,75.94,87.0,25.3,4479087,311.84,Crítico
2020,9,2020-09-01,Sudeste,MG,Agrícola,25.26,50.28,45.89,17.8,31.6,5566938,163.19,Médio
2020,9,2020-09-01,Sudeste,MG,Comercial,37.38,29.7,5.05,72.5,28.0,1231414,259.68,Baixo
2020,9,2020-09-01,Sudeste,ES,Residencial,2.59,48.06,89.73,85.3,24.2,5662770,183.23,Alto
2020,9,2020-09-01,Sudeste,ES,Residencial,15.53,5.08,97.14,83.8,26.0,4495551,94.98,Crítico
2020,9,2020-09-01,Sudeste,ES,Industrial,24.8,37.31,12.37,134.3,27.2,4719981,139.47,Crítico
2020,9,2020-09-01,Sul,PR,Agrícola,30.53,12.89,59.32,180.0,26.2,3828241,267.07,Baixo
2020,9,2020-09-01,Sul,PR,Agrícola,6.26,11.92,19.75,106.3,22.3,5973933,110.79,Alto
2020,9,2020-09-01,Sul,SC,Agrícola,30.91,5.94,75.98,88.5,26.2,400725,303.94,Baixo
2020,9,2020-09-01,Sul,SC,Comercial,34.34,53.35,74.57,51.8,22.4,1212783,412.7,Alto
2020,9,2020-09-01,Sul,RS,Industrial,17.66,31.88,32.75,144.7,18.1,1880880,420.51,Crítico
2020,9,2020-09-01,Sul,RS,Residencial,2.22,49.58,54.33,199.9,19.8,5318846,251.99,Alto
2020,10,2020-10-01,Norte,AM,Industrial,19.58,33.79,61.5,129.0,22.8,5952328,87.32,Baixo
2020,10,2020-10-01,Norte,PA,Industrial,33.92,53.49,14.26,70.9,21.6,1468448,216.83,Médio
2020,10,2020-10-01,Norte,PA,Comercial,18.23,15.33,37.15,101.9,28.0,4699841,203.09,Baixo
2020,10,2020-10-01,Norte,RO,Agrícola,28.77,44.65,28.74,11.9,22.6,5837885,227.65,Médio
2020,10,2020-10-01,Norte,TO,Comercial,3.36,46.91,71.42,58.4,22.6,1577649,187.41,Baixo
2020,10,2020-10-01,Nordeste,BA,Agrícola,20.76,34.4,86.59,212.5,26.7,1784224,307.13,Crítico
2020,10,2020-10-01,Nordeste,BA,Industrial,2.02,19.03,33.37,33.4,19.2,4692072,383.4,Baixo
2020,10,2020-10-01,Nordeste,PE,Comercial,23.24,13.42,61.75,56.2,28.8,3078341,160.11,Alto
2020,10,2020-10-01,Nordeste,PE,Agrícola,15.38,10.39,54.4,19.6,18.6,452480,266.31,Crítico
2020,10,2020-10-01,Nordeste,CE,Comercial,35.22,51.07,22.21,112.8,24.5,5339455,115.0,Baixo
2020,10,2020-10-01,Nordeste,CE,Agrícola,14.22,53.07,63.66,23.0,31.0,4926255,406.93,Alto
2020,10,2020-10-01,Nordeste,MA,Comercial,26.96,40.76,36.72,70.3,29.0,1921538,377.79,Médio
2020,10,2020-10-01,Nordeste,PB,Comercial,19.07,44.45,74.17,89.1,24.9,5239057,202.48,Alto
2020,10,2020-10-01,Centro-Oeste,DF,Agrícola,9.36,45.74,98.12,157.9,27.8,754845,306.33,Crítico
2020,10,2020-10-01,Centro-Oeste,GO,Agrícola,22.15,24.11,80.52,187.0,23.8,1584666,251.44,Alto
2020,10,2020-10-01,Centro-Oeste,GO,Agrícola,33.86,26.23,11.64,268.4,21.0,4013894,285.04,Baixo
2020,10,2020-10-01,Centro-Oeste,MT,Residencial,16.58,43.35,88.58,55.3,21.6,4027270,424.12,Baixo
2020,10,2020-10-01,Centro-Oeste,MS,Industrial,15.7,39.42,67.78,49.0,29.7,3221245,104.66,Baixo
2020,10,2020-10-01,Sudeste,SP,Público,3.87,31.81,54.65,183.1,27.9,1264036,94.11,Médio
2020,10,2020-10-01,Sudeste,SP,Agrícola,5.16,27.9,61.48,171.7,25.4,138182,150.35,Baixo
2020,10,2020-10-01,Sudeste,SP,Comercial,9.01,35.9,71.34,95.7,28.8,601182,161.35,Crítico
2020,10,2020-10-01,Sudeste,RJ,Comercial,15.03,10.07,84.61,96.9,25.8,5652695,357.22,Baixo
2020,10,2020-10-01,Sudeste,RJ,Residencial,31.07,9.12,93.09,106.5,23.5,1453559,424.94,Médio
2020,10,2020-10-01,Sudeste,RJ,Público,5.08,44.37,16.58,208.2,29.2,4215729,130.73,Baixo
2020,10,2020-10-01,Sudeste,RJ,Agrícola,37.88,37.34,57.67,75.6,30.2,5699349,198.89,Médio
2020,10,2020-10-01,Sudeste,MG,Residencial,4.66,30.17,75.98,48.5,24.2,4052962,439.44,Baixo
2020,10,2020-10-01,Sudeste,MG,Público,30.09,34.7,69.53,79.3,26.3,5194827,392.12,Baixo
2020,10,2020-10-01,Sudeste,MG,Industrial,18.74,18.63,66.6,138.5,31.5,2762851,386.57,Crítico
2020,10,2020-10-01,Sudeste,ES,Comercial,23.26,13.49,68.54,64.2,22.6,947565,164.65,Médio
2020,10,2020-10-01,Sudeste,ES,Industrial,13.18,28.98,43.9,245.4,23.1,4770512,154.91,Alto
2020,10,2020-10-01,Sudeste,ES,Agrícola,23.95,30.04,99.77,100.0,25.5,764727,100.16,Alto
2020,10,2020-10-01,Sul,PR,Residencial,30.57,40.07,74.73,22.0,27.0,5217181,350.82,Médio
2020,10,2020-10-01,Sul,PR,Comercial,39.36,48.27,46.91,113.8,24.0,1801588,311.64,Alto
2020,10,2020-10-01,Sul,SC,Comercial,6.93,27.04,35.82,81.0,25.8,1963256,341.33,Médio
2020,10,2020-10-01,Sul,SC,Público,27.33,39.77,86.71,192.5,29.1,3189225,358.34,Crítico
2020,10,2020-10-01,Sul,RS,Residencial,16.75,13.31,43.28,43.9,26.8,5280532,127.93,Alto
2020,10,2020-10-01,Sul,RS,Residencial,11.58,17.08,78.32,115.5,26.0,3471516,392.88,Crítico
2020,11,2020-11-01,Norte,AM,Agrícola,18.64,51.72,83.93,38.0,28.6,2480512,366.02,Crítico
2020,11,2020-11-01,Norte,PA,Público,38.72,41.73,47.09,58.0,26.6,2552693,368.44,Crítico
2020,11,2020-11-01,Norte,PA,Industrial,10.44,8.61,85.74,149.0,23.7,518860,433.69,Médio
2020,11,2020-11-01,Norte,RO,Industrial,24.89,14.25,42.86,99.6,22.8,1664589,289.82,Médio
2020,11,2020-11-01,Norte,TO,Público,21.24,34.94,41.1,22.1,27.2,3724618,407.91,Baixo
2020,11,2020-11-01,Nordeste,BA,Agrícola,32.04,11.17,29.29,111.1,21.2,5014240,352.82,Crítico
2020,11,2020-11-01,Nordeste,BA,Público,6.42,24.36,60.27,128.2,16.5,4971594,368.55,Médio
2020,11,2020-11-01,Nordeste,PE,Agrícola,5.3,54.03,5.01,80.0,25.9,405978,215.92,Médio
2020,11,2020-11-01,Nordeste,PE,Público,15.78,53.97,83.25,184.0,25.3,552355,134.17,Baixo
2020,11,2020-11-01,Nordeste,CE,Industrial,10.24,18.02,6.34,206.8,23.7,4128105,425.38,Crítico
2020,11,2020-11-01,Nordeste,CE,Agrícola,2.08,36.97,92.26,148.6,21.9,5337288,205.71,Crítico
2020,11,2020-11-01,Nordeste,MA,Comercial,27.8,52.73,90.37,78.4,25.6,2338496,291.5,Baixo
2020,11,2020-11-01,Nordeste,PB,Agrícola,11.44,26.54,45.35,133.2,25.2,960663,323.49,Crítico
2020,11,2020-11-01,Centro-Oeste,DF,Residencial,9.92,17.92,61.42,92.9,26.8,3098863,80.66,Alto
2020,11,2020-11-01,Centro-Oeste,GO,Residencial,12.98,26.79,7.79,218.7,30.3,3020455,385.49,Médio
2020,11,2020-11-01,Centro-Oeste,GO,Residencial,19.18,42.18,57.55,41.0,25.7,5601174,396.22,Crítico
2020,11,2020-11-01,Centro-Oeste,MT,Industrial,3.98,54.82,37.27,152.6,31.0,4983999,439.39,Alto
2020,11,2020-11-01,Centro-Oeste,MS,Industrial,19.83,25.61,15.54,104.4,29.0,5090870,185.97,Médio
2020,11,2020-11-01,Sudeste,SP,Agrícola,7.23,13.73,69.57,98.4,27.5,5828307,177.53,Baixo
2020,11,2020-11-01,Sudeste,SP,Residencial,7.23,5.17,6.05,42.2,23.9,4641572,445.2,Alto
2020,11,2020-11-01,Sudeste,SP,Industrial,39.28,52.41,7.94,61.7,23.2,4071246,304.59,Médio
2020,11,2020-11-01,Sudeste,RJ,Agrícola,11.31,39.78,54.53,87.1,21.2,1958466,380.02,Médio
2020,11,2020-11-01,Sudeste,RJ,Residencial,3.22,33.83,77.42,38.2,28.2,2874304,191.11,Alto
2020,11,2020-11-01,Sudeste,RJ,Agrícola,22.71,20.48,7.18,61.1,26.7,5915089,113.69,Médio
2020,11,2020-11-01,Sudeste,RJ,Público,17.8,30.91,71.1,73.0,27.6,2195615,435.16,Médio
2020,11,2020-11-01,Sudeste,MG,Industrial,33.15,5.72,98.46,141.9,24.8,2406064,380.14,Crítico
2020,11,2020-11-01,Sudeste,MG,Agrícola,19.89,26.0,94.98,26.3,26.0,2874413,183.89,Baixo
2020,11,2020-11-01,Sudeste,MG,Público,28.43,35.59,78.58,32.7,28.1,4171077,258.06,Crítico
2020,11,2020-11-01,Sudeste,ES,Agrícola,38.56,29.26,6.28,188.5,24.4,299782,313.74,Crítico
2020,11,2020-11-01,Sudeste,ES,Agrícola,23.27,36.5,58.1,123.1,27.0,2591361,306.27,Alto
2020,11,2020-11-01,Sudeste,ES,Público,38.46,18.37,44.78,63.1,27.0,2466662,438.08,Alto
2020,11,2020-11-01,Sul,PR,Residencial,34.63,9.4,47.28,61.0,24.4,2096549,231.08,Médio
2020,11,2020-11-01,Sul,PR,Agrícola,25.96,41.26,62.9,48.3,27.5,2916308,112.57,Alto
2020,11,2020-11-01,Sul,SC,Residencial,26.33,31.02,60.03,175.6,26.6,5602823,215.38,Alto
2020,11,2020-11-01,Sul,SC,Comercial,35.37,6.91,76.94,53.5,18.5,2975682,283.58,Baixo
2020,11,2020-11-01,Sul,RS,Industrial,2.93,14.29,11.14,39.5,31.0,4938188,143.76,Alto
2020,11,2020-11-01,Sul,RS,Agrícola,14.96,48.4,84.42,86.0,24.3,3054709,383.65,Médio
2020,12,2020-12-01,Norte,AM,Agrícola,29.54,47.66,95.95,224.4,17.8,263679,281.7,Baixo
2020,12,2020-12-01,Norte,PA,Público,33.93,16.23,81.65,152.0,25.4,4392204,391.23,Baixo
2020,12,2020-12-01,Norte,PA,Comercial,13.34,21.59,61.85,134.7,32.0,602088,327.03,Crítico
2020,12,2020-12-01,Norte,RO,Comercial,20.32,19.16,59.5,84.7,25.2,4379410,299.14,Médio
2020,12,2020-12-01,Norte,TO,Industrial,13.84,54.88,29.88,116.1,28.8,2220584,100.43,Alto
2020,12,2020-12-01,Nordeste,BA,Agrícola,19.79,13.74,31.27,123.6,27.5,5629851,381.91,Médio
2020,12,2020-12-01,Nordeste,BA,Residencial,12.56,52.58,67.11,150.2,24.2,1638216,116.55,Crítico
2020,12,2020-12-01,Nordeste,PE,Agrícola,26.01,28.3,98.87,120.6,29.0,4280171,303.75,Médio
2020,12,2020-12-01,Nordeste,PE,Agrícola,21.17,44.99,74.66,101.6,22.7,2910262,418.31,Alto
2020,12,2020-12-01,Nordeste,CE,Residencial,30.65,38.46,38.63,221.5,27.4,4308447,361.44,Crítico
2020,12,2020-12-01,Nordeste,CE,Público,3.16,23.79,43.22,38.1,27.2,3775264,291.22,Médio
2020,12,2020-12-01,Nordeste,MA,Industrial,37.51,50.36,19.41,61.3,24.3,2217817,359.55,Alto
2020,12,2020-12-01,Nordeste,PB,Público,10.4,6.72,5.27,46.7,26.0,1716445,95.24,Crítico
2020,12,2020-12-01,Centro-Oeste,DF,Agrícola,27.87,49.41,87.34,17.2,25.1,2128987,83.58,Baixo
2020,12,2020-12-01,Centro-Oeste,GO,Comercial,29.75,46.41,84.93,85.6,25.4,3929590,445.7,Crítico
2020,12,2020-12-01,Centro-Oeste,GO,Residencial,39.16,50.37,84.85,43.4,25.8,5716074,388.78,Alto
2020,12,2020-12-01,Centro-Oeste,MT,Industrial,39.29,22.39,96.76,21.3,24.9,3599746,376.32,Crítico
2020,12,2020-12-01,Centro-Oeste,MS,Agrícola,26.77,10.25,16.78,65.8,29.2,1968702,444.64,Alto
2020,12,2020-12-01,Sudeste,SP,Público,29.57,7.19,21.55,251.0,24.9,129960,150.68,Crítico
2020,12,2020-12-01,Sudeste,SP,Agrícola,7.55,48.38,72.19,198.4,26.0,378441,87.53,Alto
2020,12,2020-12-01,Sudeste,SP,Residencial,13.73,31.02,12.99,122.6,25.1,1663247,435.69,Baixo
2020,12,2020-12-01,Sudeste,RJ,Público,21.47,53.14,64.2,71.8,27.4,3880409,106.7,Alto
2020,12,2020-12-01,Sudeste,RJ,Comercial,11.1,31.34,26.98,68.2,27.4,4085869,120.93,Crítico
2020,12,2020-12-01,Sudeste,RJ,Agrícola,39.39,32.14,51.23,166.5,21.7,4728937,353.69,Alto
2020,12,2020-12-01,Sudeste,RJ,Público,19.15,10.29,92.49,117.9,23.9,3821281,417.45,Alto
2020,12,2020-12-01,Sudeste,MG,Industrial,2.51,54.21,54.82,47.4,28.0,595361,402.3,Médio
2020,12,2020-12-01,Sudeste,MG,Público,26.0,28.44,20.33,36.2,28.9,4840757,348.34,Crítico
2020,12,2020-12-01,Sudeste,MG,Agrícola,38.71,22.36,65.72,64.2,23.0,1232907,410.78,Crítico
2020,12,2020-12-01,Sudeste,ES,Agrícola,39.0,54.4,36.52,84.3,26.0,4062414,403.04,Crítico
2020,12,2020-12-01,Sudeste,ES,Residencial,16.6,36.6,71.56,111.6,27.8,5781992,133.34,Baixo
2020,12,2020-12-01,Sudeste,ES,Industrial,26.81,54.59,11.26,164.1,24.1,5267317,422.69,Alto
2020,12,2020-12-01,Sul,PR,Industrial,38.64,9.36,38.84,151.7,26.3,5007942,121.49,Alto
2020,12,2020-12-01,Sul,PR,Público,30.07,10.31,58.04,89.2,26.6,5385967,245.51,Crítico
2020,12,2020-12-01,Sul,SC,Agrícola,14.63,21.53,33.03,8.7,22.9,2900009,158.66,Alto
2020,12,2020-12-01,Sul,SC,Industrial,20.33,41.18,42.72,22.2,21.9,2847413,362.32,Crítico
2020,12,2020-12-01,Sul,RS,Residencial,20.3,54.9,18.87,124.4,28.6,4424555,354.47,Crítico
2020,12,2020-12-01,Sul,RS,Público,3.54,21.62,14.06,95.2,27.4,4974648,136.86,Crítico
2021,1,2021-01-01,Norte,AM,Agrícola,29.46,52.38,37.41,95.8,23.4,2047305,420.4,Alto
2021,1,2021-01-01,Norte,PA,Agrícola,33.0,53.49,27.3,91.3,20.9,3343452,186.82,Baixo
2021,1,2021-01-01,Norte,PA,Residencial,20.47,33.35,50.43,149.7,22.6,1795459,278.51,Crítico
2021,1,2021-01-01,Norte,RO,Residencial,12.6,25.78,28.48,274.8,27.6,4905423,299.47,Médio
2021,1,2021-01-01,Norte,TO,Agrícola,22.73,31.35,57.47,110.6,28.7,1696322,301.09,Médio
2021,1,2021-01-01,Nordeste,BA,Residencial,24.08,50.8,99.92,103.2,22.9,4030036,179.05,Médio
2021,1,2021-01-01,Nordeste,BA,Industrial,34.7,29.0,89.71,128.7,22.4,4524896,356.27,Alto
2021,1,2021-01-01,Nordeste,PE,Público,31.01,41.61,52.1,117.2,28.0,1477321,370.46,Crítico
2021,1,2021-01-01,Nordeste,PE,Comercial,20.19,15.71,25.76,111.5,26.2,5525069,280.37,Médio
2021,1,2021-01-01,Nordeste,CE,Agrícola,38.85,52.13,36.53,95.7,26.9,1030358,325.03,Alto
2021,1,2021-01-01,Nordeste,CE,Público,10.79,15.29,98.24,82.4,22.2,149386,83.22,Médio
2021,1,2021-01-01,Nordeste,MA,Agrícola,25.16,50.4,70.9,189.7,25.2,1258392,102.3,Baixo
2021,1,2021-01-01,Nordeste,PB,Residencial,4.36,15.84,32.79,108.2,18.2,2897288,199.03,Crítico
2021,1,2021-01-01,Centro-Oeste,DF,Público,24.6,33.29,37.5,265.7,26.4,1691267,136.1,Médio
2021,1,2021-01-01,Centro-Oeste,GO,Agrícola,31.27,31.39,52.56,67.2,19.6,1309199,363.59,Alto
2021,1,2021-01-01,Centro-Oeste,GO,Público,4.73,27.05,38.41,111.0,28.3,4970764,233.76,Crítico
2021,1,2021-01-01,Centro-Oeste,MT,Agrícola,34.99,16.83,49.71,54.7,22.8,384858,305.17,Crítico
2021,1,2021-01-01,Centro-Oeste,MS,Residencial,4.38,20.16,79.04,34.3,27.1,5683022,322.53,Baixo
2021,1,2021-01-01,Sudeste,SP,Industrial,19.44,16.0,72.28,58.4,23.3,1701014,432.23,Alto
2021,1,2021-01-01,Sudeste,SP,Agrícola,37.1,35.49,24.38,54.1,28.9,3737258,223.16,Crítico
2021,1,2021-01-01,Sudeste,SP,Comercial,39.33,49.19,31.5,165.9,25.7,5368236,321.8,Baixo
2021,1,2021-01-01,Sudeste,RJ,Comercial,18.41,53.21,39.58,28.7,24.4,880528,159.63,Alto
2021,1,2021-01-01,Sudeste,RJ,Industrial,20.34,14.97,20.73,54.7,26.4,2114091,318.93,Alto
2021,1,2021-01-01,Sudeste,RJ,Agrícola,19.02,45.58,29.64,137.7,26.1,1068105,253.47,Médio
2021,1,2021-01-01,Sudeste,RJ,Industrial,24.75,9.37,66.38,58.4,23.3,1275846,298.68,Alto
2021,1,2021-01-01,Sudeste,MG,Agrícola,24.28,13.93,26.05,49.5,27.2,2344686,270.08,Alto
2021,1,2021-01-01,Sudeste,MG,Público,26.44,54.42,50.67,117.1,26.9,1062958,159.87,Alto
2021,1,2021-01-01,Sudeste,MG,Público,18.55,7.11,46.3,116.1,28.7,5153069,326.38,Alto
2021,1,2021-01-01,Sudeste,ES,Residencial,9.0,50.85,86.55,199.4,23.7,3037065,388.81,Alto
2021,1,2021-01-01,Sudeste,ES,Público,28.36,46.28,7.2,65.4,24.5,2018659,267.61,Médio
2021,1,2021-01-01,Sudeste,ES,Residencial,27.87,44.68,40.77,151.3,28.5,5760054,386.08,Médio
2021,1,2021-01-01,Sul,PR,Comercial,2.69,24.47,66.74,88.7,23.9,856817,145.26,Médio
2021,1,2021-01-01,Sul,PR,Agrícola,24.8,26.99,38.13,159.9,25.0,2279400,387.64,Baixo
2021,1,2021-01-01,Sul,SC,Público,19.86,8.05,37.67,54.6,24.3,275544,149.93,Baixo
2021,1,2021-01-01,Sul,SC,Industrial,4.63,9.33,5.06,76.7,30.1,4694551,299.31,Médio
2021,1,2021-01-01,Sul,RS,Comercial,26.65,51.36,16.82,63.1,27.1,1764509,260.25,Médio
2021,1,2021-01-01,Sul,RS,Público,20.94,6.73,51.29,173.4,27.2,2017490,181.05,Baixo
2021,2,2021-02-01,Norte,AM,Industrial,16.53,18.5,93.89,54.5,26.5,580903,427.27,Alto
2021,2,2021-02-01,Norte,PA,Industrial,27.08,24.56,23.48,251.9,26.2,2586023,234.64,Alto
2021,2,2021-02-01,Norte,PA,Agrícola,14.24,23.74,48.64,115.8,29.9,3192374,257.01,Baixo
2021,2,2021-02-01,Norte,RO,Industrial,14.28,23.53,96.88,46.5,25.9,3182470,280.84,Alto
2021,2,2021-02-01,Norte,TO,Agrícola,31.02,28.42,94.68,135.0,24.5,5875641,196.61,Crítico
2021,2,2021-02-01,Nordeste,BA,Comercial,31.26,40.32,68.15,90.9,23.3,2865474,302.8,Alto
2021,2,2021-02-01,Nordeste,BA,Agrícola,16.42,18.09,66.42,50.6,24.4,1598064,111.91,Crítico
2021,2,2021-02-01,Nordeste,PE,Público,17.38,43.09,78.58,75.8,22.1,1622436,295.06,Crítico
2021,2,2021-02-01,Nordeste,PE,Agrícola,28.85,44.47,83.77,134.3,26.4,3500309,112.75,Baixo
2021,2,2021-02-01,Nordeste,CE,Industrial,39.56,42.01,35.5,68.4,33.4,5609338,116.98,Baixo
2021,2,2021-02-01,Nordeste,CE,Industrial,11.8,28.3,88.82,88.7,27.7,2993288,320.34,Baixo
2021,2,2021-02-01,Nordeste,MA,Industrial,10.1,26.71,20.23,136.6,25.4,3246158,208.18,Alto
2021,2,2021-02-01,Nordeste,PB,Comercial,15.93,18.83,90.26,60.4,21.0,4183429,206.12,Baixo
2021,2,2021-02-01,Centro-Oeste,DF,Agrícola,21.68,27.54,62.51,126.6,24.1,2671850,193.24,Alto
2021,2,2021-02-01,Centro-Oeste,GO,Agrícola,15.31,45.44,6.61,33.0,33.0,3848994,105.81,Crítico
2021,2,2021-02-01,Centro-Oeste,GO,Industrial,25.33,34.66,37.87,43.7,28.9,4212380,124.02,Alto
2021,2,2021-02-01,Centro-Oeste,MT,Industrial,14.91,47.98,14.93,65.3,25.7,2190469,358.87,Crítico
2021,2,2021-02-01,Centro-Oeste,MS,Industrial,31.5,53.21,63.42,64.8,23.7,4732049,443.88,Baixo
2021,2,2021-02-01,Sudeste,SP,Agrícola,38.28,45.1,20.86,63.6,25.7,276211,302.72,Alto
2021,2,2021-02-01,Sudeste,SP,Público,23.76,29.78,65.13,44.8,17.3,2306892,141.23,Alto
2021,2,2021-02-01,Sudeste,SP,Agrícola,17.31,19.45,96.87,55.3,28.3,3234735,309.46,Baixo
2021,2,2021-02-01,Sudeste,RJ,Agrícola,4.21,39.15,35.75,26.7,28.5,3446565,140.43,Alto
2021,2,2021-02-01,Sudeste,RJ,Residencial,4.05,25.79,93.42,24.0,25.8,1488500,354.59,Crítico
2021,2,2021-02-01,Sudeste,RJ,Agrícola,23.42,49.29,17.54,65.4,29.0,1585498,302.11,Baixo
2021,2,2021-02-01,Sudeste,RJ,Industrial,39.79,9.79,57.0,79.9,29.8,1335116,362.61,Alto
2021,2,2021-02-01,Sudeste,MG,Industrial,30.5,17.53,39.53,76.1,23.3,1086262,150.49,Alto
2021,2,2021-02-01,Sudeste,MG,Comercial,24.24,54.66,36.44,55.0,23.1,3526529,312.61,Alto
2021,2,2021-02-01,Sudeste,MG,Residencial,30.97,29.7,50.75,67.1,22.7,2023237,340.75,Alto
2021,2,2021-02-01,Sudeste,ES,Agrícola,24.86,6.88,8.06,70.3,27.9,3522947,370.23,Alto
2021,2,2021-02-01,Sudeste,ES,Agrícola,13.95,29.89,20.85,114.8,27.1,3727570,277.95,Baixo
2021,2,2021-02-01,Sudeste,ES,Industrial,6.68,24.99,21.48,26.9,26.0,2827647,408.35,Alto
2021,2,2021-02-01,Sul,PR,Agrícola,21.83,48.13,22.69,24.1,29.3,5270055,214.57,Crítico
2021,2,2021-02-01,Sul,PR,Residencial,28.58,21.48,35.1,78.9,23.9,1019553,144.36,Baixo
2021,2,2021-02-01,Sul,SC,Comercial,28.77,42.78,80.45,141.3,30.5,2822492,187.51,Alto
2021,2,2021-02-01,Sul,SC,Residencial,39.51,38.98,43.81,99.2,27.6,4951670,340.46,Baixo
2021,2,2021-02-01,Sul,RS,Público,19.37,51.54,42.83,79.3,23.2,1265057,421.57,Alto
2021,2,2021-02-01,Sul,RS,Público,20.69,19.26,76.07,95.9,29.8,1396440,364.97,Médio
2021,3,2021-03-01,Norte,AM,Industrial,28.31,41.63,21.48,50.4,27.1,526055,235.61,Baixo
2021,3,2021-03-01,Norte,PA,Agrícola,32.63,7.95,88.69,166.2,25.7,2399965,262.87,Baixo
2021,3,2021-03-01,Norte,PA,Comercial,34.64,5.52,39.89,66.6,31.1,2351955,220.39,Crítico
2021,3,2021-03-01,Norte,RO,Público,13.27,48.77,23.66,77.6,24.2,4316125,369.6,Crítico
2021,3,2021-03-01,Norte,TO,Industrial,25.16,36.82,16.16,64.3,31.8,1868703,228.75,Alto
2021,3,2021-03-01,Nordeste,BA,Industrial,3.98,26.82,25.41,20.5,24.1,2765897,214.81,Médio
2021,3,2021-03-01,Nordeste,BA,Residencial,31.14,10.11,65.52,117.5,31.8,333948,436.0,Crítico
2021,3,2021-03-01,Nordeste,PE,Residencial,21.31,47.11,57.58,133.0,28.7,1704926,430.76,Crítico
2021,3,2021-03-01,Nordeste,PE,Residencial,19.31,50.0,69.97,198.5,25.7,1776564,379.12,Crítico
2021,3,2021-03-01,Nordeste,CE,Residencial,36.03,44.55,13.18,117.2,26.3,4146688,437.79,Baixo
2021,3,2021-03-01,Nordeste,CE,Industrial,25.78,10.13,92.33,158.7,26.9,4895702,352.46,Médio
2021,3,2021-03-01,Nordeste,MA,Residencial,14.26,48.54,14.5,84.4,20.9,358837,361.35,Baixo
2021,3,2021-03-01,Nordeste,PB,Comercial,4.73,22.52,9.58,219.0,24.6,1109962,349.24,Alto
2021,3,2021-03-01,Centro-Oeste,DF,Comercial,2.96,32.39,98.32,108.7,20.6,4323272,310.75,Alto
2021,3,2021-03-01,Centro-Oeste,GO,Comercial,18.81,36.05,6.05,33.5,29.6,3526438,377.81,Alto
2021,3,2021-03-01,Centro-Oeste,GO,Residencial,36.5,38.69,80.46,56.2,25.2,2640308,218.46,Alto
2021,3,2021-03-01,Centro-Oeste,MT,Industrial,38.78,32.73,79.13,138.1,25.1,1816716,166.6,Médio
2021,3,2021-03-01,Centro-Oeste,MS,Industrial,5.99,29.06,30.6,68.7,25.0,1562066,134.88,Crítico
2021,3,2021-03-01,Sudeste,SP,Comercial,30.48,28.02,37.83,79.4,27.2,1798005,393.15,Alto
2021,3,2021-03-01,Sudeste,SP,Residencial,26.12,32.41,50.38,105.8,23.8,3580618,215.88,Médio
2021,3,2021-03-01,Sudeste,SP,Residencial,32.83,11.26,72.53,57.0,26.5,3757241,368.63,Crítico
2021,3,2021-03-01,Sudeste,RJ,Industrial,26.29,49.78,43.61,106.2,23.3,3282145,271.99,Médio
2021,3,2021-03-01,Sudeste,RJ,Agrícola,25.74,11.98,8.83,167.2,20.7,954933,271.3,Alto
2021,3,2021-03-01,Sudeste,RJ,Industrial,32.55,26.72,44.89,89.2,28.1,3737681,345.03,Crítico
2021,3,2021-03-01,Sudeste,RJ,Industrial,14.36,31.0,71.87,22.8,29.1,4087611,264.09,Baixo
2021,3,2021-03-01,Sudeste,MG,Público,4.59,30.65,35.64,90.1,24.9,5291012,390.05,Médio
2021,3,2021-03-01,Sudeste,MG,Comercial,3.09,35.74,65.23,59.4,23.4,4260848,227.45,Alto
2021,3,2021-03-01,Sudeste,MG,Residencial,2.41,24.44,81.51,127.7,25.1,2941900,256.66,Médio
2021,3,2021-03-01,Sudeste,ES,Residencial,39.13,10.9,91.97,101.3,26.7,5355950,87.58,Médio
2021,3,2021-03-01,Sudeste,ES,Industrial,2.5,52.47,20.18,63.3,20.7,3669472,411.32,Médio
2021,3,2021-03-01,Sudeste,ES,Público,24.66,46.08,25.14,54.0,18.9,1969890,443.15,Alto
2021,3,2021-03-01,Sul,PR,Comercial,25.38,28.49,22.96,107.8,22.8,411839,339.09,Alto
2021,3,2021-03-01,Sul,PR,Público,30.74,39.61,47.28,75.7,26.3,5020289,232.25,Médio
2021,3,2021-03-01,Sul,SC,Comercial,22.89,49.24,39.07,107.4,26.2,1590172,89.02,Crítico
2021,3,2021-03-01,Sul,SC,Residencial,20.71,37.56,43.93,36.3,28.0,984987,379.93,Alto
2021,3,2021-03-01,Sul,RS,Público,9.04,33.82,57.95,16.1,28.0,2291856,94.73,Crítico
2021,3,2021-03-01,Sul,RS,Comercial,17.34,35.83,28.34,39.4,23.5,2499633,97.8,Crítico
2021,4,2021-04-01,Norte,AM,Industrial,37.44,32.27,27.98,50.4,26.8,428761,186.44,Alto
2021,4,2021-04-01,Norte,PA,Industrial,38.21,31.6,87.65,92.1,25.3,5147108,85.4,Baixo
2021,4,2021-04-01,Norte,PA,Industrial,2.14,14.51,77.12,124.7,22.8,3218906,342.03,Baixo
2021,4,2021-04-01,Norte,RO,Comercial,38.38,30.42,45.1,172.5,21.8,139760,105.48,Médio
2021,4,2021-04-01,Norte,TO,Residencial,38.52,22.81,9.01,29.6,25.6,5864875,422.11,Crítico
2021,4,2021-04-01,Nordeste,BA,Público,20.65,7.72,17.42,55.9,31.1,748162,134.71,Alto
2021,4,2021-04-01,Nordeste,BA,Público,37.48,12.77,54.07,59.3,27.7,2673634,113.2,Crítico
2021,4,2021-04-01,Nordeste,PE,Público,38.08,31.93,30.64,290.5,29.1,195884,315.45,Médio
2021,4,2021-04-01,Nordeste,PE,Residencial,27.1,25.12,88.18,94.0,16.0,1193568,270.22,Médio
2021,4,2021-04-01,Nordeste,CE,Residencial,13.22,26.25,62.06,60.1,20.4,1083352,287.08,Médio
2021,4,2021-04-01,Nordeste,CE,Comercial,5.41,26.84,16.85,93.5,21.3,4608539,314.97,Alto
2021,4,2021-04-01,Nordeste,MA,Industrial,33.92,20.65,55.5,35.7,24.0,3538959,85.01,Médio
2021,4,2021-04-01,Nordeste,PB,Comercial,24.96,38.34,53.0,64.7,31.1,1568074,92.37,Baixo
2021,4,2021-04-01,Centro-Oeste,DF,Industrial,2.11,17.1,61.55,130.1,22.8,5768202,229.61,Médio
2021,4,2021-04-01,Centro-Oeste,GO,Agrícola,3.22,14.98,58.15,394.8,25.3,5856951,184.31,Crítico
2021,4,2021-04-01,Centro-Oeste,GO,Industrial,8.8,42.45,39.39,63.2,27.1,4132489,139.95,Alto
2021,4,2021-04-01,Centro-Oeste,MT,Agrícola,2.69,18.7,87.24,156.0,22.9,5846231,237.54,Alto
2021,4,2021-04-01,Centro-Oeste,MS,Público,36.47,51.81,67.05,38.0,24.3,2158993,405.93,Baixo
2021,4,2021-04-01,Sudeste,SP,Industrial,28.75,42.88,16.71,234.4,19.1,677459,149.89,Alto
2021,4,2021-04-01,Sudeste,SP,Comercial,38.79,20.76,46.88,126.5,26.0,2788185,418.62,Médio
2021,4,2021-04-01,Sudeste,SP,Público,10.11,9.31,43.99,52.8,23.6,5773295,107.03,Crítico
2021,4,2021-04-01,Sudeste,RJ,Industrial,6.5,25.54,72.98,11.8,27.2,724929,292.56,Crítico
2021,4,2021-04-01,Sudeste,RJ,Público,25.89,17.89,62.71,48.6,24.6,5875486,402.05,Baixo
2021,4,2021-04-01,Sudeste,RJ,Público,5.59,25.11,37.13,153.4,21.6,5323317,408.88,Médio
2021,4,2021-04-01,Sudeste,RJ,Industrial,33.17,26.41,75.59,151.6,24.0,2389209,254.29,Crítico
2021,4,2021-04-01,Sudeste,MG,Industrial,36.92,17.19,42.13,73.3,25.1,2047786,143.41,Médio
2021,4,2021-04-01,Sudeste,MG,Público,27.51,36.57,46.87,83.0,28.4,3975517,398.1,Crítico
2021,4,2021-04-01,Sudeste,MG,Público,37.29,22.37,27.56,61.8,31.0,2248396,201.78,Crítico
2021,4,2021-04-01,Sudeste,ES,Agrícola,32.29,8.73,75.72,176.1,25.4,3057286,430.55,Alto
2021,4,2021-04-01,Sudeste,ES,Residencial,8.48,27.44,19.62,49.4,28.2,1249387,319.23,Crítico
2021,4,2021-04-01,Sudeste,ES,Público,18.33,28.33,67.82,103.2,25.5,5944006,158.84,Baixo
2021,4,2021-04-01,Sul,PR,Comercial,15.96,5.35,66.1,132.0,27.7,4600695,135.35,Médio
2021,4,2021-04-01,Sul,PR,Comercial,12.58,32.51,72.32,208.1,28.8,2396766,333.99,Médio
2021,4,2021-04-01,Sul,SC,Industrial,4.82,47.36,47.22,70.9,24.9,5939542,436.89,Baixo
2021,4,2021-04-01,Sul,SC,Agrícola,37.17,10.15,46.76,39.3,25.8,2979981,296.05,Médio
2021,4,2021-04-01,Sul,RS,Público,8.52,44.86,38.24,263.9,20.0,655794,411.85,Crítico
2021,4,2021-04-01,Sul,RS,Industrial,20.02,43.01,91.75,101.3,32.1,2432920,108.14,Baixo
2021,5,2021-05-01,Norte,AM,Residencial,31.08,6.57,53.19,195.4,25.8,4880216,197.35,Baixo
2021,5,2021-05-01,Norte,PA,Industrial,20.64,8.85,52.03,173.4,32.1,453799,204.64,Baixo
2021,5,2021-05-01,Norte,PA,Industrial,5.08,5.72,32.43,179.7,28.5,1855298,167.92,Alto
2021,5,2021-05-01,Norte,RO,Público,22.43,9.08,70.74,60.9,31.9,286568,295.91,Baixo
2021,5,2021-05-01,Norte,TO,Público,29.98,25.2,90.29,50.0,27.8,1728495,302.22,Crítico
2021,5,2021-05-01,Nordeste,BA,Agrícola,24.27,31.53,11.84,41.7,28.9,1738017,103.81,Crítico
2021,5,2021-05-01,Nordeste,BA,Agrícola,22.42,42.87,25.34,176.9,28.3,1111897,105.0,Médio
2021,5,2021-05-01,Nordeste,PE,Industrial,37.41,20.23,89.71,53.7,32.0,1350968,323.39,Baixo
2021,5,2021-05-01,Nordeste,PE,Comercial,23.42,44.29,17.04,143.1,25.5,1077862,389.31,Baixo
2021,5,2021-05-01,Nordeste,CE,Industrial,39.91,45.18,67.17,104.5,27.3,844537,242.49,Crítico
2021,5,2021-05-01,Nordeste,CE,Industrial,16.33,52.55,18.45,72.9,28.3,128197,94.94,Alto
2021,5,2021-05-01,Nordeste,MA,Público,20.84,39.36,9.98,122.7,27.5,510678,221.73,Crítico
2021,5,2021-05-01,Nordeste,PB,Comercial,7.28,42.38,12.92,230.0,27.3,3319351,200.56,Crítico
2021,5,2021-05-01,Centro-Oeste,DF,Público,19.33,15.87,73.99,141.3,28.1,4582868,355.51,Baixo
2021,5,2021-05-01,Centro-Oeste,GO,Industrial,39.37,50.03,79.17,194.0,25.4,290142,135.15,Alto
2021,5,2021-05-01,Centro-Oeste,GO,Residencial,14.59,49.63,98.35,62.8,31.2,2868720,198.19,Médio
2021,5,2021-05-01,Centro-Oeste,MT,Industrial,12.16,17.38,71.53,186.0,23.8,2350682,174.73,Crítico
2021,5,2021-05-01,Centro-Oeste,MS,Agrícola,33.35,16.94,38.04,118.2,26.9,3438114,296.82,Crítico
2021,5,2021-05-01,Sudeste,SP,Industrial,34.57,6.33,13.51,48.7,30.2,5258218,149.21,Baixo
2021,5,2021-05-01,Sudeste,SP,Agrícola,13.44,52.98,36.81,128.0,26.6,4669862,164.05,Crítico
2021,5,2021-05-01,Sudeste,SP,Público,35.68,30.97,79.36,108.6,27.1,1339699,284.7,Alto
2021,5,2021-05-01,Sudeste,RJ,Público,25.45,49.49,27.37,73.5,24.1,5287414,169.15,Alto
2021,5,2021-05-01,Sudeste,RJ,Comercial,37.4,37.5,9.35,137.8,29.3,1021955,133.69,Baixo
2021,5,2021-05-01,Sudeste,RJ,Agrícola,15.26,28.96,35.68,56.0,29.9,3517779,152.87,Médio
2021,5,2021-05-01,Sudeste,RJ,Público,33.86,26.81,36.66,78.7,25.7,5514743,377.47,Crítico
2021,5,2021-05-01,Sudeste,MG,Comercial,9.77,49.12,42.44,122.1,22.4,476634,246.3,Crítico
2021,5,2021-05-01,Sudeste,MG,Comercial,3.61,23.34,46.62,105.7,23.3,5741188,265.7,Médio
2021,5,2021-05-01,Sudeste,MG,Agrícola,25.26,40.9,25.12,28.4,22.6,3478933,359.66,Baixo
2021,5,2021-05-01,Sudeste,ES,Residencial,28.79,42.07,68.93,168.1,27.5,1342381,263.43,Médio
2021,5,2021-05-01,Sudeste,ES,Comercial,31.11,25.22,33.19,21.1,26.2,5242955,375.41,Alto
2021,5,2021-05-01,Sudeste,ES,Industrial,14.07,35.22,72.56,191.0,21.7,4538546,324.11,Crítico
2021,5,2021-05-01,Sul,PR,Residencial,16.09,49.85,11.33,208.4,27.3,1764447,447.15,Crítico
2021,5,2021-05-01,Sul,PR,Comercial,35.8,54.24,40.59,29.1,26.8,5554346,253.75,Alto
2021,5,2021-05-01,Sul,SC,Residencial,14.59,23.39,75.09,50.4,26.3,4541178,426.59,Crítico
2021,5,2021-05-01,Sul,SC,Residencial,11.15,53.45,18.88,99.0,29.7,3145271,385.99,Alto
2021,5,2021-05-01,Sul,RS,Público,15.82,37.57,77.59,173.9,24.0,3442871,424.09,Médio
2021,5,2021-05-01,Sul,RS,Comercial,37.93,39.41,68.91,28.3,20.7,1346283,287.41,Alto
2021,6,2021-06-01,Norte,AM,Residencial,23.74,21.58,96.89,81.4,24.2,3461679,157.06,Crítico
2021,6,2021-06-01,Norte,PA,Industrial,10.41,53.04,41.5,105.7,23.6,465224,328.16,Baixo
2021,6,2021-06-01,Norte,PA,Comercial,35.99,5.94,40.4,121.6,26.0,1842592,254.23,Médio
2021,6,2021-06-01,Norte,RO,Público,3.96,7.06,14.22,170.3,26.0,1791467,286.88,Crítico
2021,6,2021-06-01,Norte,TO,Industrial,17.0,7.77,35.29,63.8,30.8,331266,222.95,Médio
2021,6,2021-06-01,Nordeste,BA,Público,23.86,54.13,44.73,34.5,29.4,564595,311.64,Crítico
2021,6,2021-06-01,Nordeste,BA,Industrial,10.38,47.68,81.7,60.6,21.2,1964291,355.67,Alto
2021,6,2021-06-01,Nordeste,PE,Industrial,22.34,27.14,24.75,88.4,30.9,5114510,371.75,Baixo
2021,6,2021-06-01,Nordeste,PE,Agrícola,36.28,44.45,79.63,80.1,27.5,3721522,416.87,Crítico
2021,6,2021-06-01,Nordeste,CE,Residencial,3.05,29.49,15.04,193.4,27.0,5495363,320.71,Crítico
2021,6,2021-06-01,Nordeste,CE,Agrícola,31.21,43.96,42.04,121.5,24.1,920049,435.35,Baixo
2021,6,2021-06-01,Nordeste,MA,Industrial,17.43,13.17,43.82,85.8,24.8,1816418,348.68,Médio
2021,6,2021-06-01,Nordeste,PB,Comercial,29.98,40.67,30.14,103.2,26.4,2572413,132.73,Médio
2021,6,2021-06-01,Centro-Oeste,DF,Residencial,19.6,48.79,32.14,123.7,30.2,3050252,173.49,Alto
2021,6,2021-06-01,Centro-Oeste,GO,Residencial,22.86,41.81,27.13,159.2,24.7,3667194,124.15,Baixo
2021,6,2021-06-01,Centro-Oeste,GO,Comercial,17.89,45.89,96.7,95.7,26.8,4538447,328.92,Baixo
2021,6,2021-06-01,Centro-Oeste,MT,Industrial,2.87,37.74,30.02,159.4,26.5,1910741,193.53,Médio
2021,6,2021-06-01,Centro-Oeste,MS,Industrial,20.38,20.44,29.61,145.4,26.3,3227717,418.02,Médio
2021,6,2021-06-01,Sudeste,SP,Industrial,23.98,27.65,8.71,125.3,28.0,4590892,137.31,Médio
2021,6,2021-06-01,Sudeste,SP,Residencial,28.83,27.99,59.02,131.7,19.2,742238,161.98,Crítico
2021,6,2021-06-01,Sudeste,SP,Comercial,16.87,5.31,18.98,153.8,28.9,2228624,205.01,Crítico
2021,6,2021-06-01,Sudeste,RJ,Comercial,26.41,35.86,7.34,118.9,25.4,1742007,86.63,Alto
2021,6,2021-06-01,Sudeste,RJ,Comercial,4.65,29.14,69.7,31.8,28.1,230003,234.27,Baixo
2021,6,2021-06-01,Sudeste,RJ,Comercial,2.47,6.81,56.42,133.7,28.8,5813040,359.9,Médio
2021,6,2021-06-01,Sudeste,RJ,Industrial,39.09,42.74,92.56,47.6,26.9,1169045,301.83,Baixo
2021,6,2021-06-01,Sudeste,MG,Público,15.78,34.24,52.51,136.5,23.7,4610232,369.57,Crítico
2021,6,2021-06-01,Sudeste,MG,Agrícola,23.4,37.64,93.74,80.7,22.3,5787891,155.93,Médio
2021,6,2021-06-01,Sudeste,MG,Residencial,37.01,23.32,50.58,32.3,24.5,4116404,172.54,Médio
2021,6,2021-06-01,Sudeste,ES,Público,26.63,47.11,19.71,122.3,25.7,4418707,167.95,Médio
2021,6,2021-06-01,Sudeste,ES,Comercial,9.6,31.2,28.08,141.5,25.2,831437,446.73,Baixo
2021,6,2021-06-01,Sudeste,ES,Comercial,3.91,44.12,76.05,160.5,23.5,3424258,190.71,Alto
2021,6,2021-06-01,Sul,PR,Comercial,17.77,54.05,19.43,68.0,28.9,5392010,442.4,Crítico
2021,6,2021-06-01,Sul,PR,Público,36.08,23.25,61.73,161.0,28.5,3775085,430.21,Médio
2021,6,2021-06-01,Sul,SC,Agrícola,16.81,39.08,19.83,34.8,23.6,1491767,425.56,Alto
2021,6,2021-06-01,Sul,SC,Industrial,26.39,38.63,38.28,124.3,27.7,634723,97.06,Alto
2021,6,2021-06-01,Sul,RS,Agrícola,15.92,26.8,71.97,90.1,31.2,5767013,293.36,Médio
2021,6,2021-06-01,Sul,RS,Residencial,36.17,45.13,23.22,161.3,28.4,2572123,223.68,Crítico
2021,7,2021-07-01,Norte,AM,Público,27.14,42.5,39.34,126.9,26.8,4283454,379.51,Médio
2021,7,2021-07-01,Norte,PA,Comercial,9.12,12.15,29.5,138.3,26.0,4572566,340.77,Médio
2021,7,2021-07-01,Norte,PA,Agrícola,28.96,41.61,79.61,51.2,24.0,1987339,279.73,Médio
2021,7,2021-07-01,Norte,RO,Público,14.35,7.22,14.14,44.3,24.0,2342834,82.11,Crítico
2021,7,2021-07-01,Norte,TO,Agrícola,17.55,6.68,65.82,98.3,22.8,4052935,300.07,Crítico
2021,7,2021-07-01,Nordeste,BA,Público,22.14,21.01,82.77,77.4,27.4,2701050,121.75,Alto
2021,7,2021-07-01,Nordeste,BA,Industrial,25.76,18.33,35.36,207.7,26.6,1541637,198.18,Crítico
2021,7,2021-07-01,Nordeste,PE,Público,26.04,29.06,13.39,57.0,28.4,173684,134.77,Médio
2021,7,2021-07-01,Nordeste,PE,Agrícola,26.05,50.02,65.07,58.0,26.3,872408,97.61,Alto
2021,7,2021-07-01,Nordeste,CE,Agrícola,18.55,45.48,75.77,98.3,23.0,2750705,217.24,Alto
2021,7,2021-07-01,Nordeste,CE,Agrícola,13.93,7.88,24.28,79.7,24.5,1163957,98.5,Médio
2021,7,2021-07-01,Nordeste,MA,Industrial,28.57,44.18,89.52,117.0,21.9,4227878,416.22,Crítico
2021,7,2021-07-01,Nordeste,PB,Público,21.98,37.36,55.03,103.8,21.2,4515881,123.6,Baixo
2021,7,2021-07-01,Centro-Oeste,DF,Residencial,38.24,40.35,87.87,52.9,29.9,4901147,190.4,Alto
2021,7,2021-07-01,Centro-Oeste,GO,Agrícola,21.9,28.12,95.14,169.0,23.2,4883097,332.68,Baixo
2021,7,2021-07-01,Centro-Oeste,GO,Comercial,3.36,53.89,22.16,88.9,23.6,1576181,395.55,Médio
2021,7,2021-07-01,Centro-Oeste,MT,Residencial,30.5,29.32,74.1,60.5,26.7,3245732,338.07,Crítico
2021,7,2021-07-01,Centro-Oeste,MS,Agrícola,18.12,46.65,71.55,38.4,23.8,2716939,338.22,Crítico
2021,7,2021-07-01,Sudeste,SP,Público,21.11,22.79,22.17,139.1,30.9,2257096,226.28,Médio
2021,7,2021-07-01,Sudeste,SP,Industrial,33.34,34.06,63.38,27.9,29.4,1032517,129.88,Baixo
2021,7,2021-07-01,Sudeste,SP,Comercial,36.82,17.46,45.83,111.1,32.3,1220987,146.73,Baixo
2021,7,2021-07-01,Sudeste,RJ,Público,24.12,25.1,23.36,192.0,23.9,4866134,286.64,Médio
2021,7,2021-07-01,Sudeste,RJ,Agrícola,36.94,27.34,35.86,76.4,25.9,3184520,154.06,Crítico
2021,7,2021-07-01,Sudeste,RJ,Residencial,20.17,42.42,79.1,143.3,25.7,5706697,154.22,Alto
2021,7,2021-07-01,Sudeste,RJ,Agrícola,33.04,22.04,45.86,44.3,18.4,5665961,165.84,Crítico
2021,7,2021-07-01,Sudeste,MG,Público,10.3,12.86,65.1,107.4,23.8,5156531,291.16,Crítico
2021,7,2021-07-01,Sudeste,MG,Agrícola,7.42,15.99,89.87,142.0,26.0,2841706,253.51,Baixo
2021,7,2021-07-01,Sudeste,MG,Comercial,20.98,34.67,45.18,70.9,25.4,5773974,150.5,Crítico
2021,7,2021-07-01,Sudeste,ES,Público,6.1,20.1,50.58,142.3,28.0,1097785,445.1,Médio
2021,7,2021-07-01,Sudeste,ES,Comercial,23.67,35.0,79.23,71.5,23.9,5257237,86.19,Baixo
2021,7,2021-07-01,Sudeste,ES,Agrícola,2.84,8.67,45.75,55.3,27.3,4765923,427.34,Alto
2021,7,2021-07-01,Sul,PR,Industrial,10.37,46.33,54.31,140.2,22.0,2901989,355.98,Médio
2021,7,2021-07-01,Sul,PR,Agrícola,9.65,12.64,60.84,107.2,26.1,2291253,397.64,Crítico
2021,7,2021-07-01,Sul,SC,Residencial,6.52,27.59,17.72,104.8,24.3,1820370,162.73,Crítico
2021,7,2021-07-01,Sul,SC,Residencial,36.84,25.69,83.63,10.9,27.4,4999990,152.9,Crítico
2021,7,2021-07-01,Sul,RS,Público,25.44,40.91,54.43,172.0,28.0,2466878,165.54,Médio
2021,7,2021-07-01,Sul,RS,Agrícola,8.46,18.76,96.46,116.6,22.6,1059027,308.85,Médio
2021,8,2021-08-01,Norte,AM,Residencial,10.57,30.97,86.24,87.6,24.2,3690806,267.1,Alto
2021,8,2021-08-01,Norte,PA,Agrícola,39.68,32.95,81.28,289.8,25.1,4067282,315.74,Alto
2021,8,2021-08-01,Norte,PA,Público,30.75,41.38,9.34,59.1,25.0,2866432,327.45,Crítico
2021,8,2021-08-01,Norte,RO,Comercial,22.37,50.58,37.57,144.9,25.2,4431127,230.05,Alto
2021,8,2021-08-01,Norte,TO,Industrial,4.43,37.55,54.04,84.8,24.5,1159460,128.08,Baixo
2021,8,2021-08-01,Nordeste,BA,Comercial,25.31,16.05,66.98,141.2,30.0,4167004,242.71,Baixo
2021,8,2021-08-01,Nordeste,BA,Residencial,21.6,36.49,77.54,53.5,26.2,1474770,303.69,Baixo
2021,8,2021-08-01,Nordeste,PE,Residencial,24.97,14.92,71.02,38.4,23.7,4909279,444.6,Alto
2021,8,2021-08-01,Nordeste,PE,Comercial,32.45,17.84,85.14,51.7,29.5,4552007,146.16,Crítico
2021,8,2021-08-01,Nordeste,CE,Residencial,28.3,21.62,89.99,98.0,24.2,5018293,327.68,Médio
2021,8,2021-08-01,Nordeste,CE,Agrícola,17.53,48.61,39.0,82.6,26.5,5229327,406.14,Alto
2021,8,2021-08-01,Nordeste,MA,Industrial,22.23,40.66,22.28,96.6,28.7,2999416,310.84,Crítico
2021,8,2021-08-01,Nordeste,PB,Residencial,34.35,21.27,55.59,109.1,22.8,3668140,124.46,Médio
2021,8,2021-08-01,Centro-Oeste,DF,Agrícola,33.9,20.88,78.58,174.1,26.5,2884965,266.6,Crítico
2021,8,2021-08-01,Centro-Oeste,GO,Comercial,7.27,42.98,46.96,92.9,31.7,2117400,160.14,Médio
2021,8,2021-08-01,Centro-Oeste,GO,Comercial,37.95,43.99,85.98,154.8,25.2,4050661,347.49,Baixo
2021,8,2021-08-01,Centro-Oeste,MT,Agrícola,3.91,19.25,43.3,127.2,25.2,1550008,345.39,Crítico
2021,8,2021-08-01,Centro-Oeste,MS,Público,11.62,7.98,78.47,62.8,31.1,5962046,321.23,Baixo
2021,8,2021-08-01,Sudeste,SP,Público,36.41,21.2,17.63,78.8,24.5,5870499,148.89,Crítico
2021,8,2021-08-01,Sudeste,SP,Agrícola,29.87,38.81,45.49,126.6,20.7,4035760,354.23,Crítico
2021,8,2021-08-01,Sudeste,SP,Industrial,13.24,17.24,32.35,45.0,33.9,1321879,185.76,Crítico
2021,8,2021-08-01,Sudeste,RJ,Público,9.95,41.34,64.47,81.3,25.9,4965900,323.77,Baixo
2021,8,2021-08-01,Sudeste,RJ,Público,12.24,32.08,47.56,120.5,27.9,4600229,197.9,Crítico
2021,8,2021-08-01,Sudeste,RJ,Público,35.37,45.56,47.13,71.6,26.1,642713,298.29,Médio
2021,8,2021-08-01,Sudeste,RJ,Residencial,34.31,18.75,72.72,101.2,25.4,3503979,132.02,Alto
2021,8,2021-08-01,Sudeste,MG,Agrícola,9.05,5.12,10.0,34.1,24.4,4107793,284.04,Alto
2021,8,2021-08-01,Sudeste,MG,Agrícola,18.33,5.27,82.91,59.8,23.7,967561,108.01,Alto
2021,8,2021-08-01,Sudeste,MG,Industrial,2.04,29.7,20.21,83.2,26.8,4993704,446.61,Alto
2021,8,2021-08-01,Sudeste,ES,Residencial,27.25,14.69,49.3,280.3,25.3,2737031,424.52,Alto
2021,8,2021-08-01,Sudeste,ES,Público,26.04,39.25,68.5,60.8,24.9,841065,195.37,Crítico
2021,8,2021-08-01,Sudeste,ES,Agrícola,3.77,7.05,53.99,85.9,23.1,3733522,237.51,Médio
2021,8,2021-08-01,Sul,PR,Comercial,34.26,18.86,23.67,73.9,31.1,4495296,97.49,Baixo
2021,8,2021-08-01,Sul,PR,Agrícola,7.46,12.97,17.11,139.6,27.8,5625468,80.16,Crítico
2021,8,2021-08-01,Sul,SC,Residencial,7.21,40.26,41.55,24.9,25.5,1348771,130.85,Baixo
2021,8,2021-08-01,Sul,SC,Agrícola,31.98,51.41,46.42,49.2,25.3,3332860,176.19,Médio
2021,8,2021-08-01,Sul,RS,Industrial,18.79,39.47,27.67,74.0,26.9,3638826,304.85,Alto
2021,8,2021-08-01,Sul,RS,Comercial,8.95,49.29,81.11,212.4,25.7,4476014,267.79,Crítico
2021,9,2021-09-01,Norte,AM,Residencial,14.03,19.78,30.16,55.0,28.6,715441,359.72,Baixo
2021,9,2021-09-01,Norte,PA,Agrícola,6.32,21.34,49.68,120.0,25.8,2058425,345.47,Alto
2021,9,2021-09-01,Norte,PA,Comercial,37.27,6.25,36.71,47.7,20.6,3184944,391.1,Alto
2021,9,2021-09-01,Norte,RO,Residencial,10.11,54.22,41.18,149.0,31.2,4899914,391.15,Crítico
2021,9,2021-09-01,Norte,TO,Industrial,39.19,16.74,53.0,56.8,27.4,2745814,266.87,Médio
2021,9,2021-09-01,Nordeste,BA,Industrial,36.27,38.92,75.47,29.3,25.1,3997264,368.21,Alto
2021,9,2021-09-01,Nordeste,BA,Residencial,4.06,23.82,85.68,129.9,23.6,3217242,399.71,Crítico
2021,9,2021-09-01,Nordeste,PE,Comercial,32.3,46.72,51.01,55.6,19.5,5449927,328.06,Médio
2021,9,2021-09-01,Nordeste,PE,Agrícola,25.18,28.01,98.49,147.6,20.4,4019761,285.16,Médio
2021,9,2021-09-01,Nordeste,CE,Público,29.43,50.35,96.37,100.1,24.2,5356564,121.94,Crítico
2021,9,2021-09-01,Nordeste,CE,Comercial,36.82,44.66,88.39,88.7,24.1,4260967,331.0,Médio
2021,9,2021-09-01,Nordeste,MA,Residencial,10.47,10.44,78.46,50.7,24.2,440794,171.51,Baixo
2021,9,2021-09-01,Nordeste,PB,Comercial,11.39,29.56,9.58,34.0,25.1,5339256,297.25,Baixo
2021,9,2021-09-01,Centro-Oeste,DF,Comercial,9.85,36.8,40.83,83.5,23.4,3188988,146.68,Alto
2021,9,2021-09-01,Centro-Oeste,GO,Agrícola,13.2,27.89,85.81,114.7,17.0,2907258,88.25,Alto
2021,9,2021-09-01,Centro-Oeste,GO,Comercial,14.97,16.9,24.82,127.7,26.3,1494730,159.56,Médio
2021,9,2021-09-01,Centro-Oeste,MT,Industrial,26.8,17.7,61.22,67.1,26.1,1389420,417.81,Baixo
2021,9,2021-09-01,Centro-Oeste,MS,Agrícola,12.25,22.02,41.58,165.8,22.4,2937524,302.74,Médio
2021,9,2021-09-01,Sudeste,SP,Residencial,36.88,43.68,85.17,82.9,27.8,3127245,358.99,Médio
2021,9,2021-09-01,Sudeste,SP,Comercial,38.14,48.88,69.18,48.3,25.3,2030376,341.82,Alto
2021,9,2021-09-01,Sudeste,SP,Agrícola,8.89,31.86,99.81,181.8,35.6,106335,171.95,Alto
2021,9,2021-09-01,Sudeste,RJ,Industrial,16.26,23.64,13.08,72.1,26.7,1008709,333.85,Médio
2021,9,2021-09-01,Sudeste,RJ,Agrícola,26.16,16.17,70.34,117.1,27.8,3955084,150.92,Alto
2021,9,2021-09-01,Sudeste,RJ,Agrícola,36.15,8.73,54.69,152.7,28.5,1453070,436.55,Alto
2021,9,2021-09-01,Sudeste,RJ,Residencial,25.29,7.58,58.91,50.5,25.2,1933038,109.14,Crítico
2021,9,2021-09-01,Sudeste,MG,Residencial,18.18,49.96,81.78,36.1,23.7,1442587,148.78,Médio
2021,9,2021-09-01,Sudeste,MG,Industrial,33.32,45.86,23.86,127.7,22.7,3240905,156.45,Alto
2021,9,2021-09-01,Sudeste,MG,Residencial,11.74,32.84,50.21,48.5,25.6,2864007,145.69,Baixo
2021,9,2021-09-01,Sudeste,ES,Industrial,8.64,8.52,93.94,21.9,24.8,2615234,116.99,Baixo
2021,9,2021-09-01,Sudeste,ES,Público,37.57,38.2,86.61,65.4,23.1,3281589,348.29,Baixo
2021,9,2021-09-01,Sudeste,ES,Industrial,30.93,35.77,5.96,73.1,23.6,4298945,211.33,Médio
2021,9,2021-09-01,Sul,PR,Comercial,27.79,28.41,69.03,40.2,23.3,3219493,167.73,Crítico
2021,9,2021-09-01,Sul,PR,Agrícola,8.89,9.76,98.45,84.4,26.8,924188,117.37,Baixo
2021,9,2021-09-01,Sul,SC,Agrícola,26.84,24.32,11.7,36.9,25.0,3993520,413.77,Baixo
2021,9,2021-09-01,Sul,SC,Industrial,4.49,25.96,18.65,129.2,25.4,3092257,170.56,Alto
2021,9,2021-09-01,Sul,RS,Industrial,13.82,53.73,58.75,65.3,23.4,1735447,449.86,Médio
2021,9,2021-09-01,Sul,RS,Industrial,38.94,27.83,88.04,203.7,26.2,2110696,338.44,Médio
2021,10,2021-10-01,Norte,AM,Agrícola,35.02,15.03,85.05,162.9,29.1,4234829,238.62,Crítico
2021,10,2021-10-01,Norte,PA,Residencial,18.08,12.1,38.28,145.3,23.9,5597003,246.43,Baixo
2021,10,2021-10-01,Norte,PA,Agrícola,14.92,32.0,71.64,81.3,26.0,4467655,92.57,Baixo
2021,10,2021-10-01,Norte,RO,Residencial,9.2,11.99,74.2,104.9,26.8,3415762,399.15,Médio
2021,10,2021-10-01,Norte,TO,Industrial,15.66,37.95,87.61,98.9,27.6,4358387,304.14,Crítico
2021,10,2021-10-01,Nordeste,BA,Público,18.1,47.38,50.79,54.0,24.9,2128690,323.7,Baixo
2021,10,2021-10-01,Nordeste,BA,Comercial,38.54,38.8,71.87,90.0,26.1,1200542,286.63,Alto
2021,10,2021-10-01,Nordeste,PE,Comercial,35.45,33.87,64.55,93.4,24.7,5363542,297.38,Crítico
2021,10,2021-10-01,Nordeste,PE,Residencial,7.47,36.51,8.06,140.4,28.2,5902972,130.96,Baixo
2021,10,2021-10-01,Nordeste,CE,Agrícola,11.49,46.17,82.81,141.6,25.6,1406031,180.54,Crítico
2021,10,2021-10-01,Nordeste,CE,Industrial,17.68,11.13,61.55,140.0,25.6,5113781,385.57,Alto
2021,10,2021-10-01,Nordeste,MA,Industrial,21.52,49.27,31.16,16.9,27.9,5613656,162.6,Alto
2021,10,2021-10-01,Nordeste,PB,Agrícola,37.4,8.27,44.41,89.3,25.6,115864,100.13,Alto
2021,10,2021-10-01,Centro-Oeste,DF,Comercial,38.74,49.29,53.44,116.2,22.4,851217,348.95,Crítico
2021,10,2021-10-01,Centro-Oeste,GO,Residencial,37.46,8.4,44.56,105.0,27.1,1020396,211.84,Baixo
2021,10,2021-10-01,Centro-Oeste,GO,Residencial,24.65,29.75,35.58,29.8,27.4,5383370,109.98,Médio
2021,10,2021-10-01,Centro-Oeste,MT,Residencial,34.11,8.56,8.26,52.6,21.6,4995907,215.46,Médio
2021,10,2021-10-01,Centro-Oeste,MS,Industrial,27.32,14.84,27.25,84.2,28.6,4135063,82.34,Alto
2021,10,2021-10-01,Sudeste,SP,Industrial,32.08,16.59,80.53,38.9,23.1,335073,202.75,Médio
2021,10,2021-10-01,Sudeste,SP,Residencial,39.54,22.82,99.25,146.9,26.9,5546535,201.57,Baixo
2021,10,2021-10-01,Sudeste,SP,Industrial,35.53,9.3,27.78,114.8,23.7,5114347,197.38,Crítico
2021,10,2021-10-01,Sudeste,RJ,Público,11.66,43.54,11.57,63.9,29.5,2134756,265.23,Baixo
2021,10,2021-10-01,Sudeste,RJ,Agrícola,7.6,33.78,68.1,128.9,28.7,1600078,190.6,Crítico
2021,10,2021-10-01,Sudeste,RJ,Comercial,27.74,45.69,25.5,178.1,23.2,5865608,91.17,Crítico
2021,10,2021-10-01,Sudeste,RJ,Público,11.0,5.42,43.56,147.6,25.1,1816498,245.42,Baixo
2021,10,2021-10-01,Sudeste,MG,Comercial,17.68,54.41,25.31,101.3,29.6,2057918,223.67,Médio
2021,10,2021-10-01,Sudeste,MG,Público,8.35,52.4,84.24,199.9,26.0,2521799,295.39,Alto
2021,10,2021-10-01,Sudeste,MG,Residencial,14.44,22.6,47.79,48.2,32.1,3499418,142.62,Médio
2021,10,2021-10-01,Sudeste,ES,Comercial,6.02,37.67,11.7,164.2,28.8,3093818,350.22,Baixo
2021,10,2021-10-01,Sudeste,ES,Público,36.51,13.13,52.1,197.6,28.0,2908917,158.41,Baixo
2021,10,2021-10-01,Sudeste,ES,Industrial,25.57,14.75,36.11,33.1,29.8,5005904,257.59,Médio
2021,10,2021-10-01,Sul,PR,Industrial,6.74,45.16,22.02,198.9,28.6,4039351,408.53,Médio
2021,10,2021-10-01,Sul,PR,Público,11.09,30.17,26.05,74.2,22.9,663913,82.87,Baixo
2021,10,2021-10-01,Sul,SC,Agrícola,9.4,15.22,76.85,83.9,21.8,4982993,177.16,Médio
2021,10,2021-10-01,Sul,SC,Industrial,32.2,43.95,19.4,43.2,26.6,4536273,385.15,Baixo
2021,10,2021-10-01,Sul,RS,Público,21.61,32.23,66.29,52.8,23.5,5774410,162.54,Baixo
2021,10,2021-10-01,Sul,RS,Industrial,5.4,24.35,54.08,166.9,21.2,1667814,117.54,Médio
2021,11,2021-11-01,Norte,AM,Agrícola,13.69,41.59,10.35,220.8,28.5,1764678,151.17,Médio
2021,11,2021-11-01,Norte,PA,Público,21.79,24.24,89.17,97.9,28.7,1135031,183.39,Médio
2021,11,2021-11-01,Norte,PA,Industrial,12.13,29.73,10.53,60.4,27.5,2352168,221.56,Crítico
2021,11,2021-11-01,Norte,RO,Industrial,32.03,43.68,9.24,47.2,27.6,1549187,296.93,Baixo
2021,11,2021-11-01,Norte,TO,Agrícola,4.7,9.1,34.14,305.2,22.2,1456638,255.24,Crítico
2021,11,2021-11-01,Nordeste,BA,Público,37.44,43.1,38.23,70.5,22.5,5991939,340.74,Crítico
2021,11,2021-11-01,Nordeste,BA,Público,3.41,26.94,88.31,86.3,23.3,2518426,236.42,Médio
2021,11,2021-11-01,Nordeste,PE,Público,11.15,30.42,72.57,308.1,31.7,5300499,366.5,Alto
2021,11,2021-11-01,Nordeste,PE,Industrial,12.89,34.63,36.86,109.5,32.0,463600,214.0,Baixo
2021,11,2021-11-01,Nordeste,CE,Comercial,19.54,6.65,48.05,108.6,26.3,4858595,373.72,Médio
2021,11,2021-11-01,Nordeste,CE,Industrial,30.53,47.06,8.72,26.3,26.2,3503182,129.95,Médio
2021,11,2021-11-01,Nordeste,MA,Industrial,10.12,50.32,39.25,39.7,23.3,4260259,254.68,Baixo
2021,11,2021-11-01,Nordeste,PB,Industrial,16.69,37.32,55.36,120.4,23.9,3155752,398.33,Baixo
2021,11,2021-11-01,Centro-Oeste,DF,Comercial,31.63,17.45,84.66,48.4,29.5,2183452,449.11,Médio
2021,11,2021-11-01,Centro-Oeste,GO,Comercial,20.28,19.45,61.21,178.2,26.5,2093560,443.22,Alto
2021,11,2021-11-01,Centro-Oeste,GO,Industrial,19.88,37.97,99.63,88.8,29.2,3492196,156.66,Médio
2021,11,2021-11-01,Centro-Oeste,MT,Residencial,15.94,12.99,79.5,47.6,24.4,4760800,345.34,Crítico
2021,11,2021-11-01,Centro-Oeste,MS,Agrícola,10.64,40.9,16.15,83.6,23.9,2844734,241.55,Médio
2021,11,2021-11-01,Sudeste,SP,Comercial,35.97,42.74,60.78,163.6,26.6,301162,228.99,Médio
2021,11,2021-11-01,Sudeste,SP,Residencial,3.35,29.8,87.26,101.1,24.0,3577791,205.0,Médio
2021,11,2021-11-01,Sudeste,SP,Residencial,7.87,11.85,75.17,22.4,27.0,2515623,133.98,Médio
2021,11,2021-11-01,Sudeste,RJ,Comercial,22.4,49.9,73.26,55.2,22.4,3069634,139.79,Baixo
2021,11,2021-11-01,Sudeste,RJ,Comercial,2.65,34.61,94.84,39.8,23.9,3200672,286.13,Médio
2021,11,2021-11-01,Sudeste,RJ,Residencial,38.31,44.99,76.47,22.0,27.7,2472611,215.65,Crítico
2021,11,2021-11-01,Sudeste,RJ,Público,3.29,35.49,42.09,24.8,29.0,683822,168.53,Alto
2021,11,2021-11-01,Sudeste,MG,Industrial,2.13,15.53,49.16,80.1,27.3,4432583,333.66,Crítico
2021,11,2021-11-01,Sudeste,MG,Agrícola,29.24,38.05,34.82,88.8,28.4,2917392,88.04,Médio
2021,11,2021-11-01,Sudeste,MG,Comercial,19.74,39.26,95.8,37.4,17.1,2317628,392.99,Crítico
2021,11,2021-11-01,Sudeste,ES,Industrial,24.13,40.05,22.53,171.0,28.9,3855812,149.05,Médio
2021,11,2021-11-01,Sudeste,ES,Industrial,10.5,34.91,11.01,145.7,28.5,4290072,93.76,Alto
2021,11,2021-11-01,Sudeste,ES,Residencial,19.54,36.38,75.96,89.2,24.9,796558,358.67,Médio
2021,11,2021-11-01,Sul,PR,Público,22.44,13.59,54.26,62.8,29.6,394064,87.61,Alto
2021,11,2021-11-01,Sul,PR,Agrícola,35.26,17.82,58.54,107.3,24.6,1806168,198.99,Médio
2021,11,2021-11-01,Sul,SC,Residencial,38.86,5.97,29.31,58.2,19.3,4182227,347.27,Crítico
2021,11,2021-11-01,Sul,SC,Residencial,12.03,17.39,81.03,128.9,24.7,5395048,375.64,Alto
2021,11,2021-11-01,Sul,RS,Comercial,31.7,18.8,22.86,99.4,20.4,4767068,280.31,Alto
2021,11,2021-11-01,Sul,RS,Agrícola,35.26,11.1,12.63,146.5,28.2,3428175,95.02,Médio
2021,12,2021-12-01,Norte,AM,Público,14.88,35.84,62.32,32.4,28.3,4617057,254.27,Baixo
2021,12,2021-12-01,Norte,PA,Público,25.57,13.52,41.02,41.4,22.7,3092609,433.87,Crítico
2021,12,2021-12-01,Norte,PA,Agrícola,38.6,18.28,30.49,201.1,22.1,3671305,180.03,Baixo
2021,12,2021-12-01,Norte,RO,Residencial,11.61,33.31,27.96,73.1,24.0,2945017,153.61,Alto
2021,12,2021-12-01,Norte,TO,Comercial,18.68,25.34,86.45,38.4,22.0,2692237,339.2,Crítico
2021,12,2021-12-01,Nordeste,BA,Público,4.22,36.29,93.37,77.0,28.8,3770780,449.17,Alto
2021,12,2021-12-01,Nordeste,BA,Industrial,35.79,8.82,32.65,26.3,29.0,553278,200.67,Baixo
2021,12,2021-12-01,Nordeste,PE,Comercial,14.88,15.99,55.37,70.2,23.7,4674155,345.66,Médio
2021,12,2021-12-01,Nordeste,PE,Público,34.73,7.96,91.26,202.8,23.2,3770348,213.68,Crítico
2021,12,2021-12-01,Nordeste,CE,Agrícola,17.8,49.0,13.37,113.9,21.8,4934525,447.94,Crítico
2021,12,2021-12-01,Nordeste,CE,Público,7.7,54.09,53.03,60.9,22.0,5931408,159.69,Baixo
2021,12,2021-12-01,Nordeste,MA,Agrícola,19.13,5.42,90.12,48.8,23.2,2572042,197.74,Alto
2021,12,2021-12-01,Nordeste,PB,Público,27.54,52.03,42.39,84.5,25.5,1720946,265.29,Médio
2021,12,2021-12-01,Centro-Oeste,DF,Comercial,21.99,36.41,54.09,139.0,23.5,3759318,229.85,Alto
2021,12,2021-12-01,Centro-Oeste,GO,Comercial,29.45,42.64,38.03,48.2,26.8,949305,223.93,Médio
2021,12,2021-12-01,Centro-Oeste,GO,Residencial,29.42,37.26,38.99,62.3,25.2,4035514,363.64,Alto
2021,12,2021-12-01,Centro-Oeste,MT,Público,12.07,41.17,24.41,56.7,21.4,5297108,178.37,Crítico
2021,12,2021-12-01,Centro-Oeste,MS,Público,33.57,32.1,32.77,224.1,28.5,4934194,274.41,Médio
2021,12,2021-12-01,Sudeste,SP,Agrícola,9.27,45.97,34.47,118.6,22.9,555926,244.88,Alto
2021,12,2021-12-01,Sudeste,SP,Público,4.35,51.32,79.03,202.9,23.7,4774654,432.71,Alto
2021,12,2021-12-01,Sudeste,SP,Industrial,16.5,31.82,67.06,77.0,24.6,1539671,199.17,Alto
2021,12,2021-12-01,Sudeste,RJ,Público,36.96,34.92,46.87,133.4,27.2,269247,429.51,Alto
2021,12,2021-12-01,Sudeste,RJ,Comercial,34.91,19.97,88.93,113.2,34.8,2016234,251.67,Alto
2021,12,2021-12-01,Sudeste,RJ,Comercial,5.07,20.83,6.32,136.5,29.9,1870288,440.41,Baixo
2021,12,2021-12-01,Sudeste,RJ,Residencial,38.95,21.92,71.81,102.9,25.5,4627324,341.06,Médio
2021,12,2021-12-01,Sudeste,MG,Industrial,9.87,23.58,83.44,40.7,22.5,1315304,157.28,Alto
2021,12,2021-12-01,Sudeste,MG,Comercial,36.3,36.88,12.21,86.2,34.0,1054678,399.69,Baixo
2021,12,2021-12-01,Sudeste,MG,Público,2.95,26.02,30.68,127.8,29.5,3457997,232.78,Alto
2021,12,2021-12-01,Sudeste,ES,Comercial,8.34,29.15,63.92,93.6,29.2,4836642,85.55,Médio
2021,12,2021-12-01,Sudeste,ES,Agrícola,9.04,8.84,78.37,99.9,29.1,737507,232.88,Crítico
2021,12,2021-12-01,Sudeste,ES,Industrial,26.86,29.11,51.46,59.7,20.5,5903814,273.67,Crítico
2021,12,2021-12-01,Sul,PR,Comercial,6.16,15.06,70.6,197.1,27.8,4679606,421.69,Médio
2021,12,2021-12-01,Sul,PR,Público,35.05,30.63,12.54,71.6,26.5,3656113,291.51,Alto
2021,12,2021-12-01,Sul,SC,Residencial,24.02,50.93,45.11,69.4,24.3,5782077,125.43,Médio
2021,12,2021-12-01,Sul,SC,Agrícola,30.93,54.06,80.77,40.5,19.8,2037521,156.86,Baixo
2021,12,2021-12-01,Sul,RS,Residencial,22.05,22.18,14.75,116.9,22.5,2046675,329.63,Baixo
2021,12,2021-12-01,Sul,RS,Público,11.78,30.71,60.67,77.6,25.9,4385385,178.47,Médio
2022,1,2022-01-01,Norte,AM,Industrial,39.31,34.35,36.39,186.6,23.2,2846944,224.04,Baixo
2022,1,2022-01-01,Norte,PA,Residencial,20.44,5.65,40.99,162.3,23.2,632992,171.01,Baixo
2022,1,2022-01-01,Norte,PA,Comercial,24.89,13.55,46.46,21.8,26.1,5353301,250.12,Médio
2022,1,2022-01-01,Norte,RO,Residencial,19.03,37.85,72.0,36.6,24.9,1041626,333.44,Baixo
2022,1,2022-01-01,Norte,TO,Comercial,17.94,37.91,89.62,59.5,30.8,292698,387.33,Baixo
2022,1,2022-01-01,Nordeste,BA,Comercial,33.84,51.99,88.04,40.8,27.3,1278058,203.44,Médio
2022,1,2022-01-01,Nordeste,BA,Comercial,31.74,28.32,78.68,175.7,24.8,949504,367.84,Baixo
2022,1,2022-01-01,Nordeste,PE,Residencial,30.84,27.34,37.04,97.8,24.0,688367,300.72,Alto
2022,1,2022-01-01,Nordeste,PE,Agrícola,17.57,54.58,79.54,149.9,26.9,2203429,256.33,Crítico
2022,1,2022-01-01,Nordeste,CE,Comercial,31.15,21.86,12.41,52.2,26.6,1000989,280.51,Médio
2022,1,2022-01-01,Nordeste,CE,Industrial,38.86,26.12,54.29,54.3,28.1,2621639,281.51,Médio
2022,1,2022-01-01,Nordeste,MA,Agrícola,31.37,20.98,50.89,260.0,25.9,4628108,228.49,Crítico
2022,1,2022-01-01,Nordeste,PB,Residencial,17.0,46.59,74.56,148.3,27.2,1271683,133.04,Crítico
2022,1,2022-01-01,Centro-Oeste,DF,Agrícola,18.71,32.0,32.13,99.3,26.6,3976254,266.27,Crítico
2022,1,2022-01-01,Centro-Oeste,GO,Agrícola,26.62,23.44,22.4,89.1,26.7,4411461,240.25,Alto
2022,1,2022-01-01,Centro-Oeste,GO,Industrial,38.17,7.66,82.12,90.3,25.5,5466361,82.87,Alto
2022,1,2022-01-01,Centro-Oeste,MT,Residencial,38.68,25.4,27.06,192.6,27.0,2704738,88.74,Alto
2022,1,2022-01-01,Centro-Oeste,MS,Público,10.63,8.91,6.03,148.7,29.5,307672,318.06,Alto
2022,1,2022-01-01,Sudeste,SP,Residencial,24.6,11.68,81.1,154.7,28.8,1465808,279.86,Baixo
2022,1,2022-01-01,Sudeste,SP,Agrícola,21.06,38.56,89.07,79.4,25.8,3872937,306.51,Alto
2022,1,2022-01-01,Sudeste,SP,Público,39.85,27.4,48.65,141.9,27.4,353560,238.4,Médio
2022,1,2022-01-01,Sudeste,RJ,Público,13.92,43.73,93.79,78.1,23.8,3559381,428.58,Baixo
2022,1,2022-01-01,Sudeste,RJ,Comercial,9.29,53.75,62.07,92.7,29.5,488180,414.03,Crítico
2022,1,2022-01-01,Sudeste,RJ,Público,17.72,21.23,88.41,69.0,26.5,3224186,417.75,Alto
2022,1,2022-01-01,Sudeste,RJ,Público,14.44,44.3,48.71,94.8,32.0,1264940,312.18,Crítico
2022,1,2022-01-01,Sudeste,MG,Público,33.5,32.52,10.13,184.7,26.7,2404381,234.91,Médio
2022,1,2022-01-01,Sudeste,MG,Público,14.4,28.27,37.42,71.0,22.6,2147952,343.1,Alto
2022,1,2022-01-01,Sudeste,MG,Público,6.15,35.06,45.89,79.2,29.3,3085006,281.8,Baixo
2022,1,2022-01-01,Sudeste,ES,Público,3.67,49.49,91.83,177.6,29.9,1899006,119.62,Alto
2022,1,2022-01-01,Sudeste,ES,Industrial,7.37,12.22,85.07,29.8,21.3,4339382,287.93,Médio
2022,1,2022-01-01,Sudeste,ES,Agrícola,5.04,11.96,88.19,39.3,24.9,5911381,94.67,Alto
2022,1,2022-01-01,Sul,PR,Comercial,7.57,39.0,68.77,36.9,31.2,3440803,373.48,Alto
2022,1,2022-01-01,Sul,PR,Comercial,17.5,11.3,79.26,133.0,23.5,3981728,324.27,Crítico
2022,1,2022-01-01,Sul,SC,Agrícola,7.15,48.99,31.51,143.7,21.7,3012178,397.55,Baixo
2022,1,2022-01-01,Sul,SC,Público,6.3,25.04,12.35,133.9,28.2,2937373,151.89,Baixo
2022,1,2022-01-01,Sul,RS,Comercial,9.75,49.96,25.13,107.6,34.6,4768081,361.75,Baixo
2022,1,2022-01-01,Sul,RS,Agrícola,30.12,22.39,18.04,89.8,30.0,4565656,357.3,Crítico
2022,2,2022-02-01,Norte,AM,Agrícola,2.6,42.5,9.35,96.7,26.1,3323177,160.22,Alto
2022,2,2022-02-01,Norte,PA,Agrícola,5.43,51.83,51.4,47.8,29.1,5447972,413.73,Crítico
2022,2,2022-02-01,Norte,PA,Comercial,5.5,40.03,9.37,212.5,23.5,5187967,202.41,Alto
2022,2,2022-02-01,Norte,RO,Residencial,7.69,39.14,80.56,86.9,25.0,3410807,366.45,Alto
2022,2,2022-02-01,Norte,TO,Industrial,7.48,49.87,72.38,305.8,26.3,3333542,164.04,Crítico
2022,2,2022-02-01,Nordeste,BA,Público,31.78,35.11,76.61,45.8,28.3,630410,429.21,Alto
2022,2,2022-02-01,Nordeste,BA,Público,23.26,6.93,25.58,47.0,27.9,5777646,373.05,Médio
2022,2,2022-02-01,Nordeste,PE,Comercial,11.98,42.85,37.28,74.5,28.3,202900,398.41,Médio
2022,2,2022-02-01,Nordeste,PE,Público,14.55,40.6,71.92,52.5,29.8,3438713,112.17,Crítico
2022,2,2022-02-01,Nordeste,CE,Agrícola,31.74,31.06,60.1,56.9,27.3,5824319,143.06,Baixo
2022,2,2022-02-01,Nordeste,CE,Agrícola,11.61,18.75,54.14,77.9,24.6,348023,307.01,Crítico
2022,2,2022-02-01,Nordeste,MA,Residencial,38.3,29.61,32.47,107.6,28.9,3301232,366.1,Médio
2022,2,2022-02-01,Nordeste,PB,Comercial,37.11,8.92,87.67,130.8,21.1,1640884,198.91,Alto
2022,2,2022-02-01,Centro-Oeste,DF,Agrícola,30.62,7.66,33.44,76.0,25.1,2236827,248.83,Baixo
2022,2,2022-02-01,Centro-Oeste,GO,Comercial,35.57,49.99,33.18,72.2,20.0,5110728,267.74,Baixo
2022,2,2022-02-01,Centro-Oeste,GO,Industrial,33.57,14.63,40.03,104.3,27.2,5761023,298.43,Médio
2022,2,2022-02-01,Centro-Oeste,MT,Comercial,30.43,53.3,48.34,38.3,23.6,5955476,103.93,Baixo
2022,2,2022-02-01,Centro-Oeste,MS,Comercial,30.43,34.17,11.86,230.6,24.4,2209043,412.56,Médio
2022,2,2022-02-01,Sudeste,SP,Residencial,4.46,43.43,17.04,234.7,29.3,4743330,151.07,Médio
2022,2,2022-02-01,Sudeste,SP,Industrial,3.25,6.88,54.05,91.8,23.4,4288037,383.46,Baixo
2022,2,2022-02-01,Sudeste,SP,Comercial,7.37,54.68,30.5,107.2,23.5,3200143,384.4,Médio
2022,2,2022-02-01,Sudeste,RJ,Público,20.17,50.72,39.02,147.3,27.2,503195,190.42,Alto
2022,2,2022-02-01,Sudeste,RJ,Comercial,35.64,19.25,13.46,218.0,24.9,825682,404.96,Médio
2022,2,2022-02-01,Sudeste,RJ,Agrícola,4.96,20.15,90.04,44.5,24.0,379992,160.9,Médio
2022,2,2022-02-01,Sudeste,RJ,Residencial,38.5,12.55,18.73,256.5,24.3,5564384,260.3,Crítico
2022,2,2022-02-01,Sudeste,MG,Comercial,22.42,49.53,93.88,250.3,22.1,212238,358.35,Baixo
2022,2,2022-02-01,Sudeste,MG,Residencial,23.68,11.13,66.28,102.7,26.3,1344755,309.33,Alto
2022,2,2022-02-01,Sudeste,MG,Público,2.26,9.42,83.25,59.5,26.9,2006487,376.81,Crítico
2022,2,2022-02-01,Sudeste,ES,Industrial,33.68,6.79,40.23,133.8,25.1,4730583,219.43,Médio
2022,2,2022-02-01,Sudeste,ES,Industrial,18.39,39.11,93.0,175.4,27.6,3071356,280.43,Alto
2022,2,2022-02-01,Sudeste,ES,Comercial,8.9,17.5,32.63,40.3,20.7,5517865,380.71,Baixo
2022,2,2022-02-01,Sul,PR,Público,27.1,6.9,33.65,51.2,31.0,2391324,92.85,Médio
2022,2,2022-02-01,Sul,PR,Industrial,26.23,13.31,21.43,64.3,26.5,752987,337.58,Médio
2022,2,2022-02-01,Sul,SC,Comercial,18.34,41.57,84.17,61.6,24.5,2125463,333.46,Baixo
2022,2,2022-02-01,Sul,SC,Industrial,19.51,10.41,28.33,122.5,29.0,5036384,217.41,Crítico
2022,2,2022-02-01,Sul,RS,Residencial,10.2,21.76,5.73,257.0,28.2,1688903,414.94,Crítico
2022,2,2022-02-01,Sul,RS,Público,3.82,19.68,75.87,132.1,26.8,1196784,351.07,Médio
2022,3,2022-03-01,Norte,AM,Comercial,2.37,40.28,43.36,214.6,27.3,5952981,449.67,Crítico
2022,3,2022-03-01,Norte,PA,Agrícola,34.03,43.54,27.14,216.6,25.8,4564962,302.04,Baixo
2022,3,2022-03-01,Norte,PA,Residencial,25.53,53.23,10.23,47.3,28.1,4310735,156.92,Crítico
2022,3,2022-03-01,Norte,RO,Comercial,29.84,52.06,50.97,62.1,21.7,3068260,209.54,Crítico
2022,3,2022-03-01,Norte,TO,Comercial,17.79,36.4,34.54,103.1,28.5,4390134,374.35,Baixo
2022,3,2022-03-01,Nordeste,BA,Público,28.86,50.03,9.9,114.1,29.1,5267399,404.27,Médio
2022,3,2022-03-01,Nordeste,BA,Industrial,17.0,25.64,77.06,107.4,28.3,5455732,131.17,Alto
2022,3,2022-03-01,Nordeste,PE,Agrícola,17.85,30.51,19.88,47.2,27.3,2083066,170.66,Baixo
2022,3,2022-03-01,Nordeste,PE,Comercial,4.95,37.27,48.15,89.1,25.2,590413,268.51,Alto
2022,3,2022-03-01,Nordeste,CE,Público,23.29,52.06,52.71,206.3,27.6,1435301,202.07,Médio
2022,3,2022-03-01,Nordeste,CE,Público,32.94,47.34,84.04,40.0,21.7,4227219,424.87,Baixo
2022,3,2022-03-01,Nordeste,MA,Público,21.61,49.02,88.91,64.4,23.8,1347924,374.14,Baixo
2022,3,2022-03-01,Nordeste,PB,Residencial,23.04,53.16,42.35,59.7,23.9,2629461,343.77,Alto
2022,3,2022-03-01,Centro-Oeste,DF,Comercial,19.66,51.88,24.97,7.9,26.3,4061683,124.39,Crítico
2022,3,2022-03-01,Centro-Oeste,GO,Residencial,19.44,40.89,78.72,119.4,20.7,3050171,135.89,Médio
2022,3,2022-03-01,Centro-Oeste,GO,Residencial,13.79,44.67,76.0,78.8,31.0,751886,432.22,Alto
2022,3,2022-03-01,Centro-Oeste,MT,Agrícola,3.49,24.34,8.04,182.9,19.8,394369,205.83,Crítico
2022,3,2022-03-01,Centro-Oeste,MS,Agrícola,37.29,51.99,12.95,207.5,24.5,5691696,387.07,Baixo
2022,3,2022-03-01,Sudeste,SP,Agrícola,3.29,27.52,57.03,127.1,24.5,2122544,105.42,Alto
2022,3,2022-03-01,Sudeste,SP,Industrial,12.09,24.3,51.17,17.1,23.5,2715374,201.89,Alto
2022,3,2022-03-01,Sudeste,SP,Residencial,16.23,54.69,42.56,71.6,24.3,2807273,133.9,Crítico
2022,3,2022-03-01,Sudeste,RJ,Público,21.59,8.02,62.12,152.8,29.0,4337165,413.33,Médio
2022,3,2022-03-01,Sudeste,RJ,Público,39.43,32.72,47.51,72.5,25.7,2286807,143.49,Baixo
2022,3,2022-03-01,Sudeste,RJ,Público,8.98,25.69,77.43,99.5,25.5,4827530,311.78,Crítico
2022,3,2022-03-01,Sudeste,RJ,Industrial,33.39,27.87,56.53,196.1,25.3,5743896,285.86,Médio
2022,3,2022-03-01,Sudeste,MG,Industrial,34.65,32.57,10.05,91.2,26.1,521266,174.35,Crítico
2022,3,2022-03-01,Sudeste,MG,Residencial,33.49,17.9,88.47,201.6,27.6,5243705,126.33,Alto
2022,3,2022-03-01,Sudeste,MG,Industrial,21.99,9.85,81.42,153.1,29.1,3744913,400.56,Alto
2022,3,2022-03-01,Sudeste,ES,Comercial,32.79,23.96,6.87,184.6,25.0,5619385,387.86,Médio
2022,3,2022-03-01,Sudeste,ES,Comercial,30.5,11.49,19.2,62.8,24.8,657688,121.3,Alto
2022,3,2022-03-01,Sudeste,ES,Comercial,6.7,17.23,29.35,51.9,27.6,3120537,117.89,Alto
2022,3,2022-03-01,Sul,PR,Industrial,18.9,29.04,72.64,51.4,34.7,132773,262.84,Baixo
2022,3,2022-03-01,Sul,PR,Residencial,33.13,46.38,38.1,182.6,23.9,218598,84.06,Crítico
2022,3,2022-03-01,Sul,SC,Residencial,38.44,51.69,84.65,124.1,23.9,5025284,142.95,Alto
2022,3,2022-03-01,Sul,SC,Público,25.72,8.41,36.81,287.5,21.7,4616948,438.67,Alto
2022,3,2022-03-01,Sul,RS,Residencial,22.84,15.35,40.59,64.6,20.7,5128425,112.41,Alto
2022,3,2022-03-01,Sul,RS,Residencial,16.23,17.25,53.28,48.2,28.8,4972723,369.96,Baixo
2022,4,2022-04-01,Norte,AM,Industrial,39.8,10.83,83.64,131.1,26.1,602600,116.71,Baixo
2022,4,2022-04-01,Norte,PA,Residencial,3.14,18.45,86.69,97.1,23.6,3505195,221.84,Alto
2022,4,2022-04-01,Norte,PA,Comercial,26.17,47.11,64.57,145.1,30.7,972948,225.69,Alto
2022,4,2022-04-01,Norte,RO,Agrícola,25.75,12.3,70.22,193.3,24.2,2157206,157.55,Médio
2022,4,2022-04-01,Norte,TO,Industrial,28.73,42.84,91.28,33.8,23.6,4399269,300.68,Médio
2022,4,2022-04-01,Nordeste,BA,Industrial,12.16,24.31,14.32,128.3,23.8,5457298,124.12,Crítico
2022,4,2022-04-01,Nordeste,BA,Comercial,10.07,7.9,61.96,86.6,23.9,299834,103.67,Alto
2022,4,2022-04-01,Nordeste,PE,Público,18.04,52.37,65.94,128.2,22.5,2445575,311.98,Crítico
2022,4,2022-04-01,Nordeste,PE,Comercial,9.29,32.45,86.15,166.7,30.6,3969861,411.05,Baixo
2022,4,2022-04-01,Nordeste,CE,Agrícola,5.55,51.33,29.48,110.3,27.1,1581421,123.41,Crítico
2022,4,2022-04-01,Nordeste,CE,Agrícola,27.49,17.59,95.91,40.7,24.1,5993483,84.3,Alto
2022,4,2022-04-01,Nordeste,MA,Agrícola,32.56,23.51,69.08,80.0,25.7,5637055,339.68,Médio
2022,4,2022-04-01,Nordeste,PB,Industrial,39.38,29.05,19.54,29.2,23.0,1616227,134.96,Médio
2022,4,2022-04-01,Centro-Oeste,DF,Industrial,4.22,46.8,86.76,63.2,24.3,4724480,407.9,Crítico
2022,4,2022-04-01,Centro-Oeste,GO,Comercial,30.99,11.63,15.0,96.9,24.6,5885650,165.68,Baixo
2022,4,2022-04-01,Centro-Oeste,GO,Público,6.15,25.3,81.49,223.2,31.1,5954343,387.6,Baixo
2022,4,2022-04-01,Centro-Oeste,MT,Agrícola,34.5,9.06,17.73,126.6,24.0,1291261,320.91,Baixo
2022,4,2022-04-01,Centro-Oeste,MS,Industrial,12.9,6.66,28.87,22.0,33.2,3687718,291.86,Crítico
2022,4,2022-04-01,Sudeste,SP,Público,22.46,6.13,13.59,112.7,21.5,4056904,90.5,Crítico
2022,4,2022-04-01,Sudeste,SP,Residencial,11.66,17.81,79.98,70.6,27.3,5146651,423.59,Baixo
2022,4,2022-04-01,Sudeste,SP,Agrícola,32.77,53.03,12.07,39.8,28.6,2245026,448.84,Baixo
2022,4,2022-04-01,Sudeste,RJ,Industrial,36.9,38.62,42.04,58.8,22.9,660427,123.36,Crítico
2022,4,2022-04-01,Sudeste,RJ,Agrícola,34.74,36.71,90.02,48.5,31.1,4519401,182.07,Alto
2022,4,2022-04-01,Sudeste,RJ,Comercial,33.66,18.51,24.06,77.1,28.1,815743,365.25,Alto
2022,4,2022-04-01,Sudeste,RJ,Industrial,18.66,31.38,55.29,119.5,27.9,5660752,258.23,Alto
2022,4,2022-04-01,Sudeste,MG,Comercial,15.69,5.5,67.79,126.2,27.0,5874479,407.8,Médio
2022,4,2022-04-01,Sudeste,MG,Público,23.89,47.26,6.34,204.8,32.5,2924508,428.78,Alto
2022,4,2022-04-01,Sudeste,MG,Agrícola,32.48,8.56,54.52,102.1,24.6,682538,111.12,Crítico
2022,4,2022-04-01,Sudeste,ES,Público,32.23,6.42,50.89,38.4,26.5,2487669,89.1,Crítico
2022,4,2022-04-01,Sudeste,ES,Público,29.23,16.92,5.53,61.2,23.2,5839070,119.68,Baixo
2022,4,2022-04-01,Sudeste,ES,Agrícola,20.25,5.81,34.45,84.5,21.0,746515,207.64,Crítico
2022,4,2022-04-01,Sul,PR,Comercial,13.24,19.35,67.17,45.6,25.1,1264126,299.97,Alto
2022,4,2022-04-01,Sul,PR,Comercial,36.78,31.77,80.01,72.9,25.7,3255522,394.07,Médio
2022,4,2022-04-01,Sul,SC,Residencial,4.66,5.77,87.99,234.8,29.0,203944,401.1,Médio
2022,4,2022-04-01,Sul,SC,Comercial,4.71,54.45,82.39,190.5,27.5,5288227,343.99,Crítico
2022,4,2022-04-01,Sul,RS,Agrícola,7.6,45.91,43.33,102.2,26.6,352969,297.6,Baixo
2022,4,2022-04-01,Sul,RS,Público,17.5,21.08,38.05,57.5,26.6,2475792,419.97,Crítico
2022,5,2022-05-01,Norte,AM,Comercial,35.56,19.46,39.02,131.0,31.8,2078243,133.74,Alto
2022,5,2022-05-01,Norte,PA,Industrial,6.74,17.3,74.03,195.7,26.5,2729528,426.67,Alto
2022,5,2022-05-01,Norte,PA,Público,14.96,32.21,18.52,68.3,23.1,1034767,146.87,Crítico
2022,5,2022-05-01,Norte,RO,Industrial,32.4,50.99,23.9,68.0,27.7,2943372,382.88,Médio
2022,5,2022-05-01,Norte,TO,Comercial,36.96,15.5,73.81,109.6,20.3,2612210,381.77,Baixo
2022,5,2022-05-01,Nordeste,BA,Comercial,6.69,24.47,43.4,53.1,23.2,2810784,84.98,Baixo
2022,5,2022-05-01,Nordeste,BA,Comercial,4.94,30.56,70.01,36.1,26.0,4946916,268.17,Baixo
2022,5,2022-05-01,Nordeste,PE,Industrial,2.1,37.09,14.43,108.0,26.2,266057,284.1,Médio
2022,5,2022-05-01,Nordeste,PE,Residencial,7.9,28.62,22.11,103.8,24.6,4959194,212.36,Baixo
2022,5,2022-05-01,Nordeste,CE,Público,21.11,29.49,54.95,58.2,25.3,2881968,188.68,Crítico
2022,5,2022-05-01,Nordeste,CE,Comercial,4.99,17.66,96.24,183.0,29.4,4033278,447.35,Médio
2022,5,2022-05-01,Nordeste,MA,Agrícola,26.93,32.25,86.13,71.2,23.6,1037027,154.5,Alto
2022,5,2022-05-01,Nordeste,PB,Comercial,2.48,9.17,53.37,61.9,23.7,5814200,204.65,Baixo
2022,5,2022-05-01,Centro-Oeste,DF,Industrial,15.07,19.9,96.46,175.0,23.5,4529990,214.47,Baixo
2022,5,2022-05-01,Centro-Oeste,GO,Público,7.47,51.87,13.49,80.8,24.8,3486413,354.14,Médio
2022,5,2022-05-01,Centro-Oeste,GO,Residencial,26.17,38.59,41.86,80.1,27.0,4915930,219.27,Médio
2022,5,2022-05-01,Centro-Oeste,MT,Público,16.07,12.02,49.4,40.6,34.1,493132,288.09,Crítico
2022,5,2022-05-01,Centro-Oeste,MS,Residencial,27.78,39.79,89.2,70.3,22.6,4704991,442.55,Médio
2022,5,2022-05-01,Sudeste,SP,Residencial,29.72,46.82,35.6,226.9,22.5,3816226,85.65,Alto
2022,5,2022-05-01,Sudeste,SP,Industrial,9.17,39.13,90.53,95.5,26.0,1941335,439.08,Alto
2022,5,2022-05-01,Sudeste,SP,Agrícola,22.05,36.5,58.4,197.9,26.3,4965400,380.07,Alto
2022,5,2022-05-01,Sudeste,RJ,Público,29.36,19.56,13.1,187.3,28.3,1819224,352.57,Alto
2022,5,2022-05-01,Sudeste,RJ,Industrial,8.05,19.87,36.14,180.0,27.2,2033451,319.72,Alto
2022,5,2022-05-01,Sudeste,RJ,Industrial,34.69,41.1,41.69,78.7,26.3,3959398,133.3,Médio
2022,5,2022-05-01,Sudeste,RJ,Público,21.12,33.37,26.2,34.0,28.6,5911217,137.95,Médio
2022,5,2022-05-01,Sudeste,MG,Residencial,31.45,31.79,92.56,98.8,24.2,4771908,121.57,Crítico
2022,5,2022-05-01,Sudeste,MG,Industrial,37.03,29.22,68.01,72.8,28.5,4196375,225.03,Médio
2022,5,2022-05-01,Sudeste,MG,Residencial,9.47,5.01,34.73,120.3,24.3,2985626,180.53,Crítico
2022,5,2022-05-01,Sudeste,ES,Industrial,5.83,26.23,85.01,118.0,28.4,1118107,432.91,Alto
2022,5,2022-05-01,Sudeste,ES,Público,27.8,36.76,5.32,98.9,30.6,5062948,158.74,Baixo
2022,5,2022-05-01,Sudeste,ES,Agrícola,27.59,39.55,47.41,94.3,28.1,3016891,294.73,Médio
2022,5,2022-05-01,Sul,PR,Residencial,11.05,34.45,61.87,69.6,24.2,3323813,436.12,Médio
2022,5,2022-05-01,Sul,PR,Agrícola,13.97,26.3,37.27,136.8,24.4,2433105,359.92,Crítico
2022,5,2022-05-01,Sul,SC,Público,21.43,54.87,62.88,42.9,25.9,3190221,212.43,Alto
2022,5,2022-05-01,Sul,SC,Público,5.92,21.75,32.27,176.2,29.5,5937243,380.7,Crítico
2022,5,2022-05-01,Sul,RS,Residencial,5.67,20.59,37.56,175.9,24.4,4979356,142.51,Médio
2022,5,2022-05-01,Sul,RS,Residencial,17.38,20.45,17.59,137.9,19.5,679941,388.35,Médio
2022,6,2022-06-01,Norte,AM,Agrícola,30.91,42.78,14.44,65.2,30.2,1010216,446.36,Crítico
2022,6,2022-06-01,Norte,PA,Público,26.06,6.53,18.24,368.4,20.1,2506807,282.09,Crítico
2022,6,2022-06-01,Norte,PA,Residencial,11.73,26.94,47.08,21.5,29.0,3703733,102.67,Baixo
2022,6,2022-06-01,Norte,RO,Residencial,29.78,23.32,91.75,200.3,26.6,4010607,223.21,Baixo
2022,6,2022-06-01,Norte,TO,Industrial,2.93,54.64,22.46,168.4,28.9,5172644,444.21,Crítico
2022,6,2022-06-01,Nordeste,BA,Comercial,6.15,51.93,28.99,196.5,29.1,5768310,219.28,Alto
2022,6,2022-06-01,Nordeste,BA,Público,19.4,19.15,26.0,85.5,20.9,1268484,134.72,Alto
2022,6,2022-06-01,Nordeste,PE,Residencial,31.82,28.45,86.48,91.7,26.6,1362074,417.59,Baixo
2022,6,2022-06-01,Nordeste,PE,Público,16.18,29.05,26.85,132.7,27.7,2872695,210.69,Crítico
2022,6,2022-06-01,Nordeste,CE,Público,37.24,50.83,66.52,107.9,19.9,3798335,165.83,Crítico
2022,6,2022-06-01,Nordeste,CE,Comercial,39.49,49.47,80.85,92.0,30.1,2668745,242.59,Crítico
2022,6,2022-06-01,Nordeste,MA,Industrial,30.43,48.55,97.99,80.6,24.2,3351610,191.57,Baixo
2022,6,2022-06-01,Nordeste,PB,Industrial,13.41,25.0,79.05,70.9,25.2,3556501,340.23,Alto
2022,6,2022-06-01,Centro-Oeste,DF,Público,24.42,43.44,73.72,180.9,27.1,2505990,391.19,Alto
2022,6,2022-06-01,Centro-Oeste,GO,Agrícola,2.22,17.57,38.95,54.1,25.4,4318851,113.67,Alto
2022,6,2022-06-01,Centro-Oeste,GO,Industrial,32.12,16.66,90.15,157.1,30.3,4886858,331.84,Alto
2022,6,2022-06-01,Centro-Oeste,MT,Industrial,38.27,37.88,18.14,147.7,25.1,4691507,91.1,Baixo
2022,6,2022-06-01,Centro-Oeste,MS,Público,33.59,5.75,72.6,32.7,26.9,3186551,101.02,Crítico
2022,6,2022-06-01,Sudeste,SP,Residencial,28.55,9.27,70.86,59.7,22.0,4383335,190.59,Baixo
2022,6,2022-06-01,Sudeste,SP,Público,22.07,20.52,39.02,63.6,26.7,2349497,208.98,Crítico
2022,6,2022-06-01,Sudeste,SP,Industrial,3.04,53.48,34.33,85.1,24.7,957038,358.41,Baixo
2022,6,2022-06-01,Sudeste,RJ,Público,32.87,54.89,30.12,115.9,27.7,2801001,121.52,Médio
2022,6,2022-06-01,Sudeste,RJ,Comercial,9.49,12.32,8.13,32.5,24.8,314929,359.56,Alto
2022,6,2022-06-01,Sudeste,RJ,Residencial,14.25,8.52,36.56,172.8,24.8,3437088,146.73,Alto
2022,6,2022-06-01,Sudeste,RJ,Agrícola,12.15,42.01,79.06,112.9,27.6,5806103,425.56,Alto
2022,6,2022-06-01,Sudeste,MG,Comercial,30.43,5.36,77.29,78.9,22.4,345409,187.7,Baixo
2022,6,2022-06-01,Sudeste,MG,Comercial,31.35,35.94,14.95,119.5,27.0,2942073,364.16,Crítico
2022,6,2022-06-01,Sudeste,MG,Residencial,32.86,53.6,25.56,86.5,22.2,691061,226.56,Baixo
2022,6,2022-06-01,Sudeste,ES,Agrícola,38.92,10.33,41.08,142.6,27.2,5387062,394.4,Alto
2022,6,2022-06-01,Sudeste,ES,Comercial,35.72,24.14,30.69,84.8,28.8,2702811,99.52,Alto
2022,6,2022-06-01,Sudeste,ES,Público,8.32,18.78,13.72,91.0,23.7,946402,337.27,Baixo
2022,6,2022-06-01,Sul,PR,Comercial,26.98,44.33,92.08,72.8,21.1,4425989,128.9,Alto
2022,6,2022-06-01,Sul,PR,Agrícola,22.7,34.26,79.72,19.2,22.2,4886641,213.67,Médio
2022,6,2022-06-01,Sul,SC,Industrial,2.46,39.25,72.14,81.4,23.2,3772433,192.78,Médio
2022,6,2022-06-01,Sul,SC,Industrial,24.46,45.56,76.75,103.4,25.9,1912957,107.29,Alto
2022,6,2022-06-01,Sul,RS,Residencial,36.43,47.83,15.24,144.0,25.7,2155225,261.9,Alto
2022,6,2022-06-01,Sul,RS,Industrial,29.84,37.91,32.96,102.5,27.3,4735433,125.37,Crítico
2022,7,2022-07-01,Norte,AM,Industrial,9.74,16.29,24.78,104.4,27.2,3098555,241.8,Baixo
2022,7,2022-07-01,Norte,PA,Industrial,29.94,51.77,83.78,29.1,27.3,2421413,317.04,Médio
2022,7,2022-07-01,Norte,PA,Industrial,22.41,27.93,41.68,35.8,28.1,148967,228.71,Baixo
2022,7,2022-07-01,Norte,RO,Industrial,34.27,18.68,64.77,33.4,25.2,1620571,249.46,Crítico
2022,7,2022-07-01,Norte,TO,Comercial,29.55,45.36,85.08,210.5,25.5,5294505,374.45,Crítico
2022,7,2022-07-01,Nordeste,BA,Agrícola,12.53,51.42,61.23,63.7,22.3,127333,196.35,Crítico
2022,7,2022-07-01,Nordeste,BA,Industrial,23.19,12.32,83.65,44.5,25.3,689596,197.58,Médio
2022,7,2022-07-01,Nordeste,PE,Industrial,23.42,16.08,37.13,291.0,29.8,950298,201.59,Médio
2022,7,2022-07-01,Nordeste,PE,Residencial,7.07,15.48,55.71,85.3,23.8,5833635,124.59,Crítico
2022,7,2022-07-01,Nordeste,CE,Residencial,9.67,21.45,72.94,84.7,24.3,4276339,126.42,Médio
2022,7,2022-07-01,Nordeste,CE,Industrial,23.69,34.68,44.9,87.5,27.6,3095696,121.71,Alto
2022,7,2022-07-01,Nordeste,MA,Comercial,30.91,7.82,18.25,54.4,24.2,5737769,234.17,Baixo
2022,7,2022-07-01,Nordeste,PB,Residencial,4.9,48.43,8.27,166.8,25.3,5964285,152.32,Médio
2022,7,2022-07-01,Centro-Oeste,DF,Industrial,38.57,13.29,88.96,178.4,26.1,1877719,242.48,Médio
2022,7,2022-07-01,Centro-Oeste,GO,Agrícola,12.69,39.65,44.12,69.7,23.5,1303111,169.71,Crítico
2022,7,2022-07-01,Centro-Oeste,GO,Público,7.8,13.64,7.04,143.7,30.3,5258553,266.04,Crítico
2022,7,2022-07-01,Centro-Oeste,MT,Industrial,20.71,23.98,80.91,153.0,27.1,3319303,312.91,Médio
2022,7,2022-07-01,Centro-Oeste,MS,Residencial,9.34,20.09,34.26,74.5,22.9,656357,440.39,Baixo
2022,7,2022-07-01,Sudeste,SP,Residencial,6.98,45.07,85.37,59.7,22.7,4598082,242.77,Crítico
2022,7,2022-07-01,Sudeste,SP,Agrícola,3.16,27.13,47.26,119.7,27.5,1765428,428.74,Alto
2022,7,2022-07-01,Sudeste,SP,Comercial,16.94,54.92,19.27,150.4,23.7,3847138,415.52,Crítico
2022,7,2022-07-01,Sudeste,RJ,Comercial,27.24,46.98,85.87,36.8,21.8,3526408,371.1,Alto
2022,7,2022-07-01,Sudeste,RJ,Comercial,18.14,15.66,36.47,88.0,24.8,4413462,302.91,Alto
2022,7,2022-07-01,Sudeste,RJ,Comercial,5.79,45.6,86.8,176.8,24.2,3726489,133.88,Médio
2022,7,2022-07-01,Sudeste,RJ,Industrial,35.12,47.95,24.73,28.5,26.6,1148568,188.41,Alto
2022,7,2022-07-01,Sudeste,MG,Residencial,13.18,43.3,35.41,69.7,26.5,3001251,85.79,Baixo
2022,7,2022-07-01,Sudeste,MG,Residencial,17.81,31.32,44.41,112.9,29.8,4706723,85.89,Alto
2022,7,2022-07-01,Sudeste,MG,Industrial,11.84,44.81,42.58,222.8,22.2,4753623,282.61,Médio
2022,7,2022-07-01,Sudeste,ES,Agrícola,8.59,6.66,68.68,136.3,26.6,178903,340.14,Crítico
2022,7,2022-07-01,Sudeste,ES,Industrial,18.99,23.72,35.43,101.9,26.8,5957625,445.84,Crítico
2022,7,2022-07-01,Sudeste,ES,Comercial,9.69,52.69,49.98,73.0,34.4,960565,153.3,Médio
2022,7,2022-07-01,Sul,PR,Público,19.88,46.59,7.31,155.9,23.4,3064001,239.58,Crítico
2022,7,2022-07-01,Sul,PR,Residencial,34.5,51.15,42.69,55.3,22.9,5482975,271.89,Médio
2022,7,2022-07-01,Sul,SC,Agrícola,30.26,51.83,7.96,111.0,27.6,250958,436.65,Baixo
2022,7,2022-07-01,Sul,SC,Residencial,27.43,14.89,20.46,187.9,27.0,4524496,321.21,Crítico
2022,7,2022-07-01,Sul,RS,Industrial,19.08,26.04,36.42,177.6,28.8,5571657,91.94,Alto
2022,7,2022-07-01,Sul,RS,Industrial,31.18,50.42,33.53,155.9,28.5,4201289,305.39,Médio
2022,8,2022-08-01,Norte,AM,Industrial,28.23,18.31,79.22,87.0,26.0,1107383,448.13,Baixo
2022,8,2022-08-01,Norte,PA,Comercial,10.13,51.15,43.96,200.8,29.2,3941398,441.36,Crítico
2022,8,2022-08-01,Norte,PA,Residencial,27.53,28.88,53.86,71.1,26.2,1321287,227.16,Alto
2022,8,2022-08-01,Norte,RO,Comercial,28.49,34.92,27.26,36.1,29.5,3896954,151.36,Alto
2022,8,2022-08-01,Norte,TO,Industrial,38.17,21.19,98.84,129.1,25.7,4169323,449.62,Baixo
2022,8,2022-08-01,Nordeste,BA,Comercial,27.24,53.92,38.62,84.6,25.3,5561217,203.05,Alto
2022,8,2022-08-01,Nordeste,BA,Público,2.81,37.46,44.29,186.3,28.0,3921694,273.53,Médio
2022,8,2022-08-01,Nordeste,PE,Industrial,10.16,27.4,97.69,137.1,20.0,2909503,388.27,Baixo
2022,8,2022-08-01,Nordeste,PE,Público,19.54,27.71,18.23,161.2,28.8,3708305,316.06,Alto
2022,8,2022-08-01,Nordeste,CE,Industrial,32.16,33.21,51.08,71.8,28.5,2158357,293.13,Alto
2022,8,2022-08-01,Nordeste,CE,Residencial,20.0,36.41,17.65,180.9,29.0,5500077,233.18,Crítico
2022,8,2022-08-01,Nordeste,MA,Industrial,26.86,30.55,72.56,126.6,22.6,1100545,298.67,Alto
2022,8,2022-08-01,Nordeste,PB,Público,29.34,47.34,35.74,30.7,23.8,425179,195.1,Baixo
2022,8,2022-08-01,Centro-Oeste,DF,Comercial,13.22,51.43,5.73,67.3,23.7,2003477,383.2,Baixo
2022,8,2022-08-01,Centro-Oeste,GO,Comercial,22.88,39.85,41.93,57.4,20.6,1172188,311.49,Baixo
2022,8,2022-08-01,Centro-Oeste,GO,Residencial,37.17,22.92,71.45,41.0,27.7,4853586,330.63,Alto
2022,8,2022-08-01,Centro-Oeste,MT,Agrícola,13.21,43.86,8.2,113.6,27.5,5687900,107.35,Baixo
2022,8,2022-08-01,Centro-Oeste,MS,Industrial,5.81,38.8,9.68,260.4,26.7,1650769,98.3,Baixo
2022,8,2022-08-01,Sudeste,SP,Comercial,20.34,9.51,79.28,99.8,24.0,2395783,430.93,Baixo
2022,8,2022-08-01,Sudeste,SP,Industrial,7.68,53.14,22.08,213.3,30.2,373607,357.12,Médio
2022,8,2022-08-01,Sudeste,SP,Público,24.02,24.3,17.43,118.1,22.0,2393768,252.69,Crítico
2022,8,2022-08-01,Sudeste,RJ,Comercial,39.3,13.31,21.02,72.1,25.6,3958417,427.34,Alto
2022,8,2022-08-01,Sudeste,RJ,Comercial,24.68,39.14,79.25,130.6,22.0,5526775,340.98,Crítico
2022,8,2022-08-01,Sudeste,RJ,Agrícola,30.49,39.92,93.69,138.7,24.7,3054448,393.0,Alto
2022,8,2022-08-01,Sudeste,RJ,Comercial,35.99,27.08,72.33,74.9,25.7,5251285,168.02,Alto
2022,8,2022-08-01,Sudeste,MG,Industrial,33.18,52.14,91.63,87.6,21.4,3331021,266.6,Alto
2022,8,2022-08-01,Sudeste,MG,Residencial,19.23,20.98,52.15,187.7,25.5,4573197,99.0,Baixo
2022,8,2022-08-01,Sudeste,MG,Agrícola,6.92,32.26,95.79,42.7,27.8,1280392,273.62,Alto
2022,8,2022-08-01,Sudeste,ES,Comercial,37.8,36.48,39.38,103.3,26.0,4454991,342.33,Crítico
2022,8,2022-08-01,Sudeste,ES,Agrícola,28.16,11.77,69.15,136.9,27.9,5583080,400.8,Alto
2022,8,2022-08-01,Sudeste,ES,Residencial,11.69,13.26,59.79,95.9,23.1,1391327,231.19,Médio
2022,8,2022-08-01,Sul,PR,Agrícola,31.66,54.97,55.41,73.0,28.3,298152,287.02,Crítico
2022,8,2022-08-01,Sul,PR,Industrial,22.94,31.97,20.61,71.4,27.4,2756532,123.07,Alto
2022,8,2022-08-01,Sul,SC,Industrial,22.55,45.76,40.55,123.6,23.6,5551363,360.33,Médio
2022,8,2022-08-01,Sul,SC,Residencial,19.57,31.48,77.07,147.2,26.3,2950880,120.41,Baixo
2022,8,2022-08-01,Sul,RS,Industrial,26.4,28.74,73.06,116.1,20.2,1794037,328.05,Médio
2022,8,2022-08-01,Sul,RS,Público,18.95,42.26,27.16,214.5,21.6,787065,125.17,Alto
2022,9,2022-09-01,Norte,AM,Público,13.01,32.11,35.35,22.7,32.9,5755478,317.92,Baixo
2022,9,2022-09-01,Norte,PA,Residencial,18.94,33.76,65.67,86.3,20.2,1857008,227.81,Alto
2022,9,2022-09-01,Norte,PA,Residencial,33.59,33.1,92.77,97.1,28.4,4230493,276.02,Alto
2022,9,2022-09-01,Norte,RO,Residencial,8.94,14.07,73.88,131.1,27.6,3949094,166.62,Alto
2022,9,2022-09-01,Norte,TO,Residencial,21.28,50.6,25.03,47.7,25.7,1673517,218.14,Médio
2022,9,2022-09-01,Nordeste,BA,Agrícola,3.69,27.2,15.95,152.1,24.3,1918147,304.21,Crítico
2022,9,2022-09-01,Nordeste,BA,Público,21.49,30.53,35.53,102.2,30.7,4945737,430.35,Baixo
2022,9,2022-09-01,Nordeste,PE,Residencial,25.84,53.79,85.46,19.7,27.4,5967808,371.94,Baixo
2022,9,2022-09-01,Nordeste,PE,Comercial,11.26,38.44,14.04,93.2,24.7,2237089,439.08,Crítico
2022,9,2022-09-01,Nordeste,CE,Público,27.63,6.67,24.94,119.3,28.9,2652541,391.77,Alto
2022,9,2022-09-01,Nordeste,CE,Público,13.95,50.49,57.58,96.8,34.5,2548208,413.98,Médio
2022,9,2022-09-01,Nordeste,MA,Industrial,39.56,40.58,47.25,108.0,26.5,4271953,430.85,Alto
2022,9,2022-09-01,Nordeste,PB,Comercial,6.55,36.88,36.9,196.5,28.2,2982337,280.81,Baixo
2022,9,2022-09-01,Centro-Oeste,DF,Residencial,9.24,19.94,63.31,109.3,21.1,4372513,374.32,Crítico
2022,9,2022-09-01,Centro-Oeste,GO,Industrial,16.3,54.83,64.83,89.8,19.9,2333036,89.34,Baixo
2022,9,2022-09-01,Centro-Oeste,GO,Comercial,6.64,48.06,84.39,210.3,25.1,3419848,247.42,Crítico
2022,9,2022-09-01,Centro-Oeste,MT,Comercial,19.62,51.27,54.17,132.9,23.9,2576833,406.55,Crítico
2022,9,2022-09-01,Centro-Oeste,MS,Agrícola,2.35,37.06,16.66,206.5,31.6,5805059,232.32,Baixo
2022,9,2022-09-01,Sudeste,SP,Agrícola,37.54,21.47,17.42,178.9,25.0,4615797,342.45,Baixo
2022,9,2022-09-01,Sudeste,SP,Agrícola,12.84,44.37,60.74,203.6,26.6,5115687,121.75,Alto
2022,9,2022-09-01,Sudeste,SP,Industrial,27.16,29.0,63.16,131.9,27.3,971600,340.82,Crítico
2022,9,2022-09-01,Sudeste,RJ,Público,31.03,15.38,69.35,57.3,25.8,4472896,418.26,Médio
2022,9,2022-09-01,Sudeste,RJ,Público,25.97,53.63,64.07,14.1,26.7,3993762,275.46,Alto
2022,9,2022-09-01,Sudeste,RJ,Industrial,3.55,14.49,84.8,31.3,20.6,1474620,282.14,Crítico
2022,9,2022-09-01,Sudeste,RJ,Comercial,38.1,35.66,78.13,44.6,29.1,830835,179.06,Baixo
2022,9,2022-09-01,Sudeste,MG,Industrial,11.13,41.5,82.99,46.3,25.7,2092244,143.54,Baixo
2022,9,2022-09-01,Sudeste,MG,Agrícola,6.32,20.34,64.14,59.9,25.9,914166,131.29,Crítico
2022,9,2022-09-01,Sudeste,MG,Agrícola,12.22,19.67,11.46,58.8,27.2,2155503,348.37,Médio
2022,9,2022-09-01,Sudeste,ES,Comercial,10.74,35.88,23.75,177.7,20.7,3484434,426.95,Alto
2022,9,2022-09-01,Sudeste,ES,Agrícola,7.63,52.16,66.64,49.5,24.7,2457232,245.6,Alto
2022,9,2022-09-01,Sudeste,ES,Industrial,33.25,23.22,21.3,86.0,24.8,4022906,393.22,Baixo
2022,9,2022-09-01,Sul,PR,Industrial,25.99,44.1,44.05,130.9,25.6,5548693,423.84,Alto
2022,9,2022-09-01,Sul,PR,Comercial,8.96,9.26,67.56,169.8,24.9,3224467,376.57,Baixo
2022,9,2022-09-01,Sul,SC,Comercial,23.71,49.04,29.09,189.3,21.2,3239253,272.68,Alto
2022,9,2022-09-01,Sul,SC,Residencial,18.34,18.7,21.28,154.6,22.7,3008184,320.33,Médio
2022,9,2022-09-01,Sul,RS,Residencial,9.75,29.58,6.05,75.9,27.2,1057336,220.9,Crítico
2022,9,2022-09-01,Sul,RS,Residencial,5.87,31.69,19.62,62.3,22.4,130225,104.91,Baixo
2022,10,2022-10-01,Norte,AM,Público,38.72,54.45,78.66,136.5,26.0,1181841,80.63,Alto
2022,10,2022-10-01,Norte,PA,Comercial,34.81,43.55,88.96,141.5,29.9,3724515,355.06,Baixo
2022,10,2022-10-01,Norte,PA,Público,3.69,22.18,95.54,41.8,25.7,5586709,149.91,Crítico
2022,10,2022-10-01,Norte,RO,Público,11.08,41.88,67.26,196.7,25.7,5268723,373.8,Baixo
2022,10,2022-10-01,Norte,TO,Público,25.99,16.45,51.19,201.1,28.6,5902154,192.55,Médio
2022,10,2022-10-01,Nordeste,BA,Agrícola,11.01,21.53,66.17,232.3,28.0,5944968,132.83,Crítico
2022,10,2022-10-01,Nordeste,BA,Residencial,17.46,20.22,83.81,57.1,26.5,2824403,113.45,Baixo
2022,10,2022-10-01,Nordeste,PE,Agrícola,9.8,21.71,41.94,91.6,26.9,2267955,365.63,Baixo
2022,10,2022-10-01,Nordeste,PE,Residencial,32.12,42.18,64.37,93.5,24.4,4398240,96.6,Alto
2022,10,2022-10-01,Nordeste,CE,Comercial,5.92,16.83,62.51,61.9,27.4,795845,179.47,Médio
2022,10,2022-10-01,Nordeste,CE,Agrícola,30.2,29.01,81.34,160.2,23.8,5430770,435.95,Médio
2022,10,2022-10-01,Nordeste,MA,Público,5.57,25.17,20.07,50.8,26.5,5676328,438.6,Médio
2022,10,2022-10-01,Nordeste,PB,Agrícola,26.97,54.78,73.41,59.2,29.0,2138933,136.99,Baixo
2022,10,2022-10-01,Centro-Oeste,DF,Residencial,37.76,52.93,58.59,223.9,31.6,2013094,94.79,Baixo
2022,10,2022-10-01,Centro-Oeste,GO,Residencial,3.42,17.32,33.72,42.2,29.8,2464757,397.26,Médio
2022,10,2022-10-01,Centro-Oeste,GO,Comercial,23.75,33.97,40.93,40.3,24.9,1897490,170.13,Alto
2022,10,2022-10-01,Centro-Oeste,MT,Residencial,9.45,42.44,35.95,105.0,23.1,3642179,117.74,Baixo
2022,10,2022-10-01,Centro-Oeste,MS,Agrícola,4.15,16.18,20.15,48.0,28.7,1710658,142.41,Alto
2022,10,2022-10-01,Sudeste,SP,Agrícola,14.03,37.54,25.42,159.5,26.9,3187801,211.34,Alto
2022,10,2022-10-01,Sudeste,SP,Agrícola,27.17,38.12,66.56,72.5,29.7,3673267,305.8,Baixo
2022,10,2022-10-01,Sudeste,SP,Público,13.32,45.25,83.15,17.4,23.2,2018139,171.05,Alto
2022,10,2022-10-01,Sudeste,RJ,Comercial,39.78,37.66,20.58,7.0,25.7,1274691,121.89,Baixo
2022,10,2022-10-01,Sudeste,RJ,Residencial,13.76,40.83,79.51,83.6,25.9,4795769,228.31,Crítico
2022,10,2022-10-01,Sudeste,RJ,Comercial,36.14,13.76,85.31,59.6,23.7,5131504,146.8,Crítico
2022,10,2022-10-01,Sudeste,RJ,Industrial,21.96,47.92,92.67,116.0,29.4,3002948,430.63,Crítico
2022,10,2022-10-01,Sudeste,MG,Industrial,23.69,41.81,43.93,75.4,21.4,1308437,373.86,Baixo
2022,10,2022-10-01,Sudeste,MG,Agrícola,16.69,28.81,17.28,160.4,27.1,797872,330.03,Médio
2022,10,2022-10-01,Sudeste,MG,Público,20.83,14.95,94.75,177.6,21.8,378005,191.36,Alto
2022,10,2022-10-01,Sudeste,ES,Industrial,33.43,40.88,39.25,99.0,27.8,789922,365.61,Médio
2022,10,2022-10-01,Sudeste,ES,Agrícola,11.16,43.94,58.69,170.5,31.1,5801055,336.66,Médio
2022,10,2022-10-01,Sudeste,ES,Residencial,37.8,32.46,79.63,42.5,20.6,4795359,261.17,Baixo
2022,10,2022-10-01,Sul,PR,Público,16.76,5.36,47.38,37.1,25.9,2523661,272.14,Baixo
2022,10,2022-10-01,Sul,PR,Agrícola,12.97,36.0,36.69,105.8,28.8,2181522,119.69,Baixo
2022,10,2022-10-01,Sul,SC,Público,16.46,15.17,28.36,81.4,32.1,331609,167.48,Médio
2022,10,2022-10-01,Sul,SC,Residencial,15.66,38.45,86.65,35.8,23.7,5824310,134.74,Alto
2022,10,2022-10-01,Sul,RS,Agrícola,17.37,43.37,46.07,44.9,26.7,5783042,257.95,Médio
2022,10,2022-10-01,Sul,RS,Comercial,6.56,31.88,8.39,99.6,27.7,4053741,406.67,Crítico
2022,11,2022-11-01,Norte,AM,Comercial,28.47,40.25,81.48,83.6,20.8,4397537,261.12,Baixo
2022,11,2022-11-01,Norte,PA,Comercial,38.93,32.5,86.8,88.5,26.2,1706080,192.98,Crítico
2022,11,2022-11-01,Norte,PA,Agrícola,24.43,24.45,73.27,103.6,22.1,5516373,319.42,Médio
2022,11,2022-11-01,Norte,RO,Residencial,27.92,12.57,92.79,69.9,29.4,5851793,427.1,Crítico
2022,11,2022-11-01,Norte,TO,Público,35.53,41.9,85.43,3.0,25.3,2776007,436.54,Médio
2022,11,2022-11-01,Nordeste,BA,Público,24.69,32.17,28.2,137.2,30.0,4591694,346.13,Baixo
2022,11,2022-11-01,Nordeste,BA,Agrícola,14.61,17.76,79.54,220.3,26.4,4452273,158.6,Baixo
2022,11,2022-11-01,Nordeste,PE,Público,26.46,9.02,40.52,184.1,29.2,4759824,360.2,Crítico
2022,11,2022-11-01,Nordeste,PE,Industrial,11.64,9.85,20.37,95.4,28.6,602002,95.34,Médio
2022,11,2022-11-01,Nordeste,CE,Agrícola,28.11,21.59,11.37,114.8,25.8,2638355,111.27,Baixo
2022,11,2022-11-01,Nordeste,CE,Residencial,23.0,34.67,63.56,90.4,24.4,4029909,436.99,Alto
2022,11,2022-11-01,Nordeste,MA,Residencial,14.28,37.01,95.23,117.8,26.2,802007,385.72,Crítico
2022,11,2022-11-01,Nordeste,PB,Industrial,31.67,24.01,78.32,72.0,22.6,3100276,313.96,Alto
2022,11,2022-11-01,Centro-Oeste,DF,Residencial,15.61,6.87,48.75,49.2,27.9,5139938,331.08,Baixo
2022,11,2022-11-01,Centro-Oeste,GO,Público,21.57,54.38,13.83,47.3,25.2,5157837,407.27,Crítico
2022,11,2022-11-01,Centro-Oeste,GO,Industrial,26.92,53.54,25.92,72.5,29.9,1573818,92.52,Baixo
2022,11,2022-11-01,Centro-Oeste,MT,Público,33.21,16.27,49.59,32.5,23.1,4214101,288.51,Médio
2022,11,2022-11-01,Centro-Oeste,MS,Agrícola,16.32,6.36,98.7,148.7,25.5,921227,375.37,Baixo
2022,11,2022-11-01,Sudeste,SP,Residencial,29.41,38.12,10.76,155.5,33.2,4231814,421.88,Crítico
2022,11,2022-11-01,Sudeste,SP,Público,26.19,44.25,13.6,166.2,22.4,1218478,365.06,Crítico
2022,11,2022-11-01,Sudeste,SP,Comercial,26.54,54.57,76.25,158.5,22.1,5895202,376.89,Médio
2022,11,2022-11-01,Sudeste,RJ,Industrial,9.16,50.45,18.96,177.2,23.1,4599823,358.32,Alto
2022,11,2022-11-01,Sudeste,RJ,Agrícola,11.19,44.3,81.39,49.4,20.8,5880870,138.83,Alto
2022,11,2022-11-01,Sudeste,RJ,Público,25.1,10.56,54.22,247.0,30.4,5877382,81.76,Médio
2022,11,2022-11-01,Sudeste,RJ,Público,11.76,53.95,45.76,125.5,23.4,2274862,229.14,Médio
2022,11,2022-11-01,Sudeste,MG,Agrícola,29.47,10.99,78.13,104.0,26.7,5128137,340.52,Crítico
2022,11,2022-11-01,Sudeste,MG,Público,12.5,22.86,32.13,134.9,29.7,3665691,294.44,Médio
2022,11,2022-11-01,Sudeste,MG,Residencial,29.83,33.54,51.14,113.8,26.4,2471730,408.55,Crítico
2022,11,2022-11-01,Sudeste,ES,Agrícola,34.77,37.78,56.03,178.5,22.4,4943841,86.27,Crítico
2022,11,2022-11-01,Sudeste,ES,Industrial,17.86,26.11,12.24,120.4,23.7,3099268,373.57,Alto
2022,11,2022-11-01,Sudeste,ES,Residencial,6.42,45.02,27.33,46.1,20.8,4389740,292.12,Médio
2022,11,2022-11-01,Sul,PR,Industrial,30.72,40.62,99.36,21.7,27.5,4111412,391.18,Alto
2022,11,2022-11-01,Sul,PR,Público,4.33,17.25,8.19,229.2,26.4,148430,405.61,Alto
2022,11,2022-11-01,Sul,SC,Residencial,16.56,13.9,28.97,102.0,27.1,561128,197.9,Baixo
2022,11,2022-11-01,Sul,SC,Agrícola,16.63,47.93,14.81,204.6,26.3,5215637,314.05,Médio
2022,11,2022-11-01,Sul,RS,Agrícola,39.08,46.15,63.07,96.2,25.7,1734566,334.53,Médio
2022,11,2022-11-01,Sul,RS,Residencial,26.36,19.59,70.86,66.3,18.7,1079950,270.54,Crítico
2022,12,2022-12-01,Norte,AM,Residencial,24.04,39.47,55.23,106.2,28.7,418572,359.19,Baixo
2022,12,2022-12-01,Norte,PA,Agrícola,35.68,41.15,63.86,158.9,23.4,4940188,137.66,Alto
2022,12,2022-12-01,Norte,PA,Industrial,23.83,9.33,17.2,129.8,29.0,5422037,224.07,Alto
2022,12,2022-12-01,Norte,RO,Agrícola,9.95,5.97,56.29,88.6,31.5,5214390,201.61,Crítico
2022,12,2022-12-01,Norte,TO,Residencial,19.81,19.41,90.01,67.4,27.1,618112,216.08,Baixo
2022,12,2022-12-01,Nordeste,BA,Industrial,7.5,20.48,47.84,216.2,23.0,1296714,242.35,Crítico
2022,12,2022-12-01,Nordeste,BA,Agrícola,31.87,20.59,23.55,51.5,24.6,4248138,294.18,Crítico
2022,12,2022-12-01,Nordeste,PE,Agrícola,22.06,22.25,98.17,261.0,28.2,3373952,304.62,Baixo
2022,12,2022-12-01,Nordeste,PE,Comercial,39.19,33.77,49.79,212.9,28.4,3151293,424.02,Baixo
2022,12,2022-12-01,Nordeste,CE,Público,36.12,49.56,9.63,264.6,31.7,4980051,252.35,Médio
2022,12,2022-12-01,Nordeste,CE,Residencial,31.18,39.62,79.39,91.3,22.3,910558,96.12,Baixo
2022,12,2022-12-01,Nordeste,MA,Agrícola,30.96,53.27,53.52,68.4,25.5,3116020,241.79,Médio
2022,12,2022-12-01,Nordeste,PB,Público,15.73,36.39,43.59,167.7,25.4,2858153,391.6,Crítico
2022,12,2022-12-01,Centro-Oeste,DF,Comercial,23.35,35.11,44.25,222.4,26.3,5479538,138.92,Baixo
2022,12,2022-12-01,Centro-Oeste,GO,Industrial,32.76,34.05,20.51,102.8,22.0,5635479,93.33,Médio
2022,12,2022-12-01,Centro-Oeste,GO,Agrícola,24.39,42.68,25.5,99.6,26.9,845967,344.43,Médio
2022,12,2022-12-01,Centro-Oeste,MT,Industrial,30.79,41.2,48.89,48.4,25.5,301189,364.79,Crítico
2022,12,2022-12-01,Centro-Oeste,MS,Público,8.24,46.37,39.92,27.1,28.1,3320725,135.86,Baixo
2022,12,2022-12-01,Sudeste,SP,Industrial,14.28,37.37,72.76,150.1,16.9,3600707,81.93,Alto
2022,12,2022-12-01,Sudeste,SP,Agrícola,14.18,21.42,24.5,47.9,25.4,372935,206.22,Médio
2022,12,2022-12-01,Sudeste,SP,Público,27.93,26.89,6.45,40.9,27.9,4331190,315.89,Crítico
2022,12,2022-12-01,Sudeste,RJ,Público,37.93,20.22,96.21,125.7,26.1,3642578,121.8,Crítico
2022,12,2022-12-01,Sudeste,RJ,Público,19.78,18.97,97.19,116.5,27.8,5615174,311.45,Crítico
2022,12,2022-12-01,Sudeste,RJ,Comercial,26.15,35.0,33.7,169.7,26.9,4323816,351.81,Baixo
2022,12,2022-12-01,Sudeste,RJ,Comercial,6.1,26.31,76.46,186.6,26.6,1349588,241.12,Alto
2022,12,2022-12-01,Sudeste,MG,Público,16.3,44.81,86.37,35.5,21.4,1686592,305.61,Crítico
2022,12,2022-12-01,Sudeste,MG,Industrial,15.55,52.39,68.69,162.8,28.7,5775416,264.11,Crítico
2022,12,2022-12-01,Sudeste,MG,Público,13.7,33.88,61.14,87.7,25.1,5807698,99.17,Médio
2022,12,2022-12-01,Sudeste,ES,Público,32.92,39.04,41.9,169.7,30.0,4000061,186.35,Alto
2022,12,2022-12-01,Sudeste,ES,Agrícola,24.31,14.38,25.49,64.1,21.0,3148373,376.7,Baixo
2022,12,2022-12-01,Sudeste,ES,Residencial,7.74,31.34,64.93,112.0,28.5,893693,242.72,Crítico
2022,12,2022-12-01,Sul,PR,Industrial,23.91,13.91,44.59,90.2,26.6,4246100,120.6,Médio
2022,12,2022-12-01,Sul,PR,Residencial,35.59,25.27,84.33,95.2,28.1,4262346,405.82,Alto
2022,12,2022-12-01,Sul,SC,Industrial,31.0,50.91,26.33,103.7,25.2,4156536,181.11,Médio
2022,12,2022-12-01,Sul,SC,Residencial,38.63,6.83,29.8,171.9,27.6,3019338,325.36,Baixo
2022,12,2022-12-01,Sul,RS,Comercial,33.01,43.56,57.34,237.4,29.7,2678513,259.69,Baixo
2022,12,2022-12-01,Sul,RS,Residencial,36.67,28.19,86.93,72.0,24.0,5685478,395.55,Alto
2023,1,2023-01-01,Norte,AM,Industrial,5.67,49.09,83.25,114.5,25.7,554842,237.28,Médio
2023,1,2023-01-01,Norte,PA,Comercial,7.92,50.4,22.54,75.1,30.2,5000694,205.04,Crítico
2023,1,2023-01-01,Norte,PA,Público,18.75,31.02,63.66,127.7,21.7,675864,284.72,Baixo
2023,1,2023-01-01,Norte,RO,Residencial,8.6,47.38,16.44,46.2,23.6,5846725,136.13,Baixo
2023,1,2023-01-01,Norte,TO,Agrícola,20.81,10.8,51.92,55.1,25.4,3480837,110.86,Médio
2023,1,2023-01-01,Nordeste,BA,Público,24.12,47.66,92.03,52.6,29.1,5262540,87.33,Crítico
2023,1,2023-01-01,Nordeste,BA,Residencial,7.74,7.73,52.1,50.2,29.7,2303527,374.38,Alto
2023,1,2023-01-01,Nordeste,PE,Comercial,28.1,18.43,25.57,129.7,20.1,5854868,226.92,Crítico
2023,1,2023-01-01,Nordeste,PE,Público,11.7,51.83,92.79,139.8,21.7,2439531,133.87,Baixo
2023,1,2023-01-01,Nordeste,CE,Industrial,3.92,12.93,53.72,131.0,25.0,4172447,264.26,Alto
2023,1,2023-01-01,Nordeste,CE,Comercial,24.81,41.42,38.37,106.0,26.6,2779152,212.77,Crítico
2023,1,2023-01-01,Nordeste,MA,Agrícola,15.85,39.28,53.69,252.2,19.9,3184051,322.14,Médio
2023,1,2023-01-01,Nordeste,PB,Comercial,15.52,51.85,12.25,350.8,28.5,4056605,223.4,Crítico
2023,1,2023-01-01,Centro-Oeste,DF,Comercial,10.92,14.76,58.58,35.8,27.1,4416761,230.97,Crítico
2023,1,2023-01-01,Centro-Oeste,GO,Agrícola,19.17,36.83,89.55,154.4,25.0,5992406,102.57,Médio
2023,1,2023-01-01,Centro-Oeste,GO,Agrícola,22.77,21.42,41.98,107.9,22.5,5331808,430.52,Médio
2023,1,2023-01-01,Centro-Oeste,MT,Industrial,15.8,32.64,21.13,167.6,23.3,1248593,164.11,Crítico
2023,1,2023-01-01,Centro-Oeste,MS,Agrícola,18.69,35.42,38.76,241.9,28.1,111078,265.8,Médio
2023,1,2023-01-01,Sudeste,SP,Comercial,16.94,33.28,29.52,62.2,29.7,397490,147.71,Crítico
2023,1,2023-01-01,Sudeste,SP,Agrícola,11.59,35.59,51.71,81.1,27.0,3749622,229.08,Baixo
2023,1,2023-01-01,Sudeste,SP,Comercial,13.5,33.66,81.34,123.1,27.4,1081164,431.64,Médio
2023,1,2023-01-01,Sudeste,RJ,Público,23.23,21.7,74.02,49.8,27.8,3792636,102.69,Médio
2023,1,2023-01-01,Sudeste,RJ,Agrícola,7.8,12.79,48.0,160.3,26.2,3173029,449.07,Crítico
2023,1,2023-01-01,Sudeste,RJ,Público,18.33,46.55,91.23,239.1,31.5,4950264,116.97,Médio
2023,1,2023-01-01,Sudeste,RJ,Comercial,3.46,36.22,12.77,170.6,25.2,684998,136.46,Alto
2023,1,2023-01-01,Sudeste,MG,Residencial,38.9,51.72,88.74,219.0,24.1,4153228,104.68,Médio
2023,1,2023-01-01,Sudeste,MG,Comercial,11.41,49.16,83.01,22.2,22.8,4057198,183.13,Médio
2023,1,2023-01-01,Sudeste,MG,Residencial,25.7,23.78,60.34,158.3,31.3,1598000,347.31,Baixo
2023,1,2023-01-01,Sudeste,ES,Comercial,36.98,11.47,37.13,76.7,22.4,1704521,395.37,Crítico
2023,1,2023-01-01,Sudeste,ES,Residencial,14.81,40.38,74.51,228.7,19.8,1770693,198.7,Alto
2023,1,2023-01-01,Sudeste,ES,Residencial,31.84,42.5,95.97,118.6,25.1,4805193,410.19,Médio
2023,1,2023-01-01,Sul,PR,Público,20.95,37.1,58.44,198.5,26.2,560632,101.45,Crítico
2023,1,2023-01-01,Sul,PR,Agrícola,34.62,40.32,66.51,88.6,26.1,2746318,135.82,Alto
2023,1,2023-01-01,Sul,SC,Residencial,5.58,54.57,44.82,128.1,22.9,3175615,284.97,Alto
2023,1,2023-01-01,Sul,SC,Residencial,27.51,32.82,70.25,91.4,27.6,4548317,403.95,Alto
2023,1,2023-01-01,Sul,RS,Comercial,9.13,10.52,25.72,57.3,27.0,2065402,305.27,Alto
2023,1,2023-01-01,Sul,RS,Público,25.25,41.23,33.75,37.3,23.5,3873787,312.23,Crítico
2023,2,2023-02-01,Norte,AM,Comercial,15.9,12.93,81.62,106.9,27.0,3550816,245.47,Baixo
2023,2,2023-02-01,Norte,PA,Residencial,7.59,14.92,10.59,189.6,27.9,5725288,405.77,Médio
2023,2,2023-02-01,Norte,PA,Industrial,35.53,28.76,6.35,187.3,29.0,2127049,235.44,Médio
2023,2,2023-02-01,Norte,RO,Público,16.23,35.28,57.3,157.2,25.9,4294883,240.38,Médio
2023,2,2023-02-01,Norte,TO,Agrícola,22.95,32.55,17.56,184.6,22.4,2895967,449.09,Alto
2023,2,2023-02-01,Nordeste,BA,Comercial,10.99,33.04,37.11,59.2,28.6,3879666,89.08,Baixo
2023,2,2023-02-01,Nordeste,BA,Industrial,31.44,15.34,45.51,183.8,21.1,1843110,93.43,Alto
2023,2,2023-02-01,Nordeste,PE,Residencial,22.96,37.19,19.54,94.1,25.1,4030025,439.59,Alto
2023,2,2023-02-01,Nordeste,PE,Agrícola,32.78,30.62,61.81,89.8,23.0,5254814,120.75,Alto
2023,2,2023-02-01,Nordeste,CE,Público,18.05,15.16,10.06,99.2,28.8,3195600,317.11,Crítico
2023,2,2023-02-01,Nordeste,CE,Agrícola,25.84,26.52,40.05,73.8,28.1,851691,357.32,Alto
2023,2,2023-02-01,Nordeste,MA,Público,3.74,8.08,91.58,134.4,25.7,3014189,124.79,Baixo
2023,2,2023-02-01,Nordeste,PB,Residencial,6.24,6.63,8.99,156.4,31.9,2517693,403.2,Alto
2023,2,2023-02-01,Centro-Oeste,DF,Público,35.14,26.24,42.66,68.6,29.3,3214224,197.49,Alto
2023,2,2023-02-01,Centro-Oeste,GO,Industrial,17.24,47.25,83.77,200.0,24.4,1941762,289.99,Baixo
2023,2,2023-02-01,Centro-Oeste,GO,Agrícola,33.16,48.74,98.15,125.5,24.1,4634552,321.73,Crítico
2023,2,2023-02-01,Centro-Oeste,MT,Residencial,7.95,45.92,77.89,150.2,27.5,5081246,263.86,Crítico
2023,2,2023-02-01,Centro-Oeste,MS,Residencial,10.49,6.1,62.46,88.1,27.6,2686640,175.89,Alto
2023,2,2023-02-01,Sudeste,SP,Industrial,8.29,5.96,68.69,94.0,25.4,4566046,294.7,Baixo
2023,2,2023-02-01,Sudeste,SP,Agrícola,6.5,31.5,7.83,51.4,26.6,3178015,220.43,Alto
2023,2,2023-02-01,Sudeste,SP,Industrial,15.94,47.49,34.11,140.2,25.7,660867,237.18,Crítico
2023,2,2023-02-01,Sudeste,RJ,Agrícola,13.86,51.98,42.78,76.0,27.7,5100949,348.5,Médio
2023,2,2023-02-01,Sudeste,RJ,Agrícola,37.69,25.81,60.55,72.8,24.4,1940199,95.28,Alto
2023,2,2023-02-01,Sudeste,RJ,Industrial,37.56,28.07,70.03,330.0,26.5,3468658,137.83,Baixo
2023,2,2023-02-01,Sudeste,RJ,Agrícola,24.25,41.18,27.0,42.6,29.0,3328782,374.97,Médio
2023,2,2023-02-01,Sudeste,MG,Industrial,9.57,19.11,20.53,90.5,29.0,1685980,296.06,Médio
2023,2,2023-02-01,Sudeste,MG,Industrial,18.01,52.33,75.05,191.0,29.1,5615729,97.42,Crítico
2023,2,2023-02-01,Sudeste,MG,Residencial,22.05,47.17,13.92,105.5,24.8,1087395,147.92,Baixo
2023,2,2023-02-01,Sudeste,ES,Público,15.85,21.36,60.38,113.4,23.0,3347654,440.08,Médio
2023,2,2023-02-01,Sudeste,ES,Comercial,19.95,39.37,14.39,60.9,25.9,5821048,399.44,Médio
2023,2,2023-02-01,Sudeste,ES,Residencial,14.78,28.57,41.2,104.6,24.9,456690,441.5,Baixo
2023,2,2023-02-01,Sul,PR,Comercial,9.9,29.33,87.0,51.7,30.3,4185260,213.27,Alto
2023,2,2023-02-01,Sul,PR,Agrícola,27.82,23.55,38.0,250.8,27.5,1311340,339.34,Médio
2023,2,2023-02-01,Sul,SC,Comercial,9.55,51.08,44.9,146.7,24.0,2299950,292.31,Alto
2023,2,2023-02-01,Sul,SC,Agrícola,38.46,22.74,36.38,239.8,27.7,4032113,442.69,Alto
2023,2,2023-02-01,Sul,RS,Agrícola,32.55,26.33,93.6,57.7,23.3,3588714,195.93,Baixo
2023,2,2023-02-01,Sul,RS,Agrícola,14.24,16.63,63.63,98.4,21.2,2794982,281.19,Crítico
2023,3,2023-03-01,Norte,AM,Agrícola,19.0,7.29,31.77,92.8,26.5,3925293,326.34,Baixo
2023,3,2023-03-01,Norte,PA,Comercial,27.94,23.3,58.15,184.5,29.6,5886404,153.71,Alto
2023,3,2023-03-01,Norte,PA,Residencial,7.88,14.27,52.74,206.2,23.1,716973,279.18,Crítico
2023,3,2023-03-01,Norte,RO,Industrial,5.67,32.1,82.47,100.3,28.0,923106,156.97,Crítico
2023,3,2023-03-01,Norte,TO,Comercial,32.72,26.53,81.97,152.2,23.6,5846092,252.86,Médio
2023,3,2023-03-01,Nordeste,BA,Público,20.76,24.65,37.74,43.9,23.8,1274434,112.91,Baixo
2023,3,2023-03-01,Nordeste,BA,Residencial,13.08,8.53,66.03,87.7,26.8,3349035,355.24,Médio
2023,3,2023-03-01,Nordeste,PE,Residencial,15.75,54.02,72.26,158.9,28.2,1494838,437.48,Alto
2023,3,2023-03-01,Nordeste,PE,Agrícola,4.69,6.38,57.37,76.6,19.0,5931852,235.03,Crítico
2023,3,2023-03-01,Nordeste,CE,Industrial,18.28,42.44,60.7,36.2,27.2,3727071,339.35,Alto
2023,3,2023-03-01,Nordeste,CE,Residencial,27.74,52.74,11.56,44.5,24.2,203807,355.55,Baixo
2023,3,2023-03-01,Nordeste,MA,Comercial,22.26,42.74,94.68,119.8,29.5,2491949,118.15,Alto
2023,3,2023-03-01,Nordeste,PB,Residencial,33.89,44.11,94.92,26.4,22.8,2300111,343.3,Médio
2023,3,2023-03-01,Centro-Oeste,DF,Comercial,3.86,7.84,57.44,92.5,25.4,1256485,133.35,Crítico
2023,3,2023-03-01,Centro-Oeste,GO,Residencial,34.18,28.05,56.33,232.4,30.3,1220974,338.59,Baixo
2023,3,2023-03-01,Centro-Oeste,GO,Público,4.43,22.95,58.4,71.5,23.1,1393652,267.25,Médio
2023,3,2023-03-01,Centro-Oeste,MT,Público,6.41,32.11,93.48,41.1,25.4,5367470,231.82,Crítico
2023,3,2023-03-01,Centro-Oeste,MS,Agrícola,21.57,24.96,82.94,92.1,20.8,5544052,449.72,Crítico
2023,3,2023-03-01,Sudeste,SP,Público,17.72,23.57,13.51,92.7,27.2,2187842,300.53,Baixo
2023,3,2023-03-01,Sudeste,SP,Público,11.43,27.4,63.79,82.5,22.9,5715963,233.42,Médio
2023,3,2023-03-01,Sudeste,SP,Industrial,16.12,17.85,41.19,152.2,28.8,200440,147.29,Baixo
2023,3,2023-03-01,Sudeste,RJ,Público,5.24,18.2,91.42,106.6,29.1,615810,375.83,Alto
2023,3,2023-03-01,Sudeste,RJ,Agrícola,3.47,25.52,80.21,142.1,26.7,4184580,446.09,Crítico
2023,3,2023-03-01,Sudeste,RJ,Agrícola,5.41,33.35,75.61,185.4,23.6,1979272,328.35,Médio
2023,3,2023-03-01,Sudeste,RJ,Agrícola,19.15,8.51,93.06,63.8,24.9,4916175,419.93,Médio
2023,3,2023-03-01,Sudeste,MG,Comercial,3.71,31.49,9.01,39.6,25.1,3908543,294.68,Alto
2023,3,2023-03-01,Sudeste,MG,Comercial,19.12,39.06,21.86,117.1,23.6,4384049,133.75,Baixo
2023,3,2023-03-01,Sudeste,MG,Industrial,34.6,53.23,35.29,174.4,27.4,5554585,421.89,Médio
2023,3,2023-03-01,Sudeste,ES,Residencial,14.71,13.13,15.86,93.0,26.3,638238,90.6,Crítico
2023,3,2023-03-01,Sudeste,ES,Industrial,13.45,54.99,82.04,72.4,19.3,1112036,369.98,Baixo
2023,3,2023-03-01,Sudeste,ES,Residencial,20.71,19.59,69.7,72.0,31.2,2475776,435.88,Médio
2023,3,2023-03-01,Sul,PR,Industrial,31.76,29.85,6.2,104.8,28.0,2817537,232.67,Alto
2023,3,2023-03-01,Sul,PR,Agrícola,14.4,29.98,46.3,225.5,24.1,408801,197.06,Crítico
2023,3,2023-03-01,Sul,SC,Público,10.13,52.23,28.36,126.1,30.5,2547584,379.24,Crítico
2023,3,2023-03-01,Sul,SC,Residencial,20.79,45.76,34.91,50.6,24.5,1411224,292.43,Médio
2023,3,2023-03-01,Sul,RS,Agrícola,17.76,38.55,54.89,54.0,25.7,2535758,130.51,Alto
2023,3,2023-03-01,Sul,RS,Industrial,9.28,36.44,73.98,89.6,25.1,966693,304.36,Médio
2023,4,2023-04-01,Norte,AM,Industrial,10.55,35.27,89.85,78.1,26.3,4750351,448.26,Médio
2023,4,2023-04-01,Norte,PA,Agrícola,13.45,5.12,45.71,71.2,26.7,3948418,306.03,Alto
2023,4,2023-04-01,Norte,PA,Industrial,21.8,40.08,47.87,99.2,25.0,1964006,330.27,Alto
2023,4,2023-04-01,Norte,RO,Comercial,17.41,51.84,43.61,110.7,23.8,347055,355.25,Crítico
2023,4,2023-04-01,Norte,TO,Agrícola,3.99,21.82,64.04,23.7,24.7,2905879,155.96,Médio
2023,4,2023-04-01,Nordeste,BA,Agrícola,17.03,39.93,74.58,71.3,19.7,4474602,188.21,Alto
2023,4,2023-04-01,Nordeste,BA,Industrial,33.92,41.64,58.36,83.7,27.0,1081466,209.88,Alto
2023,4,2023-04-01,Nordeste,PE,Público,22.72,31.97,51.78,215.7,27.9,343167,85.11,Crítico
2023,4,2023-04-01,Nordeste,PE,Agrícola,6.67,15.64,64.58,221.5,28.8,3531305,341.04,Baixo
2023,4,2023-04-01,Nordeste,CE,Agrícola,29.62,31.84,44.24,87.1,26.0,5252858,98.34,Alto
2023,4,2023-04-01,Nordeste,CE,Público,36.36,54.05,11.57,173.8,29.4,5200757,260.33,Crítico
2023,4,2023-04-01,Nordeste,MA,Agrícola,19.19,43.56,45.13,214.5,31.3,270783,134.22,Baixo
2023,4,2023-04-01,Nordeste,PB,Industrial,7.91,20.77,8.43,34.7,26.3,392519,404.42,Crítico
2023,4,2023-04-01,Centro-Oeste,DF,Público,25.81,20.76,82.27,112.7,29.9,2877870,148.03,Alto
2023,4,2023-04-01,Centro-Oeste,GO,Residencial,3.48,38.77,5.34,271.3,28.9,2196814,379.35,Baixo
2023,4,2023-04-01,Centro-Oeste,GO,Residencial,32.11,52.16,96.4,114.9,23.2,4340671,157.97,Crítico
2023,4,2023-04-01,Centro-Oeste,MT,Comercial,19.63,54.88,63.94,104.8,28.1,552638,332.95,Alto
2023,4,2023-04-01,Centro-Oeste,MS,Público,10.97,5.06,76.06,81.7,30.7,5749393,266.65,Baixo
2023,4,2023-04-01,Sudeste,SP,Industrial,36.46,13.38,81.56,88.8,27.6,5635623,140.63,Alto
2023,4,2023-04-01,Sudeste,SP,Industrial,30.43,6.69,83.35,160.9,25.1,2173882,304.81,Médio
2023,4,2023-04-01,Sudeste,SP,Residencial,8.19,23.34,64.71,62.6,31.3,1590617,304.74,Médio
2023,4,2023-04-01,Sudeste,RJ,Residencial,34.82,5.14,85.03,66.4,23.6,1340391,403.58,Alto
2023,4,2023-04-01,Sudeste,RJ,Residencial,3.96,13.35,65.19,70.5,24.4,2106188,182.63,Crítico
2023,4,2023-04-01,Sudeste,RJ,Público,37.03,27.46,13.18,113.1,23.3,3404602,346.0,Crítico
2023,4,2023-04-01,Sudeste,RJ,Residencial,17.42,44.47,59.53,156.8,29.4,2936077,271.57,Alto
2023,4,2023-04-01,Sudeste,MG,Residencial,15.58,44.93,9.61,69.2,24.4,1377700,346.96,Crítico
2023,4,2023-04-01,Sudeste,MG,Agrícola,27.83,26.91,25.98,56.4,23.4,5725453,175.6,Médio
2023,4,2023-04-01,Sudeste,MG,Comercial,21.39,23.3,98.76,70.6,25.8,544877,167.88,Médio
2023,4,2023-04-01,Sudeste,ES,Industrial,10.52,39.81,87.53,143.5,22.9,4482351,338.47,Alto
2023,4,2023-04-01,Sudeste,ES,Comercial,7.37,54.77,91.14,134.3,27.3,4379230,289.86,Alto
2023,4,2023-04-01,Sudeste,ES,Público,17.52,30.66,36.72,103.8,21.3,5803425,292.53,Crítico
2023,4,2023-04-01,Sul,PR,Comercial,13.16,46.23,73.78,64.2,28.9,398840,442.42,Crítico
2023,4,2023-04-01,Sul,PR,Público,11.56,29.65,25.73,50.3,25.5,1727187,390.97,Alto
2023,4,2023-04-01,Sul,SC,Agrícola,22.97,32.78,6.76,153.0,29.0,855964,268.53,Baixo
2023,4,2023-04-01,Sul,SC,Residencial,22.81,31.43,66.91,42.5,22.6,1413632,145.41,Baixo
2023,4,2023-04-01,Sul,RS,Industrial,21.3,11.6,94.89,100.9,26.8,2711752,430.03,Médio
2023,4,2023-04-01,Sul,RS,Comercial,26.12,49.56,62.65,204.9,24.2,3791377,209.31,Baixo
2023,5,2023-05-01,Norte,AM,Industrial,12.81,40.63,16.53,160.0,26.6,2571167,377.71,Médio
2023,5,2023-05-01,Norte,PA,Residencial,16.04,17.33,94.79,90.4,26.8,1018566,227.48,Alto
2023,5,2023-05-01,Norte,PA,Industrial,6.88,41.81,41.44,86.9,26.6,2772842,405.82,Crítico
2023,5,2023-05-01,Norte,RO,Residencial,9.4,30.44,17.51,35.8,22.4,1406709,385.57,Crítico
2023,5,2023-05-01,Norte,TO,Industrial,16.53,52.66,75.61,83.5,24.5,3219379,107.48,Médio
2023,5,2023-05-01,Nordeste,BA,Comercial,19.21,28.18,15.56,130.1,25.6,4682381,267.58,Alto
2023,5,2023-05-01,Nordeste,BA,Público,39.33,45.47,14.39,85.2,21.7,3257127,166.45,Médio
2023,5,2023-05-01,Nordeste,PE,Comercial,14.91,32.75,53.05,123.8,28.1,2913020,325.02,Crítico
2023,5,2023-05-01,Nordeste,PE,Comercial,37.63,6.87,32.36,66.6,23.1,3008357,322.94,Baixo
2023,5,2023-05-01,Nordeste,CE,Agrícola,34.98,40.98,8.78,114.6,26.1,5658533,211.62,Baixo
2023,5,2023-05-01,Nordeste,CE,Agrícola,21.31,9.23,5.39,51.7,24.5,3881039,334.62,Médio
2023,5,2023-05-01,Nordeste,MA,Público,18.25,25.98,46.33,60.4,26.8,2544137,217.11,Médio
2023,5,2023-05-01,Nordeste,PB,Público,31.68,6.85,97.48,138.5,28.4,4443798,250.92,Crítico
2023,5,2023-05-01,Centro-Oeste,DF,Residencial,9.06,51.4,47.07,165.5,31.2,2384467,375.52,Médio
2023,5,2023-05-01,Centro-Oeste,GO,Residencial,17.37,22.38,87.36,134.6,23.8,3405324,162.48,Médio
2023,5,2023-05-01,Centro-Oeste,GO,Comercial,12.38,24.64,8.45,232.0,29.8,2968909,449.95,Baixo
2023,5,2023-05-01,Centro-Oeste,MT,Comercial,22.53,21.2,84.5,164.2,27.5,3331069,87.26,Alto
2023,5,2023-05-01,Centro-Oeste,MS,Agrícola,17.77,52.33,69.82,70.4,27.1,4427948,253.28,Médio
2023,5,2023-05-01,Sudeste,SP,Comercial,37.01,19.6,32.71,235.6,26.3,1829187,184.43,Alto
2023,5,2023-05-01,Sudeste,SP,Industrial,28.05,17.74,21.5,91.9,26.4,2459408,185.95,Médio
2023,5,2023-05-01,Sudeste,SP,Residencial,5.23,30.44,22.91,88.4,27.3,5344053,367.26,Crítico
2023,5,2023-05-01,Sudeste,RJ,Industrial,11.1,31.26,47.15,142.6,23.4,3336517,408.44,Médio
2023,5,2023-05-01,Sudeste,RJ,Comercial,6.85,21.13,68.58,30.5,24.9,3522717,439.18,Crítico
2023,5,2023-05-01,Sudeste,RJ,Residencial,37.99,6.96,56.92,110.3,26.4,5718064,394.19,Crítico
2023,5,2023-05-01,Sudeste,RJ,Público,31.44,54.43,75.49,218.3,26.6,4599755,256.94,Médio
2023,5,2023-05-01,Sudeste,MG,Residencial,15.19,27.44,36.43,48.3,23.9,4677854,389.05,Baixo
2023,5,2023-05-01,Sudeste,MG,Comercial,20.33,19.76,33.65,70.6,30.4,612855,298.44,Alto
2023,5,2023-05-01,Sudeste,MG,Agrícola,28.37,22.51,80.09,82.8,23.4,2221211,209.26,Alto
2023,5,2023-05-01,Sudeste,ES,Comercial,32.02,44.18,97.11,128.2,30.4,2474824,425.77,Alto
2023,5,2023-05-01,Sudeste,ES,Residencial,6.52,16.05,73.86,131.2,26.2,4218832,104.66,Baixo
2023,5,2023-05-01,Sudeste,ES,Comercial,7.85,15.81,47.95,61.4,21.5,4399972,94.73,Crítico
2023,5,2023-05-01,Sul,PR,Industrial,25.07,50.64,71.24,96.5,28.9,5400893,158.14,Crítico
2023,5,2023-05-01,Sul,PR,Agrícola,37.62,24.94,35.69,99.8,28.5,1432432,261.98,Alto
2023,5,2023-05-01,Sul,SC,Agrícola,39.31,51.4,95.24,25.7,20.4,1680795,123.48,Crítico
2023,5,2023-05-01,Sul,SC,Residencial,12.81,13.53,48.57,82.0,28.8,1915581,304.96,Alto
2023,5,2023-05-01,Sul,RS,Comercial,30.13,24.38,32.74,102.1,21.3,3092954,174.34,Alto
2023,5,2023-05-01,Sul,RS,Público,25.53,33.04,57.0,121.6,26.0,770818,425.9,Crítico
2023,6,2023-06-01,Norte,AM,Agrícola,14.76,51.5,25.66,31.2,25.2,3189958,194.53,Crítico
2023,6,2023-06-01,Norte,PA,Industrial,22.37,42.49,28.14,87.4,22.3,1360718,207.23,Crítico
2023,6,2023-06-01,Norte,PA,Comercial,25.82,21.76,11.76,103.5,24.0,4555396,215.82,Crítico
2023,6,2023-06-01,Norte,RO,Industrial,33.31,12.54,80.45,81.7,25.1,3668682,437.88,Alto
2023,6,2023-06-01,Norte,TO,Comercial,36.32,22.86,26.54,157.6,24.3,1200071,259.14,Crítico
2023,6,2023-06-01,Nordeste,BA,Industrial,22.73,44.97,29.48,197.2,28.9,4130718,295.41,Baixo
2023,6,2023-06-01,Nordeste,BA,Público,31.37,16.97,83.79,41.7,26.0,4557973,84.54,Crítico
2023,6,2023-06-01,Nordeste,PE,Residencial,34.44,51.08,55.89,60.3,28.6,4928045,174.16,Crítico
2023,6,2023-06-01,Nordeste,PE,Comercial,21.76,46.84,41.79,143.9,23.3,2474023,299.78,Crítico
2023,6,2023-06-01,Nordeste,CE,Residencial,25.34,49.31,74.7,114.8,26.1,4119609,324.07,Alto
2023,6,2023-06-01,Nordeste,CE,Comercial,10.87,13.8,66.86,212.3,23.0,4588427,315.69,Médio
2023,6,2023-06-01,Nordeste,MA,Agrícola,21.4,44.07,29.55,130.3,26.8,3083157,397.17,Alto
2023,6,2023-06-01,Nordeste,PB,Agrícola,5.6,45.69,25.68,78.8,25.0,5954227,197.91,Baixo
2023,6,2023-06-01,Centro-Oeste,DF,Residencial,27.06,31.88,96.41,50.5,23.8,2796051,243.0,Baixo
2023,6,2023-06-01,Centro-Oeste,GO,Residencial,38.59,20.69,50.68,114.6,21.1,3971265,248.94,Crítico
2023,6,2023-06-01,Centro-Oeste,GO,Industrial,24.87,20.8,46.33,66.1,20.6,2796393,207.36,Crítico
2023,6,2023-06-01,Centro-Oeste,MT,Público,37.74,11.82,96.31,121.5,25.3,3027740,191.22,Alto
2023,6,2023-06-01,Centro-Oeste,MS,Residencial,21.51,14.68,18.16,118.0,24.1,3829769,121.56,Médio
2023,6,2023-06-01,Sudeste,SP,Residencial,14.18,17.72,5.31,54.4,26.6,119685,234.8,Médio
2023,6,2023-06-01,Sudeste,SP,Agrícola,12.5,6.95,22.08,62.2,26.5,1460595,125.03,Baixo
2023,6,2023-06-01,Sudeste,SP,Comercial,13.29,36.6,23.9,104.7,27.8,3621654,410.3,Baixo
2023,6,2023-06-01,Sudeste,RJ,Público,17.19,46.51,97.28,70.0,28.3,2934968,359.76,Médio
2023,6,2023-06-01,Sudeste,RJ,Industrial,6.13,47.54,85.6,29.0,26.0,5224327,154.68,Alto
2023,6,2023-06-01,Sudeste,RJ,Agrícola,13.71,28.7,56.83,62.9,29.5,2453075,393.89,Médio
2023,6,2023-06-01,Sudeste,RJ,Público,27.48,13.68,70.58,67.9,25.5,4943139,386.66,Médio
2023,6,2023-06-01,Sudeste,MG,Residencial,2.17,50.47,52.83,123.0,25.2,3467579,335.55,Crítico
2023,6,2023-06-01,Sudeste,MG,Público,30.13,18.92,76.61,127.8,22.5,635924,315.38,Baixo
2023,6,2023-06-01,Sudeste,MG,Agrícola,31.31,23.27,25.17,140.8,28.2,2300919,437.97,Baixo
2023,6,2023-06-01,Sudeste,ES,Público,15.83,6.86,65.1,103.1,24.8,5605906,274.67,Baixo
2023,6,2023-06-01,Sudeste,ES,Industrial,18.16,46.33,8.73,126.0,23.0,4530686,128.99,Alto
2023,6,2023-06-01,Sudeste,ES,Agrícola,33.1,47.87,18.78,115.5,30.1,3139898,372.05,Alto
2023,6,2023-06-01,Sul,PR,Industrial,2.5,32.51,67.87,174.9,24.2,851277,215.83,Alto
2023,6,2023-06-01,Sul,PR,Industrial,38.25,20.68,78.21,72.5,23.0,5047934,391.92,Baixo
2023,6,2023-06-01,Sul,SC,Industrial,13.0,41.41,97.48,167.9,30.4,3839943,225.75,Alto
2023,6,2023-06-01,Sul,SC,Agrícola,10.32,51.8,98.69,16.9,22.8,1589368,94.76,Baixo
2023,6,2023-06-01,Sul,RS,Agrícola,38.05,44.94,92.78,101.4,27.7,528837,167.91,Alto
2023,6,2023-06-01,Sul,RS,Público,10.32,12.98,76.75,60.5,28.4,807060,88.85,Médio
2023,7,2023-07-01,Norte,AM,Comercial,19.47,13.9,96.87,218.5,23.5,2464021,418.74,Baixo
2023,7,2023-07-01,Norte,PA,Comercial,4.64,5.21,14.27,177.5,24.8,4811364,196.24,Alto
2023,7,2023-07-01,Norte,PA,Industrial,30.63,21.1,54.48,57.7,23.4,4201522,245.52,Médio
2023,7,2023-07-01,Norte,RO,Público,13.69,16.55,65.58,81.7,30.7,5255735,367.35,Médio
2023,7,2023-07-01,Norte,TO,Comercial,36.46,30.59,9.64,86.0,24.5,3348090,404.71,Médio
2023,7,2023-07-01,Nordeste,BA,Público,31.67,8.13,35.1,55.9,22.7,1109325,263.25,Crítico
2023,7,2023-07-01,Nordeste,BA,Industrial,19.66,22.71,81.88,89.2,28.2,1326378,271.54,Alto
2023,7,2023-07-01,Nordeste,PE,Agrícola,21.29,40.4,35.37,59.1,28.0,2966195,204.98,Alto
2023,7,2023-07-01,Nordeste,PE,Agrícola,2.64,5.0,96.82,89.7,32.7,3370492,394.18,Crítico
2023,7,2023-07-01,Nordeste,CE,Industrial,6.45,11.1,73.81,132.5,22.0,1572706,337.81,Alto
2023,7,2023-07-01,Nordeste,CE,Residencial,29.27,52.31,62.66,168.6,26.5,2466425,430.71,Médio
2023,7,2023-07-01,Nordeste,MA,Público,27.92,12.64,27.98,50.7,23.5,381956,228.4,Alto
2023,7,2023-07-01,Nordeste,PB,Residencial,38.72,37.86,8.53,132.5,24.7,4119700,186.27,Médio
2023,7,2023-07-01,Centro-Oeste,DF,Agrícola,20.76,33.07,40.12,113.8,22.8,4356165,359.8,Crítico
2023,7,2023-07-01,Centro-Oeste,GO,Público,19.74,18.02,89.37,141.0,24.0,3124834,279.61,Médio
2023,7,2023-07-01,Centro-Oeste,GO,Industrial,20.01,5.2,50.86,18.6,24.5,4018988,427.6,Baixo
2023,7,2023-07-01,Centro-Oeste,MT,Comercial,6.58,17.57,40.96,114.6,21.2,4657346,146.14,Crítico
2023,7,2023-07-01,Centro-Oeste,MS,Público,24.85,40.13,63.61,110.0,26.8,313978,354.1,Médio
2023,7,2023-07-01,Sudeste,SP,Agrícola,13.33,44.33,35.38,156.6,29.0,3966351,396.23,Alto
2023,7,2023-07-01,Sudeste,SP,Residencial,14.61,23.54,25.65,108.7,22.0,3697217,189.04,Baixo
2023,7,2023-07-01,Sudeste,SP,Agrícola,33.18,36.56,36.51,75.1,23.7,5504360,297.05,Alto
2023,7,2023-07-01,Sudeste,RJ,Industrial,38.28,43.44,17.92,61.7,18.7,2856762,335.82,Baixo
2023,7,2023-07-01,Sudeste,RJ,Comercial,15.53,22.21,94.14,112.0,23.6,3386270,307.64,Médio
2023,7,2023-07-01,Sudeste,RJ,Público,29.02,18.0,23.8,121.3,30.3,3559376,393.52,Baixo
2023,7,2023-07-01,Sudeste,RJ,Público,4.54,5.71,12.52,205.2,27.5,205695,314.97,Médio
2023,7,2023-07-01,Sudeste,MG,Comercial,11.52,13.1,93.87,186.1,26.1,3108703,192.26,Crítico
2023,7,2023-07-01,Sudeste,MG,Industrial,27.2,39.9,93.48,137.9,25.2,417255,162.72,Alto
2023,7,2023-07-01,Sudeste,MG,Residencial,9.22,52.16,65.03,17.3,28.4,4069959,313.71,Crítico
2023,7,2023-07-01,Sudeste,ES,Comercial,9.63,51.52,21.88,69.1,25.2,3871844,259.01,Médio
2023,7,2023-07-01,Sudeste,ES,Industrial,28.29,15.21,6.5,7.0,27.6,3737434,359.31,Crítico
2023,7,2023-07-01,Sudeste,ES,Agrícola,15.81,35.56,42.99,87.9,23.3,5282543,390.12,Crítico
2023,7,2023-07-01,Sul,PR,Comercial,13.33,52.66,17.0,15.2,25.3,1189240,441.35,Alto
2023,7,2023-07-01,Sul,PR,Público,24.74,26.26,76.55,110.4,21.9,5873531,396.97,Alto
2023,7,2023-07-01,Sul,SC,Público,9.22,18.22,14.28,35.0,29.9,2116353,129.01,Crítico
2023,7,2023-07-01,Sul,SC,Industrial,19.94,44.72,67.13,269.5,25.1,2613796,189.91,Baixo
2023,7,2023-07-01,Sul,RS,Público,21.98,32.48,61.64,22.4,24.5,5889769,226.6,Crítico
2023,7,2023-07-01,Sul,RS,Agrícola,12.19,12.78,76.01,216.8,27.3,2613049,411.26,Baixo
2023,8,2023-08-01,Norte,AM,Industrial,33.73,43.31,40.68,159.4,24.8,4752937,412.56,Alto
2023,8,2023-08-01,Norte,PA,Industrial,7.75,8.2,56.31,63.5,32.0,3626821,440.22,Alto
2023,8,2023-08-01,Norte,PA,Residencial,34.14,16.29,65.45,127.4,26.7,1353966,137.98,Baixo
2023,8,2023-08-01,Norte,RO,Industrial,5.98,24.13,32.09,139.2,28.3,806420,307.79,Crítico
2023,8,2023-08-01,Norte,TO,Residencial,35.93,16.15,16.22,75.0,27.5,885935,195.03,Baixo
2023,8,2023-08-01,Nordeste,BA,Industrial,35.97,9.92,43.09,74.3,25.5,4156968,192.56,Médio
2023,8,2023-08-01,Nordeste,BA,Público,11.13,7.85,45.1,116.7,30.2,3409020,145.18,Baixo
2023,8,2023-08-01,Nordeste,PE,Comercial,33.21,38.15,39.42,147.3,25.8,2928525,387.82,Alto
2023,8,2023-08-01,Nordeste,PE,Público,18.97,22.71,30.7,136.7,24.5,1231470,326.56,Crítico
2023,8,2023-08-01,Nordeste,CE,Público,20.03,11.83,51.14,102.2,24.6,4938962,364.04,Crítico
2023,8,2023-08-01,Nordeste,CE,Residencial,5.28,6.46,21.39,147.6,24.7,3250303,177.2,Alto
2023,8,2023-08-01,Nordeste,MA,Agrícola,12.84,30.5,24.56,209.1,31.0,3608151,139.66,Baixo
2023,8,2023-08-01,Nordeste,PB,Comercial,22.92,32.59,10.58,98.4,26.3,629678,217.62,Crítico
2023,8,2023-08-01,Centro-Oeste,DF,Público,18.6,29.7,34.32,100.0,24.3,641906,346.46,Médio
2023,8,2023-08-01,Centro-Oeste,GO,Agrícola,16.4,50.8,82.76,65.2,27.7,4101893,152.86,Baixo
2023,8,2023-08-01,Centro-Oeste,GO,Agrícola,21.67,31.81,48.75,78.6,24.5,4525004,108.39,Baixo
2023,8,2023-08-01,Centro-Oeste,MT,Residencial,29.42,33.81,31.45,34.9,24.7,1779425,129.92,Médio
2023,8,2023-08-01,Centro-Oeste,MS,Agrícola,30.78,6.0,9.24,74.4,24.3,4446830,114.61,Médio
2023,8,2023-08-01,Sudeste,SP,Comercial,18.93,21.01,68.78,41.8,26.1,2156584,399.48,Alto
2023,8,2023-08-01,Sudeste,SP,Residencial,20.23,51.99,43.78,104.1,30.1,5593931,365.23,Médio
2023,8,2023-08-01,Sudeste,SP,Residencial,3.99,35.33,59.24,161.1,27.9,479263,210.12,Crítico
2023,8,2023-08-01,Sudeste,RJ,Comercial,24.59,31.67,56.45,39.5,21.7,1659853,202.71,Médio
2023,8,2023-08-01,Sudeste,RJ,Industrial,38.67,52.96,29.85,67.4,21.0,324582,98.29,Crítico
2023,8,2023-08-01,Sudeste,RJ,Industrial,30.37,50.7,74.34,196.2,29.9,3908454,176.49,Baixo
2023,8,2023-08-01,Sudeste,RJ,Comercial,5.6,44.1,13.17,352.7,24.2,947782,215.58,Alto
2023,8,2023-08-01,Sudeste,MG,Residencial,5.92,31.18,84.9,67.1,23.9,1696317,379.96,Alto
2023,8,2023-08-01,Sudeste,MG,Agrícola,20.17,36.37,75.15,116.5,29.6,3810119,316.58,Crítico
2023,8,2023-08-01,Sudeste,MG,Comercial,32.48,15.92,61.07,113.0,28.4,3569592,277.87,Crítico
2023,8,2023-08-01,Sudeste,ES,Comercial,5.65,23.47,74.72,121.3,24.4,4286541,238.62,Baixo
2023,8,2023-08-01,Sudeste,ES,Residencial,8.37,39.51,21.71,73.1,21.9,4423265,390.16,Baixo
2023,8,2023-08-01,Sudeste,ES,Residencial,23.48,40.03,21.27,213.9,27.8,4474857,371.39,Médio
2023,8,2023-08-01,Sul,PR,Residencial,24.72,43.7,65.75,86.1,25.0,2691954,349.43,Alto
2023,8,2023-08-01,Sul,PR,Agrícola,21.34,33.23,17.31,58.1,22.3,433175,315.03,Crítico
2023,8,2023-08-01,Sul,SC,Residencial,26.55,50.89,26.15,116.5,25.8,3345824,120.54,Crítico
2023,8,2023-08-01,Sul,SC,Industrial,38.85,44.21,53.1,132.0,20.4,1837340,422.57,Baixo
2023,8,2023-08-01,Sul,RS,Industrial,21.54,33.63,24.37,105.0,26.5,1188563,167.6,Crítico
2023,8,2023-08-01,Sul,RS,Público,27.74,22.23,66.41,121.6,24.9,5887349,321.68,Crítico
2023,9,2023-09-01,Norte,AM,Público,24.26,13.96,80.08,22.9,20.0,3309492,382.53,Médio
2023,9,2023-09-01,Norte,PA,Industrial,35.79,13.37,70.02,75.1,25.0,5014402,144.87,Baixo
2023,9,2023-09-01,Norte,PA,Agrícola,33.93,13.13,78.75,206.8,24.9,760578,242.92,Baixo
2023,9,2023-09-01,Norte,RO,Público,24.12,27.61,85.79,24.7,28.5,2215488,170.95,Médio
2023,9,2023-09-01,Norte,TO,Residencial,3.57,17.86,81.69,48.6,26.5,2362369,314.87,Crítico
2023,9,2023-09-01,Nordeste,BA,Comercial,18.91,25.86,27.59,33.6,28.4,4560311,130.88,Crítico
2023,9,2023-09-01,Nordeste,BA,Residencial,34.97,29.62,21.93,164.6,26.1,5129499,137.46,Alto
2023,9,2023-09-01,Nordeste,PE,Agrícola,9.48,12.32,95.65,306.0,25.3,1938379,279.4,Alto
2023,9,2023-09-01,Nordeste,PE,Comercial,9.36,20.52,8.25,175.1,30.9,5326541,172.83,Médio
2023,9,2023-09-01,Nordeste,CE,Comercial,8.59,38.62,35.28,172.3,28.1,4124685,99.21,Médio
2023,9,2023-09-01,Nordeste,CE,Público,36.22,21.25,49.73,38.5,27.4,1185920,415.81,Alto
2023,9,2023-09-01,Nordeste,MA,Residencial,21.29,36.88,34.67,81.3,27.7,1575726,296.57,Médio
2023,9,2023-09-01,Nordeste,PB,Comercial,19.5,17.02,51.79,75.0,28.4,115909,196.71,Baixo
2023,9,2023-09-01,Centro-Oeste,DF,Público,11.19,43.18,61.62,136.6,20.6,2779202,131.66,Crítico
2023,9,2023-09-01,Centro-Oeste,GO,Público,35.3,45.42,87.89,226.2,21.5,2654405,416.95,Crítico
2023,9,2023-09-01,Centro-Oeste,GO,Público,4.21,18.13,54.18,55.1,26.3,550824,183.12,Médio
2023,9,2023-09-01,Centro-Oeste,MT,Residencial,38.86,49.61,71.2,64.5,25.2,1657596,426.87,Baixo
2023,9,2023-09-01,Centro-Oeste,MS,Agrícola,8.3,16.36,91.32,65.6,30.1,726801,228.06,Baixo
2023,9,2023-09-01,Sudeste,SP,Comercial,26.68,6.15,91.47,123.3,26.8,1478715,274.39,Médio
2023,9,2023-09-01,Sudeste,SP,Público,28.77,17.5,91.87,75.4,29.2,4624506,421.84,Médio
2023,9,2023-09-01,Sudeste,SP,Agrícola,28.92,50.77,49.38,52.1,28.5,5333016,223.8,Crítico
2023,9,2023-09-01,Sudeste,RJ,Industrial,24.84,12.1,87.64,51.8,24.8,4201974,93.66,Médio
2023,9,2023-09-01,Sudeste,RJ,Residencial,17.52,19.31,56.0,57.6,22.1,5842571,122.38,Baixo
2023,9,2023-09-01,Sudeste,RJ,Comercial,26.65,30.1,22.98,87.0,26.5,2065629,303.71,Baixo
2023,9,2023-09-01,Sudeste,RJ,Residencial,10.02,15.19,77.51,32.1,23.6,131749,192.97,Médio
2023,9,2023-09-01,Sudeste,MG,Comercial,32.95,43.03,68.13,119.3,26.3,1772919,364.87,Baixo
2023,9,2023-09-01,Sudeste,MG,Residencial,8.03,48.14,95.61,156.8,21.9,3869967,320.09,Crítico
2023,9,2023-09-01,Sudeste,MG,Público,21.75,49.78,32.79,114.1,27.1,2044799,119.73,Crítico
2023,9,2023-09-01,Sudeste,ES,Residencial,11.81,46.55,57.57,100.8,27.1,5925855,440.69,Crítico
2023,9,2023-09-01,Sudeste,ES,Industrial,39.66,43.48,77.16,95.9,26.1,3708539,89.72,Crítico
2023,9,2023-09-01,Sudeste,ES,Agrícola,21.09,47.48,91.45,70.8,25.8,327126,428.19,Baixo
2023,9,2023-09-01,Sul,PR,Comercial,16.53,12.77,63.43,68.3,22.7,4714777,246.49,Alto
2023,9,2023-09-01,Sul,PR,Agrícola,22.31,9.03,85.09,25.3,19.8,3495573,299.87,Crítico
2023,9,2023-09-01,Sul,SC,Público,14.18,21.13,64.6,121.8,20.3,1799579,270.36,Baixo
2023,9,2023-09-01,Sul,SC,Agrícola,35.61,24.34,64.47,41.2,30.5,2855634,198.4,Baixo
2023,9,2023-09-01,Sul,RS,Agrícola,12.87,29.52,58.55,47.8,25.7,3992010,102.05,Médio
2023,9,2023-09-01,Sul,RS,Residencial,39.34,28.83,10.32,149.9,29.0,2469049,345.85,Baixo
2023,10,2023-10-01,Norte,AM,Comercial,16.06,34.91,36.12,139.4,25.5,1182796,241.29,Baixo
2023,10,2023-10-01,Norte,PA,Residencial,25.68,25.9,52.32,192.2,20.6,5214548,191.58,Médio
2023,10,2023-10-01,Norte,PA,Comercial,3.6,24.86,80.39,101.6,27.1,5591253,416.87,Alto
2023,10,2023-10-01,Norte,RO,Agrícola,28.59,27.71,38.18,173.8,26.6,5992839,252.64,Alto
2023,10,2023-10-01,Norte,TO,Industrial,11.61,50.9,67.08,142.6,26.8,4313268,196.08,Crítico
2023,10,2023-10-01,Nordeste,BA,Industrial,35.93,17.0,88.62,40.7,24.5,3491640,90.0,Médio
2023,10,2023-10-01,Nordeste,BA,Público,33.26,23.18,6.69,125.0,22.6,2885203,245.23,Médio
2023,10,2023-10-01,Nordeste,PE,Agrícola,19.15,43.7,20.48,78.8,29.1,5535098,155.14,Baixo
2023,10,2023-10-01,Nordeste,PE,Agrícola,30.64,38.69,81.89,261.4,21.8,5603940,106.82,Crítico
2023,10,2023-10-01,Nordeste,CE,Agrícola,16.44,25.75,26.22,49.8,31.2,1274100,371.2,Alto
2023,10,2023-10-01,Nordeste,CE,Comercial,3.22,19.62,63.37,41.5,28.2,3781000,313.76,Médio
2023,10,2023-10-01,Nordeste,MA,Comercial,6.21,39.5,71.26,46.6,27.5,1698215,201.98,Alto
2023,10,2023-10-01,Nordeste,PB,Agrícola,7.99,14.14,29.12,231.2,25.8,5016316,407.61,Crítico
2023,10,2023-10-01,Centro-Oeste,DF,Comercial,14.4,15.45,74.6,103.1,27.8,5775109,139.86,Médio
2023,10,2023-10-01,Centro-Oeste,GO,Agrícola,26.81,48.39,65.98,91.9,22.7,1222261,380.29,Baixo
2023,10,2023-10-01,Centro-Oeste,GO,Agrícola,31.94,7.6,83.24,143.9,29.1,1057006,447.97,Baixo
2023,10,2023-10-01,Centro-Oeste,MT,Público,34.74,37.89,95.21,71.2,23.0,1943444,378.99,Baixo
2023,10,2023-10-01,Centro-Oeste,MS,Residencial,25.69,44.79,82.79,166.0,26.5,4029640,352.9,Alto
2023,10,2023-10-01,Sudeste,SP,Residencial,28.26,46.31,27.7,148.0,30.5,565280,414.3,Alto
2023,10,2023-10-01,Sudeste,SP,Agrícola,16.84,30.17,49.93,52.8,26.5,3940091,169.99,Médio
2023,10,2023-10-01,Sudeste,SP,Comercial,7.78,52.76,11.07,58.3,21.5,2264264,398.97,Médio
2023,10,2023-10-01,Sudeste,RJ,Residencial,37.07,51.72,46.51,142.6,27.7,2344512,83.66,Crítico
2023,10,2023-10-01,Sudeste,RJ,Público,21.83,49.38,78.29,121.1,31.8,709652,168.88,Médio
2023,10,2023-10-01,Sudeste,RJ,Comercial,10.83,30.01,80.58,159.6,22.0,349342,173.16,Baixo
2023,10,2023-10-01,Sudeste,RJ,Comercial,5.1,53.09,14.46,321.4,27.9,4912158,198.12,Médio
2023,10,2023-10-01,Sudeste,MG,Industrial,38.04,42.08,63.31,51.3,25.2,2902681,338.73,Alto
2023,10,2023-10-01,Sudeste,MG,Público,7.4,27.17,82.41,89.0,27.8,2836644,302.07,Alto
2023,10,2023-10-01,Sudeste,MG,Comercial,15.01,18.15,94.69,87.8,30.1,3570130,121.07,Baixo
2023,10,2023-10-01,Sudeste,ES,Agrícola,14.82,41.81,22.73,165.4,23.5,5723835,198.42,Baixo
2023,10,2023-10-01,Sudeste,ES,Industrial,21.43,25.43,15.58,112.2,23.3,2329572,444.1,Baixo
2023,10,2023-10-01,Sudeste,ES,Agrícola,36.8,21.57,95.43,174.0,23.9,5337517,434.43,Médio
2023,10,2023-10-01,Sul,PR,Agrícola,7.72,26.73,43.7,145.5,26.4,2748925,121.71,Baixo
2023,10,2023-10-01,Sul,PR,Agrícola,24.47,48.78,24.13,123.1,25.7,560584,380.88,Médio
2023,10,2023-10-01,Sul,SC,Residencial,20.4,14.92,93.97,81.2,26.0,5680318,161.74,Crítico
2023,10,2023-10-01,Sul,SC,Residencial,21.56,29.44,94.9,102.1,25.8,718945,260.76,Baixo
2023,10,2023-10-01,Sul,RS,Residencial,11.57,40.59,99.04,37.6,28.2,1961989,343.27,Médio
2023,10,2023-10-01,Sul,RS,Comercial,12.54,18.12,11.51,136.2,27.9,1788877,319.2,Baixo
2023,11,2023-11-01,Norte,AM,Comercial,27.56,14.27,7.46,30.4,23.7,2590037,104.01,Crítico
2023,11,2023-11-01,Norte,PA,Residencial,17.32,50.57,40.99,70.0,29.3,4879330,115.45,Crítico
2023,11,2023-11-01,Norte,PA,Residencial,19.27,54.62,54.58,2.6,24.8,5921946,196.24,Baixo
2023,11,2023-11-01,Norte,RO,Agrícola,21.12,29.31,55.38,67.8,26.5,4601180,205.53,Crítico
2023,11,2023-11-01,Norte,TO,Público,3.26,17.31,67.09,312.7,24.9,5746951,381.07,Alto
2023,11,2023-11-01,Nordeste,BA,Residencial,14.16,24.78,45.58,93.1,27.3,1580243,442.51,Baixo
2023,11,2023-11-01,Nordeste,BA,Industrial,11.72,5.77,82.89,235.7,30.1,4727869,226.71,Médio
2023,11,2023-11-01,Nordeste,PE,Público,2.87,16.36,90.1,135.3,23.7,4043028,88.69,Crítico
2023,11,2023-11-01,Nordeste,PE,Comercial,2.53,34.25,10.84,60.6,26.8,2610111,360.53,Baixo
2023,11,2023-11-01,Nordeste,CE,Industrial,38.39,41.34,89.1,40.5,24.4,3258724,345.23,Médio
2023,11,2023-11-01,Nordeste,CE,Industrial,4.71,48.82,26.9,50.2,26.9,2995707,348.91,Baixo
2023,11,2023-11-01,Nordeste,MA,Agrícola,23.11,46.23,93.2,74.1,29.3,245904,322.14,Médio
2023,11,2023-11-01,Nordeste,PB,Comercial,2.77,35.22,17.61,145.1,27.7,5478092,400.73,Alto
2023,11,2023-11-01,Centro-Oeste,DF,Residencial,21.91,52.22,12.64,150.1,26.4,2041651,302.02,Alto
2023,11,2023-11-01,Centro-Oeste,GO,Residencial,22.11,52.8,88.91,39.6,30.2,1942232,343.64,Baixo
2023,11,2023-11-01,Centro-Oeste,GO,Público,31.94,17.84,41.71,30.0,27.4,238215,378.42,Médio
2023,11,2023-11-01,Centro-Oeste,MT,Comercial,26.89,9.9,68.44,35.0,28.8,1094341,92.52,Alto
2023,11,2023-11-01,Centro-Oeste,MS,Industrial,18.66,49.09,24.54,36.1,25.9,1354111,168.93,Baixo
2023,11,2023-11-01,Sudeste,SP,Comercial,3.72,43.87,6.67,60.9,24.0,704680,299.08,Crítico
2023,11,2023-11-01,Sudeste,SP,Público,3.48,34.91,28.8,105.9,32.6,4653090,389.08,Crítico
2023,11,2023-11-01,Sudeste,SP,Comercial,14.54,37.1,77.29,180.2,28.3,1193544,170.3,Crítico
2023,11,2023-11-01,Sudeste,RJ,Residencial,28.66,48.6,75.1,51.3,26.0,749865,367.73,Baixo
2023,11,2023-11-01,Sudeste,RJ,Público,30.76,35.14,17.0,187.4,32.0,277959,281.61,Alto
2023,11,2023-11-01,Sudeste,RJ,Residencial,35.61,21.34,32.08,14.7,28.5,1472759,397.49,Alto
2023,11,2023-11-01,Sudeste,RJ,Público,2.54,42.76,65.53,186.0,26.9,4144579,241.12,Baixo
2023,11,2023-11-01,Sudeste,MG,Industrial,3.31,34.87,22.45,210.4,27.3,4977899,155.18,Alto
2023,11,2023-11-01,Sudeste,MG,Comercial,21.26,18.5,15.64,205.1,27.0,1407017,157.05,Baixo
2023,11,2023-11-01,Sudeste,MG,Industrial,11.52,44.02,92.19,120.5,27.6,5398281,275.04,Alto
2023,11,2023-11-01,Sudeste,ES,Público,31.85,36.76,26.46,33.5,27.2,5618405,264.45,Crítico
2023,11,2023-11-01,Sudeste,ES,Agrícola,9.69,30.57,98.44,78.0,28.3,902607,430.17,Baixo
2023,11,2023-11-01,Sudeste,ES,Industrial,6.31,42.03,36.64,87.5,22.3,3082248,129.06,Alto
2023,11,2023-11-01,Sul,PR,Público,12.0,5.95,34.96,97.7,25.9,448511,410.51,Médio
2023,11,2023-11-01,Sul,PR,Industrial,38.18,46.94,5.31,131.6,23.3,284553,162.91,Crítico
2023,11,2023-11-01,Sul,SC,Industrial,33.19,44.17,32.47,100.7,23.8,402005,352.62,Crítico
2023,11,2023-11-01,Sul,SC,Industrial,2.53,16.47,14.62,59.9,22.3,5172462,309.63,Crítico
2023,11,2023-11-01,Sul,RS,Comercial,11.18,13.91,74.0,79.1,27.1,5804052,373.35,Alto
2023,11,2023-11-01,Sul,RS,Industrial,18.42,33.98,36.58,8.4,29.3,5434168,195.24,Baixo
2023,12,2023-12-01,Norte,AM,Agrícola,39.85,30.1,46.55,118.9,21.0,3425946,288.65,Baixo
2023,12,2023-12-01,Norte,PA,Residencial,4.39,52.89,91.1,64.2,28.4,5237368,235.91,Alto
2023,12,2023-12-01,Norte,PA,Agrícola,21.25,19.04,93.97,81.1,24.4,3232546,241.15,Baixo
2023,12,2023-12-01,Norte,RO,Público,35.62,32.21,36.15,110.6,23.3,3946522,424.88,Baixo
2023,12,2023-12-01,Norte,TO,Residencial,21.54,52.76,89.83,98.0,27.6,5647543,296.38,Alto
2023,12,2023-12-01,Nordeste,BA,Agrícola,30.28,37.92,92.03,327.7,19.8,2462730,136.17,Crítico
2023,12,2023-12-01,Nordeste,BA,Industrial,26.01,10.39,95.7,73.4,25.0,659679,386.23,Médio
2023,12,2023-12-01,Nordeste,PE,Comercial,7.31,19.67,26.78,67.8,29.9,5879105,278.8,Médio
2023,12,2023-12-01,Nordeste,PE,Comercial,4.91,29.65,43.97,87.4,27.9,5081229,157.9,Crítico
2023,12,2023-12-01,Nordeste,CE,Residencial,19.53,51.08,90.49,94.7,24.3,4488951,428.72,Alto
2023,12,2023-12-01,Nordeste,CE,Residencial,7.7,32.55,15.11,91.2,29.9,5638035,223.26,Médio
2023,12,2023-12-01,Nordeste,MA,Residencial,18.47,47.5,23.09,46.2,30.5,5306742,147.28,Baixo
2023,12,2023-12-01,Nordeste,PB,Industrial,7.39,20.96,63.91,227.4,22.2,2462484,412.66,Alto
2023,12,2023-12-01,Centro-Oeste,DF,Residencial,39.97,41.72,33.11,130.4,35.4,3289148,407.31,Baixo
2023,12,2023-12-01,Centro-Oeste,GO,Agrícola,10.88,13.18,48.48,89.3,25.9,5196481,249.22,Baixo
2023,12,2023-12-01,Centro-Oeste,GO,Agrícola,35.0,9.91,73.0,34.4,26.2,395241,368.99,Alto
2023,12,2023-12-01,Centro-Oeste,MT,Público,8.8,37.06,97.72,266.7,25.7,5894677,379.45,Baixo
2023,12,2023-12-01,Centro-Oeste,MS,Público,23.46,20.82,7.06,148.0,26.3,2968398,161.94,Crítico
2023,12,2023-12-01,Sudeste,SP,Residencial,5.21,20.2,67.64,29.0,26.6,444932,230.74,Crítico
2023,12,2023-12-01,Sudeste,SP,Industrial,34.92,31.37,65.81,117.4,25.4,157326,100.15,Alto
2023,12,2023-12-01,Sudeste,SP,Público,30.12,54.25,44.81,133.1,30.3,1863292,110.04,Médio
2023,12,2023-12-01,Sudeste,RJ,Residencial,31.34,43.66,65.29,28.9,25.8,5476544,199.09,Crítico
2023,12,2023-12-01,Sudeste,RJ,Comercial,28.37,20.96,35.93,57.8,25.1,2337009,106.93,Baixo
2023,12,2023-12-01,Sudeste,RJ,Agrícola,8.36,37.14,70.69,64.5,23.8,1900414,408.28,Crítico
2023,12,2023-12-01,Sudeste,RJ,Público,29.0,41.74,62.01,145.7,29.4,4303967,273.54,Alto
2023,12,2023-12-01,Sudeste,MG,Público,13.19,37.48,69.2,128.0,30.9,5345701,239.43,Médio
2023,12,2023-12-01,Sudeste,MG,Industrial,31.53,28.68,72.99,53.6,22.5,2518259,153.3,Alto
2023,12,2023-12-01,Sudeste,MG,Residencial,4.68,45.96,62.21,106.9,25.0,4557923,401.11,Médio
2023,12,2023-12-01,Sudeste,ES,Comercial,25.65,11.81,91.58,92.7,27.4,4091530,232.27,Médio
2023,12,2023-12-01,Sudeste,ES,Industrial,12.02,25.44,93.56,79.1,26.2,4922217,97.09,Médio
2023,12,2023-12-01,Sudeste,ES,Residencial,4.93,39.77,48.64,45.9,29.5,5296844,120.04,Médio
2023,12,2023-12-01,Sul,PR,Industrial,5.71,52.89,37.17,74.6,25.6,5097840,215.17,Baixo
2023,12,2023-12-01,Sul,PR,Público,16.06,42.96,62.38,101.6,29.6,397143,331.17,Alto
2023,12,2023-12-01,Sul,SC,Comercial,8.68,54.78,8.06,70.6,25.5,2502867,420.71,Crítico
2023,12,2023-12-01,Sul,SC,Público,38.92,23.25,51.07,109.4,25.7,4991855,343.22,Médio
2023,12,2023-12-01,Sul,RS,Público,11.1,7.44,70.04,77.6,26.7,4994136,260.01,Baixo
2023,12,2023-12-01,Sul,RS,Agrícola,31.42,54.95,46.43,124.8,24.6,3028031,380.15,Médio
2024,1,2024-01-01,Norte,AM,Público,27.7,22.4,89.52,93.2,30.6,2170814,264.6,Alto
2024,1,2024-01-01,Norte,PA,Público,11.99,13.44,90.14,71.3,20.4,165275,86.98,Alto
2024,1,2024-01-01,Norte,PA,Industrial,8.57,15.07,57.62,125.6,29.1,4295042,387.28,Baixo
2024,1,2024-01-01,Norte,RO,Agrícola,38.18,11.48,6.06,238.6,27.1,246307,294.53,Alto
2024,1,2024-01-01,Norte,TO,Residencial,3.79,12.88,32.77,118.6,27.9,5106414,337.26,Médio
2024,1,2024-01-01,Nordeste,BA,Agrícola,32.51,53.91,21.76,22.4,25.7,5007549,191.55,Alto
2024,1,2024-01-01,Nordeste,BA,Comercial,4.96,30.38,97.97,110.2,27.5,5857585,293.46,Crítico
2024,1,2024-01-01,Nordeste,PE,Residencial,38.26,24.88,91.31,78.9,31.7,4664670,124.97,Médio
2024,1,2024-01-01,Nordeste,PE,Público,38.38,32.0,16.94,49.5,24.8,3041904,148.33,Baixo
2024,1,2024-01-01,Nordeste,CE,Comercial,30.62,40.16,34.39,56.4,24.0,1985466,218.12,Alto
2024,1,2024-01-01,Nordeste,CE,Comercial,5.29,51.42,73.45,84.6,29.2,2338931,287.13,Alto
2024,1,2024-01-01,Nordeste,MA,Residencial,26.96,23.48,94.82,81.7,28.5,4069275,196.41,Crítico
2024,1,2024-01-01,Nordeste,PB,Público,33.56,20.64,64.61,63.1,26.9,5924896,89.01,Médio
2024,1,2024-01-01,Centro-Oeste,DF,Residencial,18.91,28.58,9.87,176.6,29.7,4471433,388.24,Alto
2024,1,2024-01-01,Centro-Oeste,GO,Agrícola,7.33,54.49,73.58,162.6,28.3,2381038,399.49,Crítico
2024,1,2024-01-01,Centro-Oeste,GO,Residencial,24.65,17.31,55.2,115.9,26.0,5666173,230.77,Médio
2024,1,2024-01-01,Centro-Oeste,MT,Comercial,13.76,9.92,8.53,197.6,23.3,1758692,225.85,Médio
2024,1,2024-01-01,Centro-Oeste,MS,Industrial,35.86,24.03,7.68,32.1,28.6,5509242,433.01,Médio
2024,1,2024-01-01,Sudeste,SP,Comercial,14.18,54.97,32.85,28.3,27.1,3827668,446.38,Crítico
2024,1,2024-01-01,Sudeste,SP,Industrial,15.65,43.78,29.33,24.0,26.0,1034619,405.93,Médio
2024,1,2024-01-01,Sudeste,SP,Público,9.57,22.22,54.79,160.3,31.4,4202089,289.37,Baixo
2024,1,2024-01-01,Sudeste,RJ,Agrícola,35.25,29.07,17.56,122.4,27.1,1910869,315.7,Crítico
2024,1,2024-01-01,Sudeste,RJ,Comercial,28.42,25.06,90.24,33.7,26.0,5571195,80.17,Alto
2024,1,2024-01-01,Sudeste,RJ,Agrícola,34.44,18.8,50.85,135.4,24.6,3957098,136.78,Alto
2024,1,2024-01-01,Sudeste,RJ,Industrial,20.65,38.71,10.72,111.7,27.8,4737302,193.39,Crítico
2024,1,2024-01-01,Sudeste,MG,Comercial,14.1,43.71,71.38,209.1,25.1,2675018,183.85,Alto
2024,1,2024-01-01,Sudeste,MG,Residencial,12.32,16.22,20.29,169.1,29.2,4549836,170.82,Alto
2024,1,2024-01-01,Sudeste,MG,Residencial,10.16,39.11,73.41,70.0,29.2,2414481,341.67,Crítico
2024,1,2024-01-01,Sudeste,ES,Agrícola,20.53,18.13,29.38,126.6,27.7,2477634,443.07,Crítico
2024,1,2024-01-01,Sudeste,ES,Residencial,23.64,40.92,67.85,175.9,20.1,5490671,421.38,Alto
2024,1,2024-01-01,Sudeste,ES,Residencial,36.97,41.55,78.97,109.4,27.6,678339,305.98,Crítico
2024,1,2024-01-01,Sul,PR,Comercial,37.84,47.15,9.62,125.3,22.5,1244247,225.66,Médio
2024,1,2024-01-01,Sul,PR,Público,26.8,47.59,24.71,81.2,24.9,5068515,248.27,Crítico
2024,1,2024-01-01,Sul,SC,Público,19.42,35.95,59.86,159.8,25.6,119377,253.88,Crítico
2024,1,2024-01-01,Sul,SC,Comercial,5.22,21.26,49.17,93.4,29.0,978910,220.32,Baixo
2024,1,2024-01-01,Sul,RS,Residencial,30.08,11.66,37.86,64.0,27.7,2835710,238.03,Médio
2024,1,2024-01-01,Sul,RS,Público,3.33,51.04,49.85,82.2,24.0,5471015,325.67,Crítico
2024,2,2024-02-01,Norte,AM,Residencial,10.28,35.68,29.94,116.4,22.2,3984466,171.91,Alto
2024,2,2024-02-01,Norte,PA,Industrial,8.62,52.88,25.77,108.9,26.3,304294,238.32,Alto
2024,2,2024-02-01,Norte,PA,Residencial,6.96,32.44,41.15,109.4,26.2,3705151,335.28,Alto
2024,2,2024-02-01,Norte,RO,Comercial,38.1,29.26,67.87,130.2,20.4,1349254,263.06,Baixo
2024,2,2024-02-01,Norte,TO,Industrial,12.12,48.48,70.97,105.6,22.8,5294821,409.92,Alto
2024,2,2024-02-01,Nordeste,BA,Agrícola,11.78,25.32,27.54,59.3,29.6,4367975,418.41,Baixo
2024,2,2024-02-01,Nordeste,BA,Público,35.25,12.54,45.52,28.3,27.4,4943758,247.23,Baixo
2024,2,2024-02-01,Nordeste,PE,Agrícola,8.38,39.85,37.83,125.4,29.4,3718860,161.49,Médio
2024,2,2024-02-01,Nordeste,PE,Residencial,5.59,5.05,45.22,85.3,24.8,3441965,231.76,Alto
2024,2,2024-02-01,Nordeste,CE,Agrícola,36.22,43.29,95.21,19.8,24.5,3262587,305.9,Alto
2024,2,2024-02-01,Nordeste,CE,Comercial,3.58,28.74,92.21,115.1,23.6,1967789,377.05,Médio
2024,2,2024-02-01,Nordeste,MA,Industrial,27.08,15.44,77.21,42.8,25.3,5611485,180.12,Baixo
2024,2,2024-02-01,Nordeste,PB,Industrial,31.77,33.97,28.87,13.1,27.5,2291197,91.97,Crítico
2024,2,2024-02-01,Centro-Oeste,DF,Agrícola,10.42,32.12,17.78,121.2,31.6,4769183,84.41,Alto
2024,2,2024-02-01,Centro-Oeste,GO,Industrial,13.91,42.39,15.09,91.5,25.5,135644,304.79,Médio
2024,2,2024-02-01,Centro-Oeste,GO,Agrícola,13.59,10.07,94.57,30.4,21.9,3019178,338.18,Médio
2024,2,2024-02-01,Centro-Oeste,MT,Comercial,10.76,25.65,23.95,48.0,23.2,5517780,293.38,Baixo
2024,2,2024-02-01,Centro-Oeste,MS,Comercial,16.12,44.83,58.27,80.6,30.5,4297511,207.16,Baixo
2024,2,2024-02-01,Sudeste,SP,Comercial,4.99,9.85,21.32,235.2,28.1,969181,114.05,Crítico
2024,2,2024-02-01,Sudeste,SP,Comercial,4.86,14.32,61.09,29.6,25.8,1481905,412.13,Alto
2024,2,2024-02-01,Sudeste,SP,Residencial,35.74,41.97,9.24,225.3,28.3,4168226,140.11,Baixo
2024,2,2024-02-01,Sudeste,RJ,Residencial,25.68,47.72,93.53,116.6,20.8,2828773,82.44,Baixo
2024,2,2024-02-01,Sudeste,RJ,Residencial,35.49,11.56,64.8,204.4,30.1,760329,217.48,Alto
2024,2,2024-02-01,Sudeste,RJ,Agrícola,18.28,23.26,6.87,237.7,32.3,3664436,342.84,Crítico
2024,2,2024-02-01,Sudeste,RJ,Comercial,28.04,50.26,20.87,33.7,21.6,297719,444.24,Alto
2024,2,2024-02-01,Sudeste,MG,Comercial,25.68,40.89,93.9,157.4,26.8,5104484,176.27,Baixo
2024,2,2024-02-01,Sudeste,MG,Público,17.07,38.71,32.35,40.3,26.5,3762388,122.07,Alto
2024,2,2024-02-01,Sudeste,MG,Residencial,30.99,48.92,52.04,8.8,28.3,5857702,312.97,Médio
2024,2,2024-02-01,Sudeste,ES,Público,17.89,13.78,18.43,32.4,27.1,3093337,134.35,Crítico
2024,2,2024-02-01,Sudeste,ES,Industrial,21.76,17.6,89.23,123.7,32.1,3376902,322.61,Médio
2024,2,2024-02-01,Sudeste,ES,Industrial,26.38,50.33,60.34,37.4,27.4,2293305,169.95,Médio
2024,2,2024-02-01,Sul,PR,Agrícola,22.53,11.61,11.55,53.6,25.7,4646394,154.25,Alto
2024,2,2024-02-01,Sul,PR,Agrícola,16.63,34.62,82.84,80.1,24.4,4326790,343.23,Médio
2024,2,2024-02-01,Sul,SC,Público,25.6,24.37,76.95,97.8,27.0,1434150,269.96,Crítico
2024,2,2024-02-01,Sul,SC,Residencial,33.62,45.26,36.06,119.1,24.9,4093649,309.64,Alto
2024,2,2024-02-01,Sul,RS,Industrial,11.36,39.77,97.24,71.1,25.0,279555,203.07,Crítico
2024,2,2024-02-01,Sul,RS,Agrícola,9.43,50.09,82.37,76.3,27.2,2559532,412.98,Crítico
2024,3,2024-03-01,Norte,AM,Agrícola,20.77,33.25,94.66,276.6,23.7,4332940,355.31,Crítico
2024,3,2024-03-01,Norte,PA,Residencial,12.78,43.85,62.68,27.5,21.6,381107,100.08,Médio
2024,3,2024-03-01,Norte,PA,Industrial,19.71,28.63,83.97,209.4,29.3,4215583,350.97,Médio
2024,3,2024-03-01,Norte,RO,Comercial,9.67,41.03,93.25,67.7,30.2,5125584,420.32,Alto
2024,3,2024-03-01,Norte,TO,Agrícola,5.18,12.13,68.06,48.6,26.8,5985890,240.95,Médio
2024,3,2024-03-01,Nordeste,BA,Residencial,35.63,37.86,99.79,76.2,29.6,1235810,208.62,Alto
2024,3,2024-03-01,Nordeste,BA,Residencial,23.47,41.32,42.2,157.9,32.0,1077151,120.27,Baixo
2024,3,2024-03-01,Nordeste,PE,Público,3.83,34.92,22.57,96.8,27.2,763366,80.44,Médio
2024,3,2024-03-01,Nordeste,PE,Comercial,28.86,16.52,24.75,79.3,25.6,3031507,331.62,Alto
2024,3,2024-03-01,Nordeste,CE,Residencial,17.71,28.3,92.83,138.9,25.3,4729033,235.62,Alto
2024,3,2024-03-01,Nordeste,CE,Público,7.02,54.59,29.94,144.5,21.8,3350439,241.7,Baixo
2024,3,2024-03-01,Nordeste,MA,Industrial,36.23,54.32,30.99,159.0,20.6,4570815,152.5,Crítico
2024,3,2024-03-01,Nordeste,PB,Industrial,15.46,21.65,86.34,194.5,26.7,335398,248.57,Alto
2024,3,2024-03-01,Centro-Oeste,DF,Industrial,32.25,16.04,39.19,43.4,23.5,3221665,223.5,Alto
2024,3,2024-03-01,Centro-Oeste,GO,Residencial,33.45,43.61,45.18,217.3,23.4,961944,158.37,Baixo
2024,3,2024-03-01,Centro-Oeste,GO,Comercial,11.24,31.56,80.46,36.5,25.6,4631000,403.74,Crítico
2024,3,2024-03-01,Centro-Oeste,MT,Industrial,16.16,22.18,99.25,35.4,25.9,5952677,360.64,Crítico
2024,3,2024-03-01,Centro-Oeste,MS,Residencial,15.07,49.01,23.83,23.3,27.1,3161294,438.13,Alto
2024,3,2024-03-01,Sudeste,SP,Comercial,21.53,8.0,82.27,139.5,23.4,2529953,293.87,Baixo
2024,3,2024-03-01,Sudeste,SP,Agrícola,28.59,10.0,40.29,41.7,23.6,3836217,338.96,Médio
2024,3,2024-03-01,Sudeste,SP,Comercial,30.3,15.83,10.59,84.5,23.3,2234210,95.47,Médio
2024,3,2024-03-01,Sudeste,RJ,Público,6.42,24.14,64.6,66.0,23.5,3974976,372.08,Médio
2024,3,2024-03-01,Sudeste,RJ,Comercial,11.13,25.24,67.26,51.5,27.6,3574252,407.75,Crítico
2024,3,2024-03-01,Sudeste,RJ,Público,29.5,22.43,9.62,157.1,27.9,5824624,178.8,Alto
2024,3,2024-03-01,Sudeste,RJ,Residencial,29.55,17.43,96.53,220.3,23.7,1686443,417.75,Crítico
2024,3,2024-03-01,Sudeste,MG,Agrícola,6.53,36.54,39.82,114.7,26.2,1375734,385.26,Crítico
2024,3,2024-03-01,Sudeste,MG,Agrícola,36.02,50.25,58.04,43.0,22.0,2114528,318.07,Médio
2024,3,2024-03-01,Sudeste,MG,Público,19.27,18.15,35.59,34.7,30.7,2280144,394.89,Crítico
2024,3,2024-03-01,Sudeste,ES,Industrial,14.37,53.45,43.54,180.6,25.8,2426068,87.38,Médio
2024,3,2024-03-01,Sudeste,ES,Residencial,5.43,52.78,74.48,58.6,26.5,3842015,207.84,Médio
2024,3,2024-03-01,Sudeste,ES,Agrícola,13.62,43.3,71.13,83.9,19.9,2515686,125.75,Alto
2024,3,2024-03-01,Sul,PR,Público,31.61,47.5,43.75,66.6,23.6,2608859,191.91,Baixo
2024,3,2024-03-01,Sul,PR,Agrícola,7.04,30.28,62.55,67.7,25.4,4306769,162.74,Baixo
2024,3,2024-03-01,Sul,SC,Agrícola,20.98,18.39,58.01,30.1,29.9,3734632,161.37,Médio
2024,3,2024-03-01,Sul,SC,Agrícola,35.91,9.85,39.34,113.0,26.7,1703215,259.44,Baixo
2024,3,2024-03-01,Sul,RS,Residencial,30.79,42.15,74.88,137.8,24.5,3655447,303.22,Crítico
2024,3,2024-03-01,Sul,RS,Agrícola,19.53,37.8,21.95,152.4,28.1,4408331,223.96,Alto
2024,4,2024-04-01,Norte,AM,Industrial,21.42,29.23,70.02,95.9,22.8,1971441,313.36,Crítico
2024,4,2024-04-01,Norte,PA,Agrícola,33.5,15.99,71.3,38.9,28.0,749400,155.88,Médio
2024,4,2024-04-01,Norte,PA,Público,28.07,29.08,53.71,11.1,30.9,1451644,386.79,Alto
2024,4,2024-04-01,Norte,RO,Agrícola,6.75,13.85,56.91,172.3,24.5,3580324,385.88,Médio
2024,4,2024-04-01,Norte,TO,Residencial,24.21,44.22,78.84,239.5,29.2,5082105,299.65,Alto
2024,4,2024-04-01,Nordeste,BA,Residencial,8.19,53.16,38.32,70.9,25.1,4062426,272.44,Médio
2024,4,2024-04-01,Nordeste,BA,Agrícola,27.21,17.89,78.4,42.6,25.4,4163544,304.19,Crítico
2024,4,2024-04-01,Nordeste,PE,Público,21.06,29.59,28.08,11.6,26.7,5458256,412.55,Baixo
2024,4,2024-04-01,Nordeste,PE,Industrial,29.15,32.35,38.97,87.0,26.4,443384,82.66,Crítico
2024,4,2024-04-01,Nordeste,CE,Comercial,11.23,17.8,84.87,114.8,26.8,800423,96.49,Médio
2024,4,2024-04-01,Nordeste,CE,Residencial,11.66,16.85,69.98,64.3,27.1,3434988,256.3,Alto
2024,4,2024-04-01,Nordeste,MA,Residencial,25.01,28.54,86.3,52.9,26.4,558569,310.68,Baixo
2024,4,2024-04-01,Nordeste,PB,Comercial,14.68,5.99,64.15,76.8,22.6,5580999,320.8,Crítico
2024,4,2024-04-01,Centro-Oeste,DF,Público,19.66,5.15,21.84,212.2,22.9,2384197,430.0,Alto
2024,4,2024-04-01,Centro-Oeste,GO,Comercial,17.33,42.44,39.57,76.3,25.4,4795580,151.48,Alto
2024,4,2024-04-01,Centro-Oeste,GO,Residencial,36.11,22.41,55.5,58.7,22.5,3266511,443.28,Crítico
2024,4,2024-04-01,Centro-Oeste,MT,Industrial,12.91,25.9,28.42,125.8,27.1,459295,92.72,Alto
2024,4,2024-04-01,Centro-Oeste,MS,Comercial,24.29,54.37,56.04,68.4,25.3,114392,352.32,Crítico
2024,4,2024-04-01,Sudeste,SP,Industrial,17.99,8.95,68.74,202.9,24.9,2891758,438.81,Crítico
2024,4,2024-04-01,Sudeste,SP,Comercial,36.87,29.18,71.37,64.9,23.4,3393178,308.23,Baixo
2024,4,2024-04-01,Sudeste,SP,Industrial,15.22,23.96,28.57,397.5,26.6,1065482,323.54,Médio
2024,4,2024-04-01,Sudeste,RJ,Público,2.39,33.91,29.49,215.5,33.2,280705,275.26,Crítico
2024,4,2024-04-01,Sudeste,RJ,Comercial,9.76,52.68,64.78,13.1,24.1,2810585,247.31,Baixo
2024,4,2024-04-01,Sudeste,RJ,Residencial,35.46,39.96,30.13,223.9,26.0,4346458,339.01,Crítico
2024,4,2024-04-01,Sudeste,RJ,Residencial,31.38,49.96,64.79,90.0,31.4,2285729,331.8,Médio
2024,4,2024-04-01,Sudeste,MG,Público,22.86,22.45,42.02,35.9,27.8,5988621,108.08,Médio
2024,4,2024-04-01,Sudeste,MG,Público,18.27,54.05,85.92,75.8,28.2,748800,441.49,Crítico
2024,4,2024-04-01,Sudeste,MG,Comercial,23.59,23.74,23.01,46.8,26.8,5094881,261.75,Crítico
2024,4,2024-04-01,Sudeste,ES,Residencial,16.46,44.59,85.7,17.7,23.0,1180420,350.06,Alto
2024,4,2024-04-01,Sudeste,ES,Agrícola,32.33,41.4,63.12,140.5,26.2,4087369,384.98,Crítico
2024,4,2024-04-01,Sudeste,ES,Agrícola,16.17,49.24,96.51,64.3,25.3,4545590,417.71,Crítico
2024,4,2024-04-01,Sul,PR,Público,30.69,53.46,20.2,189.9,24.9,5287728,177.14,Médio
2024,4,2024-04-01,Sul,PR,Comercial,24.04,32.65,14.49,54.4,26.7,4063649,254.48,Baixo
2024,4,2024-04-01,Sul,SC,Comercial,39.23,6.57,99.13,78.8,30.0,1561189,231.7,Crítico
2024,4,2024-04-01,Sul,SC,Agrícola,15.79,9.34,22.42,72.7,28.7,2077557,111.06,Médio
2024,4,2024-04-01,Sul,RS,Comercial,31.78,10.16,30.38,70.1,29.8,4621227,249.93,Médio
2024,4,2024-04-01,Sul,RS,Industrial,20.16,30.73,85.65,105.0,24.9,994304,282.49,Crítico
2024,5,2024-05-01,Norte,AM,Industrial,29.61,27.44,35.18,108.3,25.8,2352235,104.63,Médio
2024,5,2024-05-01,Norte,PA,Agrícola,28.15,54.5,35.75,38.9,26.0,4150998,217.68,Baixo
2024,5,2024-05-01,Norte,PA,Residencial,19.44,27.63,84.09,96.6,25.8,1244115,262.39,Médio
2024,5,2024-05-01,Norte,RO,Industrial,30.34,22.6,77.41,72.8,30.2,3995119,364.61,Médio
2024,5,2024-05-01,Norte,TO,Residencial,5.16,24.95,63.45,42.9,21.1,5718698,201.76,Baixo
2024,5,2024-05-01,Nordeste,BA,Residencial,38.1,10.96,41.91,144.2,30.3,4347875,244.88,Crítico
2024,5,2024-05-01,Nordeste,BA,Comercial,6.58,11.32,87.33,187.0,26.4,5399978,348.03,Baixo
2024,5,2024-05-01,Nordeste,PE,Residencial,37.52,25.21,12.16,117.9,28.4,4342729,441.98,Crítico
2024,5,2024-05-01,Nordeste,PE,Agrícola,37.81,22.35,56.48,140.3,27.4,5303981,154.49,Médio
2024,5,2024-05-01,Nordeste,CE,Agrícola,38.74,46.82,25.58,97.0,22.7,1905604,360.7,Crítico
2024,5,2024-05-01,Nordeste,CE,Comercial,33.88,54.73,71.43,177.3,25.1,5011937,272.43,Alto
2024,5,2024-05-01,Nordeste,MA,Residencial,29.59,7.27,17.55,170.1,24.3,283783,157.38,Alto
2024,5,2024-05-01,Nordeste,PB,Comercial,21.5,54.53,86.86,114.0,31.6,3264816,80.01,Baixo
2024,5,2024-05-01,Centro-Oeste,DF,Público,22.75,10.65,53.54,24.0,24.4,652169,293.21,Crítico
2024,5,2024-05-01,Centro-Oeste,GO,Residencial,12.31,14.88,22.93,54.4,20.7,2222996,398.05,Alto
2024,5,2024-05-01,Centro-Oeste,GO,Agrícola,22.52,8.9,86.13,50.8,23.3,2433334,414.6,Crítico
2024,5,2024-05-01,Centro-Oeste,MT,Agrícola,24.16,38.58,12.47,110.6,22.6,2225049,290.83,Médio
2024,5,2024-05-01,Centro-Oeste,MS,Público,24.35,32.94,38.81,83.9,30.5,4846830,213.44,Alto
2024,5,2024-05-01,Sudeste,SP,Agrícola,25.14,30.78,35.0,322.2,28.2,4007928,312.47,Baixo
2024,5,2024-05-01,Sudeste,SP,Industrial,5.27,44.72,18.08,180.9,24.5,3151208,385.49,Baixo
2024,5,2024-05-01,Sudeste,SP,Industrial,27.39,37.85,23.01,54.3,24.6,3742860,130.16,Médio
2024,5,2024-05-01,Sudeste,RJ,Comercial,39.86,22.1,73.57,63.9,24.9,1599706,214.33,Médio
2024,5,2024-05-01,Sudeste,RJ,Agrícola,26.43,46.78,34.29,24.9,27.4,2319667,143.44,Médio
2024,5,2024-05-01,Sudeste,RJ,Agrícola,33.15,42.25,72.94,81.2,25.2,3659957,429.4,Crítico
2024,5,2024-05-01,Sudeste,RJ,Industrial,35.09,8.19,8.33,69.9,26.4,5592996,253.75,Médio
2024,5,2024-05-01,Sudeste,MG,Público,9.68,19.34,76.89,122.6,29.3,2855350,204.01,Alto
2024,5,2024-05-01,Sudeste,MG,Agrícola,12.43,10.93,50.14,38.0,20.2,2495966,193.64,Baixo
2024,5,2024-05-01,Sudeste,MG,Agrícola,6.62,52.57,35.71,155.9,23.2,2653966,330.25,Médio
2024,5,2024-05-01,Sudeste,ES,Comercial,37.61,39.21,83.88,57.3,20.0,3516091,267.17,Médio
2024,5,2024-05-01,Sudeste,ES,Agrícola,12.68,27.44,41.22,168.6,22.0,4399747,175.19,Baixo
2024,5,2024-05-01,Sudeste,ES,Residencial,20.7,52.23,93.59,127.1,29.2,4989947,174.08,Crítico
2024,5,2024-05-01,Sul,PR,Público,4.8,24.49,70.52,50.8,22.5,5962271,414.8,Baixo
2024,5,2024-05-01,Sul,PR,Comercial,23.77,37.6,36.51,65.0,25.3,2568882,365.95,Baixo
2024,5,2024-05-01,Sul,SC,Residencial,11.71,6.63,7.93,134.4,30.1,2226670,299.02,Crítico
2024,5,2024-05-01,Sul,SC,Comercial,38.31,18.77,76.77,265.4,32.4,4970365,111.53,Alto
2024,5,2024-05-01,Sul,RS,Residencial,25.46,49.53,37.12,194.2,30.3,1316633,113.11,Crítico
2024,5,2024-05-01,Sul,RS,Comercial,7.89,45.71,39.76,250.9,30.5,1831120,176.62,Médio
2024,6,2024-06-01,Norte,AM,Residencial,26.16,44.34,31.27,202.7,23.9,1238975,298.63,Baixo
2024,6,2024-06-01,Norte,PA,Agrícola,26.92,42.95,14.36,147.4,33.0,2612721,312.83,Baixo
2024,6,2024-06-01,Norte,PA,Público,20.25,26.05,55.51,126.2,23.4,5296921,141.63,Baixo
2024,6,2024-06-01,Norte,RO,Comercial,34.69,51.87,51.12,34.1,28.9,1847581,350.02,Médio
2024,6,2024-06-01,Norte,TO,Comercial,7.1,42.19,48.14,30.5,29.3,1056709,157.38,Crítico
2024,6,2024-06-01,Nordeste,BA,Comercial,25.8,27.28,42.32,184.4,26.6,757993,328.37,Crítico
2024,6,2024-06-01,Nordeste,BA,Residencial,24.6,10.08,5.06,200.1,23.1,3091602,318.38,Médio
2024,6,2024-06-01,Nordeste,PE,Industrial,28.09,20.07,21.69,65.8,23.1,1154965,150.32,Alto
2024,6,2024-06-01,Nordeste,PE,Residencial,2.71,47.26,17.32,35.0,26.5,2592261,89.35,Médio
2024,6,2024-06-01,Nordeste,CE,Industrial,24.3,28.04,9.72,298.0,29.2,5402459,219.38,Baixo
2024,6,2024-06-01,Nordeste,CE,Residencial,7.42,54.11,63.22,48.1,29.3,973877,358.45,Alto
2024,6,2024-06-01,Nordeste,MA,Industrial,35.57,51.04,99.83,132.6,23.2,708590,394.63,Médio
2024,6,2024-06-01,Nordeste,PB,Comercial,15.38,24.72,43.46,240.4,26.9,3044305,326.86,Médio
2024,6,2024-06-01,Centro-Oeste,DF,Residencial,26.02,36.03,22.1,66.2,28.3,2346496,226.23,Alto
2024,6,2024-06-01,Centro-Oeste,GO,Industrial,36.11,26.27,14.2,93.9,25.0,4796391,359.4,Médio
2024,6,2024-06-01,Centro-Oeste,GO,Residencial,6.61,43.52,40.65,120.9,26.3,5708640,101.09,Médio
2024,6,2024-06-01,Centro-Oeste,MT,Industrial,13.78,14.67,91.91,49.3,25.8,3710138,247.17,Crítico
2024,6,2024-06-01,Centro-Oeste,MS,Residencial,25.68,41.71,17.58,118.9,28.2,1822569,423.6,Médio
2024,6,2024-06-01,Sudeste,SP,Industrial,2.23,43.21,48.35,59.1,24.3,4134558,196.96,Alto
2024,6,2024-06-01,Sudeste,SP,Industrial,22.65,29.6,98.1,68.5,25.1,1431967,201.05,Alto
2024,6,2024-06-01,Sudeste,SP,Agrícola,15.1,31.98,68.02,199.5,24.7,1682898,193.64,Baixo
2024,6,2024-06-01,Sudeste,RJ,Agrícola,6.18,30.89,7.31,110.3,26.4,5907372,217.53,Crítico
2024,6,2024-06-01,Sudeste,RJ,Industrial,6.03,50.6,8.63,69.7,21.2,2141510,133.76,Médio
2024,6,2024-06-01,Sudeste,RJ,Residencial,25.5,12.2,84.17,54.3,25.9,5786946,207.29,Médio
2024,6,2024-06-01,Sudeste,RJ,Residencial,27.29,43.05,71.0,33.5,16.8,3427543,304.08,Médio
2024,6,2024-06-01,Sudeste,MG,Público,28.64,40.14,76.55,134.7,28.0,134037,214.26,Alto
2024,6,2024-06-01,Sudeste,MG,Residencial,23.23,45.62,69.85,92.3,20.3,1184772,376.88,Médio
2024,6,2024-06-01,Sudeste,MG,Comercial,5.66,34.1,6.76,81.4,26.8,571175,279.54,Médio
2024,6,2024-06-01,Sudeste,ES,Residencial,3.14,31.14,45.64,101.6,32.1,3161342,319.13,Médio
2024,6,2024-06-01,Sudeste,ES,Industrial,31.33,52.3,52.58,368.7,27.7,2873406,275.23,Baixo
2024,6,2024-06-01,Sudeste,ES,Industrial,37.7,17.85,70.49,244.0,29.8,4573641,163.54,Baixo
2024,6,2024-06-01,Sul,PR,Agrícola,21.36,7.47,18.15,61.2,24.9,5261049,255.94,Crítico
2024,6,2024-06-01,Sul,PR,Residencial,7.31,13.16,78.99,71.0,22.4,2098446,135.58,Baixo
2024,6,2024-06-01,Sul,SC,Comercial,29.85,41.51,40.58,110.9,32.6,1378738,203.14,Alto
2024,6,2024-06-01,Sul,SC,Residencial,6.63,25.11,88.48,113.1,26.8,930470,405.18,Baixo
2024,6,2024-06-01,Sul,RS,Agrícola,38.54,29.15,26.32,30.3,29.2,5870784,251.21,Médio
2024,6,2024-06-01,Sul,RS,Industrial,18.79,35.94,82.89,74.1,26.9,3844050,405.93,Baixo
2024,7,2024-07-01,Norte,AM,Industrial,12.92,39.36,51.17,70.0,23.0,5988117,186.24,Médio
2024,7,2024-07-01,Norte,PA,Comercial,9.12,45.94,58.25,41.0,25.0,1254484,355.16,Crítico
2024,7,2024-07-01,Norte,PA,Residencial,31.92,8.12,40.97,106.5,23.6,646470,421.14,Médio
2024,7,2024-07-01,Norte,RO,Comercial,39.25,17.36,57.92,35.2,27.6,2393450,197.48,Médio
2024,7,2024-07-01,Norte,TO,Industrial,10.08,24.56,81.14,83.0,25.4,1581594,398.41,Crítico
2024,7,2024-07-01,Nordeste,BA,Público,33.52,8.05,92.55,140.5,35.3,912615,271.5,Médio
2024,7,2024-07-01,Nordeste,BA,Comercial,38.38,40.75,98.1,85.6,21.9,2782295,187.87,Baixo
2024,7,2024-07-01,Nordeste,PE,Industrial,22.51,26.06,65.9,53.7,23.0,4988141,352.39,Crítico
2024,7,2024-07-01,Nordeste,PE,Agrícola,31.65,22.71,55.33,113.7,25.7,1048801,390.91,Baixo
2024,7,2024-07-01,Nordeste,CE,Comercial,25.22,30.05,51.34,61.9,23.3,3139512,368.1,Baixo
2024,7,2024-07-01,Nordeste,CE,Residencial,12.69,24.09,37.34,34.7,28.5,906674,241.22,Médio
2024,7,2024-07-01,Nordeste,MA,Comercial,28.85,7.76,66.71,70.4,22.4,3571792,416.81,Alto
2024,7,2024-07-01,Nordeste,PB,Agrícola,2.89,21.18,95.63,137.8,24.4,5100812,400.96,Crítico
2024,7,2024-07-01,Centro-Oeste,DF,Comercial,15.78,52.49,34.55,43.1,27.0,5202657,199.57,Alto
2024,7,2024-07-01,Centro-Oeste,GO,Residencial,29.95,26.55,79.71,89.4,28.4,5310928,418.25,Médio
2024,7,2024-07-01,Centro-Oeste,GO,Agrícola,32.66,17.74,71.56,107.4,25.5,5707018,251.82,Baixo
2024,7,2024-07-01,Centro-Oeste,MT,Agrícola,8.62,31.38,78.91,75.2,20.8,4430431,321.08,Crítico
2024,7,2024-07-01,Centro-Oeste,MS,Agrícola,29.15,10.06,5.02,102.0,26.7,5988822,300.49,Alto
2024,7,2024-07-01,Sudeste,SP,Residencial,16.82,38.25,35.58,143.5,22.4,5549730,107.19,Alto
2024,7,2024-07-01,Sudeste,SP,Público,11.83,14.0,15.63,17.6,27.9,1188495,341.24,Baixo
2024,7,2024-07-01,Sudeste,SP,Público,5.06,25.1,47.45,94.2,26.2,1891458,212.34,Alto
2024,7,2024-07-01,Sudeste,RJ,Comercial,17.63,52.38,24.26,95.3,28.6,1232789,188.57,Baixo
2024,7,2024-07-01,Sudeste,RJ,Industrial,19.09,8.08,49.16,62.0,28.6,678485,89.48,Baixo
2024,7,2024-07-01,Sudeste,RJ,Industrial,31.38,9.17,98.3,114.5,27.2,696442,382.72,Médio
2024,7,2024-07-01,Sudeste,RJ,Residencial,5.36,39.19,84.95,165.5,28.5,4927967,144.87,Alto
2024,7,2024-07-01,Sudeste,MG,Residencial,3.24,9.24,17.89,196.3,23.4,337729,177.86,Alto
2024,7,2024-07-01,Sudeste,MG,Residencial,30.62,20.46,16.03,166.4,28.8,5744728,161.8,Crítico
2024,7,2024-07-01,Sudeste,MG,Agrícola,16.6,42.37,37.05,97.3,23.1,1664508,443.08,Crítico
2024,7,2024-07-01,Sudeste,ES,Agrícola,18.25,53.57,90.0,228.4,28.4,496134,124.3,Baixo
2024,7,2024-07-01,Sudeste,ES,Comercial,10.32,37.7,68.35,93.1,29.2,4183128,295.68,Baixo
2024,7,2024-07-01,Sudeste,ES,Industrial,10.58,43.92,83.55,64.3,28.2,3693121,206.99,Médio
2024,7,2024-07-01,Sul,PR,Comercial,27.26,5.98,9.83,82.4,25.0,2844784,105.92,Crítico
2024,7,2024-07-01,Sul,PR,Residencial,13.84,37.82,64.41,42.9,24.8,2246508,118.79,Baixo
2024,7,2024-07-01,Sul,SC,Público,4.33,50.99,70.37,62.9,28.1,3293761,179.39,Médio
2024,7,2024-07-01,Sul,SC,Agrícola,35.31,10.09,13.34,61.3,28.5,3806876,279.02,Médio
2024,7,2024-07-01,Sul,RS,Industrial,7.07,9.17,70.67,173.4,26.5,5062467,157.56,Baixo
2024,7,2024-07-01,Sul,RS,Industrial,35.34,51.25,59.83,81.5,26.8,2468775,155.0,Baixo
2024,8,2024-08-01,Norte,AM,Industrial,23.71,30.89,37.07,88.9,25.7,2832481,84.24,Alto
2024,8,2024-08-01,Norte,PA,Público,11.26,12.0,5.41,275.9,26.2,5249149,411.23,Alto
2024,8,2024-08-01,Norte,PA,Comercial,9.97,26.54,74.95,245.2,31.0,5959728,430.06,Médio
2024,8,2024-08-01,Norte,RO,Industrial,20.38,52.71,18.31,55.4,29.6,2413763,415.35,Crítico
2024,8,2024-08-01,Norte,TO,Comercial,16.83,36.9,70.4,78.9,28.1,4392020,159.59,Baixo
2024,8,2024-08-01,Nordeste,BA,Comercial,6.93,49.83,53.0,130.7,21.8,1918208,430.44,Crítico
2024,8,2024-08-01,Nordeste,BA,Público,26.36,12.81,53.51,65.5,25.4,5959043,264.63,Baixo
2024,8,2024-08-01,Nordeste,PE,Comercial,39.85,35.75,13.89,36.7,24.5,3026348,359.58,Alto
2024,8,2024-08-01,Nordeste,PE,Agrícola,24.36,22.36,80.42,91.2,27.1,5926928,165.57,Alto
2024,8,2024-08-01,Nordeste,CE,Comercial,13.91,42.78,14.99,95.2,27.4,172380,255.47,Alto
2024,8,2024-08-01,Nordeste,CE,Residencial,6.15,45.29,28.04,93.2,26.7,4626271,343.41,Baixo
2024,8,2024-08-01,Nordeste,MA,Residencial,35.25,11.24,74.43,323.5,26.4,5949652,231.23,Baixo
2024,8,2024-08-01,Nordeste,PB,Público,29.24,41.48,62.4,321.3,31.0,1269870,442.42,Baixo
2024,8,2024-08-01,Centro-Oeste,DF,Comercial,15.45,50.44,37.15,61.2,23.9,5384172,281.92,Médio
2024,8,2024-08-01,Centro-Oeste,GO,Residencial,17.49,49.0,5.91,114.1,29.3,266796,348.57,Baixo
2024,8,2024-08-01,Centro-Oeste,GO,Agrícola,7.83,37.36,19.23,83.6,25.0,3358891,233.43,Crítico
2024,8,2024-08-01,Centro-Oeste,MT,Residencial,10.85,22.22,42.05,34.0,23.3,5513532,294.43,Baixo
2024,8,2024-08-01,Centro-Oeste,MS,Industrial,17.31,18.36,96.88,128.7,26.5,463240,443.02,Alto
2024,8,2024-08-01,Sudeste,SP,Industrial,11.3,49.2,27.3,9.0,26.4,3985240,370.74,Alto
2024,8,2024-08-01,Sudeste,SP,Agrícola,38.6,49.83,13.7,109.0,32.5,2407845,322.93,Baixo
2024,8,2024-08-01,Sudeste,SP,Comercial,13.24,18.62,32.41,192.5,27.9,2855157,405.69,Baixo
2024,8,2024-08-01,Sudeste,RJ,Agrícola,2.75,27.92,5.63,84.1,28.2,491170,301.61,Médio
2024,8,2024-08-01,Sudeste,RJ,Comercial,11.01,32.91,81.55,146.2,24.9,1496776,402.57,Crítico
2024,8,2024-08-01,Sudeste,RJ,Comercial,7.3,20.72,90.25,83.1,20.2,5748718,406.55,Alto
2024,8,2024-08-01,Sudeste,RJ,Agrícola,37.39,25.93,38.52,109.2,28.5,5531936,382.42,Médio
2024,8,2024-08-01,Sudeste,MG,Residencial,31.62,12.57,20.88,131.9,23.0,1015870,94.22,Baixo
2024,8,2024-08-01,Sudeste,MG,Industrial,16.02,44.91,78.69,73.0,26.3,4996939,137.1,Médio
2024,8,2024-08-01,Sudeste,MG,Residencial,18.05,45.9,81.77,48.5,28.0,4339580,171.7,Baixo
2024,8,2024-08-01,Sudeste,ES,Comercial,16.82,21.12,74.4,107.5,27.2,122818,160.86,Médio
2024,8,2024-08-01,Sudeste,ES,Público,36.56,7.9,8.69,166.3,27.3,3037267,247.79,Alto
2024,8,2024-08-01,Sudeste,ES,Público,8.28,29.79,43.54,21.1,21.3,3734906,312.49,Alto
2024,8,2024-08-01,Sul,PR,Agrícola,35.3,33.11,81.81,116.6,23.6,5560247,191.03,Crítico
2024,8,2024-08-01,Sul,PR,Público,19.11,52.42,58.83,57.2,26.4,2090012,413.35,Médio
2024,8,2024-08-01,Sul,SC,Residencial,4.88,43.25,21.52,147.7,22.4,3365860,425.76,Crítico
2024,8,2024-08-01,Sul,SC,Comercial,29.71,35.44,23.32,52.7,26.1,3198904,344.81,Crítico
2024,8,2024-08-01,Sul,RS,Industrial,17.63,46.91,19.15,134.4,29.3,4589173,132.94,Alto
2024,8,2024-08-01,Sul,RS,Industrial,28.07,14.02,71.0,52.1,26.5,1419701,204.11,Alto
2024,9,2024-09-01,Norte,AM,Industrial,25.41,50.56,92.87,54.4,23.3,493073,309.36,Médio
2024,9,2024-09-01,Norte,PA,Comercial,16.08,10.08,20.97,30.6,25.5,1709123,117.56,Alto
2024,9,2024-09-01,Norte,PA,Público,14.64,19.94,82.63,67.0,26.5,160654,273.55,Crítico
2024,9,2024-09-01,Norte,RO,Comercial,22.59,25.57,23.0,167.4,22.5,291504,264.79,Crítico
2024,9,2024-09-01,Norte,TO,Residencial,21.11,16.75,34.02,72.6,21.4,5126109,116.02,Alto
2024,9,2024-09-01,Nordeste,BA,Comercial,8.67,7.05,53.35,188.3,22.0,3571498,256.97,Médio
2024,9,2024-09-01,Nordeste,BA,Industrial,24.89,47.36,24.13,86.3,21.0,1364734,89.26,Médio
2024,9,2024-09-01,Nordeste,PE,Agrícola,33.93,35.9,92.74,67.5,23.5,3876401,258.51,Médio
2024,9,2024-09-01,Nordeste,PE,Residencial,15.95,52.55,9.86,297.1,28.1,1749928,136.74,Médio
2024,9,2024-09-01,Nordeste,CE,Residencial,33.37,15.95,22.36,46.2,25.2,1700709,438.87,Médio
2024,9,2024-09-01,Nordeste,CE,Comercial,28.17,20.85,49.66,41.4,28.5,1055117,364.55,Crítico
2024,9,2024-09-01,Nordeste,MA,Agrícola,28.65,25.28,21.22,65.0,25.9,5968199,111.72,Médio
2024,9,2024-09-01,Nordeste,PB,Comercial,14.41,33.42,80.57,192.6,29.2,5952418,269.31,Crítico
2024,9,2024-09-01,Centro-Oeste,DF,Industrial,3.66,20.83,88.99,34.5,26.8,3124790,397.36,Médio
2024,9,2024-09-01,Centro-Oeste,GO,Agrícola,37.6,35.39,44.32,84.6,30.5,820606,134.11,Alto
2024,9,2024-09-01,Centro-Oeste,GO,Agrícola,4.55,28.64,46.01,91.1,24.7,3857115,141.63,Baixo
2024,9,2024-09-01,Centro-Oeste,MT,Industrial,38.75,18.61,18.21,66.7,24.2,4486537,271.15,Crítico
2024,9,2024-09-01,Centro-Oeste,MS,Comercial,27.75,5.63,97.83,99.7,23.8,3839316,324.16,Alto
2024,9,2024-09-01,Sudeste,SP,Industrial,33.4,10.59,24.27,108.5,28.6,1000291,326.4,Crítico
2024,9,2024-09-01,Sudeste,SP,Público,7.99,9.22,33.2,153.0,20.9,1307136,309.18,Alto
2024,9,2024-09-01,Sudeste,SP,Comercial,11.82,27.29,24.48,62.1,24.5,1259253,117.6,Médio
2024,9,2024-09-01,Sudeste,RJ,Comercial,21.88,23.04,54.51,145.1,21.6,271641,426.33,Baixo
2024,9,2024-09-01,Sudeste,RJ,Comercial,16.53,28.78,13.81,116.0,28.3,4354335,331.72,Alto
2024,9,2024-09-01,Sudeste,RJ,Comercial,35.81,25.12,53.62,147.5,26.5,2360580,249.47,Crítico
2024,9,2024-09-01,Sudeste,RJ,Agrícola,4.92,36.21,88.69,113.2,25.2,5358077,201.11,Alto
2024,9,2024-09-01,Sudeste,MG,Industrial,14.21,23.41,73.72,154.3,22.9,3179434,226.91,Médio
2024,9,2024-09-01,Sudeste,MG,Comercial,6.91,20.97,33.61,81.4,27.2,467919,140.33,Baixo
2024,9,2024-09-01,Sudeste,MG,Público,23.13,18.72,33.44,55.4,29.4,2903721,371.32,Alto
2024,9,2024-09-01,Sudeste,ES,Residencial,29.28,40.29,8.38,78.1,23.9,2929340,186.01,Médio
2024,9,2024-09-01,Sudeste,ES,Agrícola,6.09,20.03,99.34,163.6,25.9,1207004,299.73,Alto
2024,9,2024-09-01,Sudeste,ES,Público,2.08,35.23,22.32,75.9,24.7,4132903,300.23,Baixo
2024,9,2024-09-01,Sul,PR,Público,12.91,25.46,76.34,128.2,29.5,4183914,286.88,Crítico
2024,9,2024-09-01,Sul,PR,Comercial,33.07,40.98,21.97,143.7,32.2,3697802,203.27,Médio
2024,9,2024-09-01,Sul,SC,Residencial,33.97,7.2,90.61,63.4,26.5,5405432,267.38,Baixo
2024,9,2024-09-01,Sul,SC,Residencial,28.24,43.71,5.06,187.5,23.9,3723435,99.88,Médio
2024,9,2024-09-01,Sul,RS,Residencial,2.02,5.84,79.63,82.0,29.1,4830649,379.75,Médio
2024,9,2024-09-01,Sul,RS,Comercial,33.06,34.7,85.4,145.1,24.5,4121333,425.34,Médio
2024,10,2024-10-01,Norte,AM,Industrial,37.8,10.8,57.97,125.7,27.3,2015016,178.38,Alto
2024,10,2024-10-01,Norte,PA,Residencial,7.69,21.85,37.65,118.6,23.5,807114,423.32,Médio
2024,10,2024-10-01,Norte,PA,Público,4.42,46.99,47.52,59.2,27.7,5560222,87.83,Crítico
2024,10,2024-10-01,Norte,RO,Industrial,33.07,52.27,29.79,142.6,24.9,5547181,228.43,Crítico
2024,10,2024-10-01,Norte,TO,Residencial,34.69,7.63,97.19,223.1,31.1,1052650,147.02,Médio
2024,10,2024-10-01,Nordeste,BA,Comercial,12.18,22.5,68.27,232.7,21.1,4204297,234.97,Crítico
2024,10,2024-10-01,Nordeste,BA,Comercial,28.97,47.22,19.4,50.4,33.1,630356,241.82,Alto
2024,10,2024-10-01,Nordeste,PE,Público,16.18,11.51,65.0,97.2,25.0,5241986,263.56,Crítico
2024,10,2024-10-01,Nordeste,PE,Residencial,19.11,20.44,16.2,122.6,28.0,1484433,340.07,Crítico
2024,10,2024-10-01,Nordeste,CE,Agrícola,17.31,10.85,89.12,301.0,29.2,535009,328.96,Crítico
2024,10,2024-10-01,Nordeste,CE,Agrícola,9.78,31.32,54.98,12.3,26.8,5648934,443.96,Crítico
2024,10,2024-10-01,Nordeste,MA,Residencial,30.66,17.65,10.95,81.9,24.8,3511284,377.41,Médio
2024,10,2024-10-01,Nordeste,PB,Residencial,30.76,42.68,99.83,95.7,26.4,1140041,195.89,Baixo
2024,10,2024-10-01,Centro-Oeste,DF,Industrial,30.97,43.4,40.65,175.6,22.0,1018515,162.34,Alto
2024,10,2024-10-01,Centro-Oeste,GO,Público,31.61,29.39,6.36,60.9,22.8,3679212,183.65,Crítico
2024,10,2024-10-01,Centro-Oeste,GO,Público,6.31,44.34,8.73,308.4,22.5,5090702,165.99,Alto
2024,10,2024-10-01,Centro-Oeste,MT,Comercial,34.69,48.55,55.93,99.2,20.8,5627225,102.21,Médio
2024,10,2024-10-01,Centro-Oeste,MS,Público,31.43,50.11,37.15,23.8,20.7,1099161,202.71,Alto
2024,10,2024-10-01,Sudeste,SP,Agrícola,6.77,25.11,10.83,111.8,28.5,1044382,144.39,Alto
2024,10,2024-10-01,Sudeste,SP,Comercial,27.65,6.08,39.2,106.5,29.5,640869,102.06,Baixo
2024,10,2024-10-01,Sudeste,SP,Agrícola,8.54,48.87,64.1,54.8,25.0,165326,105.18,Alto
2024,10,2024-10-01,Sudeste,RJ,Comercial,11.24,26.57,77.17,73.6,25.3,5810167,349.69,Alto
2024,10,2024-10-01,Sudeste,RJ,Industrial,9.57,8.11,19.08,59.0,26.9,3039261,94.91,Baixo
2024,10,2024-10-01,Sudeste,RJ,Público,7.99,32.92,18.39,114.6,25.1,700637,303.9,Crítico
2024,10,2024-10-01,Sudeste,RJ,Público,24.25,29.93,19.71,43.4,26.5,2112463,406.59,Alto
2024,10,2024-10-01,Sudeste,MG,Agrícola,25.62,21.79,16.72,21.6,26.5,340252,302.07,Baixo
2024,10,2024-10-01,Sudeste,MG,Comercial,16.92,8.77,5.1,15.4,25.3,5305042,196.87,Médio
2024,10,2024-10-01,Sudeste,MG,Agrícola,30.57,7.28,6.06,228.9,30.1,1672891,353.67,Alto
2024,10,2024-10-01,Sudeste,ES,Agrícola,18.47,52.25,80.64,136.0,25.2,4563216,109.07,Crítico
2024,10,2024-10-01,Sudeste,ES,Residencial,4.46,45.85,15.25,133.1,26.2,201028,425.47,Baixo
2024,10,2024-10-01,Sudeste,ES,Industrial,12.7,24.8,91.78,90.8,25.0,1875108,309.63,Baixo
2024,10,2024-10-01,Sul,PR,Agrícola,21.31,42.28,67.72,98.4,31.3,3886343,417.77,Médio
2024,10,2024-10-01,Sul,PR,Residencial,24.88,37.64,58.57,287.6,29.7,3617672,90.09,Alto
2024,10,2024-10-01,Sul,SC,Agrícola,13.18,18.11,33.19,74.3,34.0,5781365,160.18,Crítico
2024,10,2024-10-01,Sul,SC,Comercial,36.62,11.38,54.02,46.6,31.3,4790313,438.32,Baixo
2024,10,2024-10-01,Sul,RS,Industrial,36.99,7.93,9.24,187.0,23.6,3792958,97.2,Médio
2024,10,2024-10-01,Sul,RS,Agrícola,18.69,50.4,37.94,55.8,26.6,446759,321.49,Alto
2024,11,2024-11-01,Norte,AM,Comercial,25.18,28.32,87.89,170.9,28.1,4462900,158.26,Baixo
2024,11,2024-11-01,Norte,PA,Comercial,10.59,18.93,72.12,118.8,24.2,705745,254.12,Crítico
2024,11,2024-11-01,Norte,PA,Industrial,23.41,28.26,24.83,37.7,28.9,2882367,340.53,Médio
2024,11,2024-11-01,Norte,RO,Público,24.63,48.48,97.18,61.4,26.3,4470603,250.79,Crítico
2024,11,2024-11-01,Norte,TO,Comercial,23.94,42.64,88.08,125.9,27.2,5717522,311.26,Crítico
2024,11,2024-11-01,Nordeste,BA,Público,31.43,34.53,36.14,20.8,27.4,1353664,243.25,Médio
2024,11,2024-11-01,Nordeste,BA,Público,35.99,49.85,18.64,90.7,22.7,3216122,415.93,Alto
2024,11,2024-11-01,Nordeste,PE,Residencial,11.83,31.9,61.99,126.2,29.9,5838280,147.2,Crítico
2024,11,2024-11-01,Nordeste,PE,Residencial,13.68,25.64,24.85,39.6,27.0,5371242,366.89,Médio
2024,11,2024-11-01,Nordeste,CE,Comercial,26.37,17.35,5.5,227.4,24.9,2401319,231.84,Crítico
2024,11,2024-11-01,Nordeste,CE,Residencial,10.1,23.2,26.09,151.7,25.2,5056832,444.21,Baixo
2024,11,2024-11-01,Nordeste,MA,Residencial,6.16,36.1,22.2,87.2,25.0,1147691,247.3,Médio
2024,11,2024-11-01,Nordeste,PB,Residencial,4.26,27.52,82.11,145.6,31.2,2114670,235.17,Médio
2024,11,2024-11-01,Centro-Oeste,DF,Comercial,7.89,22.08,74.92,47.1,25.8,5924554,257.79,Alto
2024,11,2024-11-01,Centro-Oeste,GO,Agrícola,28.39,11.53,27.53,84.9,26.9,810461,135.29,Médio
2024,11,2024-11-01,Centro-Oeste,GO,Industrial,24.61,31.29,35.69,62.7,27.6,858913,302.46,Baixo
2024,11,2024-11-01,Centro-Oeste,MT,Residencial,22.13,11.67,52.01,143.2,21.9,2968090,164.82,Crítico
2024,11,2024-11-01,Centro-Oeste,MS,Residencial,8.13,44.69,69.54,91.7,29.1,2809936,161.96,Baixo
2024,11,2024-11-01,Sudeste,SP,Industrial,35.38,52.5,77.76,46.1,27.2,560459,211.42,Médio
2024,11,2024-11-01,Sudeste,SP,Industrial,5.78,41.75,26.2,43.1,25.6,5371637,443.34,Crítico
2024,11,2024-11-01,Sudeste,SP,Residencial,28.41,16.0,11.68,136.3,27.9,1854069,400.65,Médio
2024,11,2024-11-01,Sudeste,RJ,Agrícola,36.05,36.95,20.51,123.2,27.8,5738026,336.26,Alto
2024,11,2024-11-01,Sudeste,RJ,Público,14.56,25.81,32.96,44.2,27.8,2591917,218.06,Médio
2024,11,2024-11-01,Sudeste,RJ,Agrícola,37.7,18.22,5.38,132.4,33.6,5735876,239.39,Baixo
2024,11,2024-11-01,Sudeste,RJ,Agrícola,30.1,9.82,81.72,171.7,29.3,1806904,325.92,Baixo
2024,11,2024-11-01,Sudeste,MG,Comercial,38.35,53.12,86.07,117.2,27.9,1749422,262.52,Baixo
2024,11,2024-11-01,Sudeste,MG,Agrícola,24.99,26.56,26.5,85.1,29.1,3586838,199.76,Baixo
2024,11,2024-11-01,Sudeste,MG,Agrícola,10.22,33.95,27.62,112.1,25.3,3180211,257.79,Médio
2024,11,2024-11-01,Sudeste,ES,Agrícola,39.84,43.08,35.38,123.4,23.0,3026125,168.86,Médio
2024,11,2024-11-01,Sudeste,ES,Comercial,27.8,8.68,96.19,252.1,24.8,4913101,358.51,Médio
2024,11,2024-11-01,Sudeste,ES,Industrial,11.89,22.17,75.69,117.2,21.6,5838839,170.28,Crítico
2024,11,2024-11-01,Sul,PR,Agrícola,27.87,38.4,57.6,117.4,27.8,4377126,379.36,Crítico
2024,11,2024-11-01,Sul,PR,Público,36.55,25.2,52.61,64.7,22.6,2093017,391.86,Baixo
2024,11,2024-11-01,Sul,SC,Agrícola,17.37,15.56,83.95,85.6,21.5,5776213,353.0,Crítico
2024,11,2024-11-01,Sul,SC,Público,21.89,31.85,60.43,115.1,28.0,3851073,390.85,Crítico
2024,11,2024-11-01,Sul,RS,Industrial,12.09,14.61,72.07,149.7,30.6,2545812,367.47,Médio
2024,11,2024-11-01,Sul,RS,Comercial,4.99,20.16,10.14,123.0,29.1,5164696,139.89,Baixo
2024,12,2024-12-01,Norte,AM,Público,35.03,36.1,17.09,118.8,25.0,5328946,302.77,Alto
2024,12,2024-12-01,Norte,PA,Público,37.13,14.93,60.24,172.9,28.9,875355,286.08,Alto
2024,12,2024-12-01,Norte,PA,Público,12.68,27.19,40.66,131.5,26.3,4058361,337.04,Médio
2024,12,2024-12-01,Norte,RO,Público,21.49,15.49,21.64,87.3,22.6,5194788,445.93,Crítico
2024,12,2024-12-01,Norte,TO,Comercial,17.27,13.58,31.37,43.9,24.1,2008227,353.9,Baixo
2024,12,2024-12-01,Nordeste,BA,Residencial,35.75,13.61,38.35,86.4,26.0,2052552,425.5,Crítico
2024,12,2024-12-01,Nordeste,BA,Residencial,19.62,53.66,90.65,106.1,30.7,4655440,347.94,Baixo
2024,12,2024-12-01,Nordeste,PE,Residencial,34.68,39.21,9.38,158.9,26.4,2613730,191.13,Crítico
2024,12,2024-12-01,Nordeste,PE,Industrial,21.31,13.44,70.97,83.9,29.6,2399536,312.98,Baixo
2024,12,2024-12-01,Nordeste,CE,Comercial,8.99,33.82,87.78,110.2,23.0,4707916,311.93,Crítico
2024,12,2024-12-01,Nordeste,CE,Agrícola,12.69,49.27,47.55,80.4,28.6,1213786,384.44,Crítico
2024,12,2024-12-01,Nordeste,MA,Agrícola,35.65,7.51,27.88,108.8,23.8,1065264,205.54,Médio
2024,12,2024-12-01,Nordeste,PB,Público,26.34,42.98,62.46,151.3,24.7,4039788,253.89,Crítico
2024,12,2024-12-01,Centro-Oeste,DF,Residencial,29.5,37.65,28.16,200.9,29.0,4395284,288.8,Crítico
2024,12,2024-12-01,Centro-Oeste,GO,Residencial,15.03,17.25,37.1,167.3,24.1,4179872,168.39,Crítico
2024,12,2024-12-01,Centro-Oeste,GO,Comercial,37.22,26.93,78.78,110.8,27.4,3697313,338.12,Alto
2024,12,2024-12-01,Centro-Oeste,MT,Comercial,27.79,49.75,72.32,165.7,25.8,3766532,334.59,Médio
2024,12,2024-12-01,Centro-Oeste,MS,Industrial,9.12,7.89,8.09,95.8,30.5,3543117,312.19,Baixo
2024,12,2024-12-01,Sudeste,SP,Residencial,21.34,53.21,16.31,38.6,22.2,2391027,304.71,Baixo
2024,12,2024-12-01,Sudeste,SP,Agrícola,9.26,38.14,17.95,63.5,28.1,4737080,326.53,Alto
2024,12,2024-12-01,Sudeste,SP,Industrial,35.83,20.81,90.13,76.9,20.6,1567698,120.85,Crítico
2024,12,2024-12-01,Sudeste,RJ,Residencial,22.45,12.94,93.41,37.0,25.9,3739014,145.73,Baixo
2024,12,2024-12-01,Sudeste,RJ,Comercial,9.96,20.94,49.24,119.8,27.7,4102670,284.1,Alto
2024,12,2024-12-01,Sudeste,RJ,Industrial,3.28,50.98,14.89,134.8,24.1,2785882,257.49,Baixo
2024,12,2024-12-01,Sudeste,RJ,Residencial,8.29,21.34,50.5,224.6,23.3,2254582,225.38,Médio
2024,12,2024-12-01,Sudeste,MG,Público,34.71,16.65,31.15,213.4,28.2,5753175,201.65,Alto
2024,12,2024-12-01,Sudeste,MG,Industrial,7.71,34.03,54.2,15.8,26.0,2135205,287.24,Médio
2024,12,2024-12-01,Sudeste,MG,Agrícola,38.65,12.37,63.01,109.9,27.8,435375,248.96,Médio
2024,12,2024-12-01,Sudeste,ES,Residencial,10.8,10.97,70.47,104.0,23.6,395443,275.35,Baixo
2024,12,2024-12-01,Sudeste,ES,Residencial,12.18,46.28,96.04,142.5,23.3,2000782,305.04,Baixo
2024,12,2024-12-01,Sudeste,ES,Agrícola,26.87,51.36,36.95,143.1,28.1,1932787,280.67,Baixo
2024,12,2024-12-01,Sul,PR,Industrial,10.04,40.34,20.63,45.1,26.3,1350195,377.46,Baixo
2024,12,2024-12-01,Sul,PR,Residencial,28.2,51.84,74.92,143.2,28.8,1635255,128.65,Alto
2024,12,2024-12-01,Sul,SC,Comercial,23.39,32.27,55.99,117.3,24.6,167390,177.71,Baixo
2024,12,2024-12-01,Sul,SC,Público,21.68,47.41,46.61,77.2,25.5,4538686,125.5,Médio
2024,12,2024-12-01,Sul,RS,Residencial,14.04,5.26,14.54,60.2,26.4,4818017,317.72,Crítico
2024,12,2024-12-01,Sul,RS,Comercial,9.63,20.35,55.74,86.5,23.9,2092347,175.19,Crítico
